seed	User CPU Time (s)	System CPU Time (s)	Wall-clock Time (s)	CPU Utilization (%)	Effective CPU Cores	Core-hours (h)	Peak RSS (GiB)	Peak GPU Utilization (%)	Average GPU Utilization (%)	Peak GPU Memory Usage (GiB)	Average GPU Memory Usage (GiB)	ntgt	Archaic Precision (%)	Archaic Recall (%)	Archaic F1-score (%)	Archaic Ratio (%)	Denisovan Precision (%)	Denisovan Recall (%)	Denisovan F1-score (%)	Denisovan Ratio (%)	Neanderthal Precision (%)	Neanderthal Recall (%)	Neanderthal F1-score (%)	Neanderthal Ratio (%)	Archaic Segment Precision (%)	Denisovan Segment Precision (%)	Neanderthal Segment Precision (%)	Mosaic Segment Precision (%)	Archaic Classification Accuracy (%)	Denisovan Fraction in Mosaic Segs (%)	Neanderthal Fraction in Mosaic Segs (%)	Denisovan Fraction in Nean Segments (%)	Neanderthal Fraction in Den Segments (%)
605436607	31.48	11.19	30.75	138.0	1.3876422764227645	0.0118527777777777	1.4569740295410156	100.0	100.0	16.1728515625		605436607.0	94.41767328326986	83.30473250626427	88.04491121409745	88.08350319419496	99.92962230637757	98.44700813287652	99.18150330512312	98.51584479331513	90.86843155624774	76.69864449752967	82.23127419905964	84.11940799192973	70.0	100.0	57.14285714285714	0.0	100.0			0.0	0.0
415416925	27.0	7.74	21.16	164.0	1.6417769376181477	0.00965	1.4628562927246094	100.0	76.8	5.232421875		415416925.0	89.92083408252937	94.59026223006936	92.1555252202524	105.5494560012177	99.66008616407888	87.63321591308943	93.0362054948326	87.91149870299715	25.13921936965143	30.95240542763158	55.489161733201264	74.76862737755181	71.42857142857143	100.0	20.0	100.0	80.0	50.0	50.0	0.0	0.0
873284698	29.3	9.89	27.3	143.0	1.435531135531135	0.0108861111111111	1.461395263671875	100.0	100.0	17.0537109375		873284698.0	78.99651145747046	86.42519863247398	82.32939958870809	109.11340813169244	85.18782721491587	94.3474014416899	89.47711840341344	111.27393145813971	64.65182746387768	79.89368504970744	69.1567041767231	132.15457225868846	58.333333333333336	71.42857142857143	40.0	0.0	100.0			0.0	0.0
96304274	22.71	5.76	17.82	159.0	1.5976430976430975	0.0079083333333333	1.46173095703125	95.0	45.75	3.029296875		96304274.0	95.76128629811087	91.4759963044374	93.56526650273136	95.4997804498764	99.7958166988733	97.37364891017732	98.56506180957378	97.57135598695788	93.37514742731014	87.02964121763473	90.04381592488394	93.09820430237204	95.45454545454544	100.0	92.85714285714286	100.0	95.23809523809524	0.0	100.0	0.0	0.0
822523758	24.01	5.69	17.68	168.0	1.6798642533936654	0.00825	1.4646415710449219	99.0	48.75	2.263671875		822523758.0	95.77722313131912	95.29028348074392	95.500970718896	99.61063160801687	98.4311127341557	95.28627432506832	96.82325142310404	96.7939098209499	88.14468382351441	91.23806770256456	89.5401909863457	104.35680062713142	91.66666666666666	100.0	85.71428571428571	0.0	90.9090909090909			16.666666666666664	0.0
951670089	25.07	6.41	18.06	174.0	1.7430786267995573	0.0087444444444444	1.4593696594238281	76.0	35.0	3.029296875		951670089.0	98.00393328561172	92.77884228320416	95.2746243656193	94.6621263299066	99.6622074882525	91.81639289379304	95.57011367426	92.12911484797732	95.86253520657272	79.73135021025995	87.0557207888794	83.16496974441199	92.0	100.0	90.0	50.0	95.65217391304348	0.0	100.0	0.0	0.0
188799541	24.49	5.49	23.25	128.0	1.2894623655913977	0.0083277777777777	1.4579353332519531	96.0	21.4	2.263671875		188799541.0	85.69148058493431	85.44679583193985	85.56126581923485	100.00565071378892	99.45330692433286	97.88176958481036	98.66067337887569	98.42250832526636	48.69909297871571	45.23226152916695	93.80340021229574	103.58966595708452	85.71428571428571	100.0	50.0	0.0	100.0			0.0	0.0
23113594	24.87	6.67	22.1	142.0	1.427149321266968	0.0087611111111111	1.4608383178710938	100.0	94.0	5.662109375		23113594.0	92.8435340188934	94.9455301903466	93.84614105424762	102.3538896437986	97.76291096925286	97.577462011835	97.66748921463513	99.8321649220329	44.626199423895	43.62532712546077	88.24017552352153	124.97442518746271	78.57142857142857	100.0	33.33333333333333	0.0	90.9090909090909			0.0	10.0
879800109	24.39	6.4	16.84	182.0	1.8283847980997625	0.0085527777777777	1.457489013671875	96.0	27.625	3.1796875		879800109.0	94.7430712591928	98.11924475631808	96.3980248540416	103.59218059575012	96.69832136438872	98.32833596746164	97.5032850632038	101.68438470461484	99.70161455139996	87.87693194509492	93.41656773007544	88.13992866664265	92.85714285714286	100.0	50.0	0.0	100.0			0.0	0.0
163398153	26.48	8.23	22.89	151.0	1.5163826998689385	0.0096416666666666	1.4614410400390625	100.0	100.0	16.509765625		163398153.0	96.29504045160282	93.03311769666244	94.62783707994488	96.59333667214244	98.96916828697852	86.14716330671438	91.6786076138851	86.97920264353195	45.366405986842906	40.36615751272885	85.44093003170042	84.41844782726639	88.23529411764706	100.0	60.0	100.0	86.66666666666667	50.0	50.0	0.0	0.0
644363922	26.04	7.62	21.67	155.0	1.5532994923857866	0.0093499999999999	1.4607963562011719	100.0	64.0	5.818359375		644363922.0	96.05223799370523	93.03668979147116	94.37352517204148	96.94960882501944	98.27340574732789	96.57702960835223	97.41743072423692	98.27538436697895	93.03244695758862	88.32006932495874	90.14909467901968	95.30888138690948	85.71428571428571	100.0	70.0	100.0	94.44444444444444	100.0	0.0	0.0	0.0
476727767	23.44	5.72	16.95	172.0	1.720353982300885	0.0081	1.4659271240234375	95.0	33.0	2.263671875		476727767.0	95.69229549001469	90.00057808771658	92.75015501944677	94.05599655599885	99.46863975914796	70.43323845702164	80.7495820086123	70.89538464653835	94.51923774406032	85.02728488557662	89.50666102390699	89.93826721790211	84.61538461538461	100.0	80.0	100.0	95.45454545454544	100.0	0.0	0.0	0.0
85784643	24.81	6.62	20.75	151.0	1.514698795180723	0.0087305555555555	1.4616775512695312	100.0	78.8	3.69140625		85784643.0	96.2373002719658	93.45575644741794	94.78311361445012	97.22682751725436	97.92297261888572	82.82296402134409	89.11369478725038	84.30349684493635	96.57254360378523	92.08958858144273	94.24147457007766	95.44108691709772	95.0	100.0	92.85714285714286	100.0	94.73684210526316	100.0	0.0	0.0	0.0
645934848	25.76	7.03	20.0	164.0	1.6395	0.0091083333333333	1.4615058898925781	100.0	62.0	3.443359375		645934848.0	93.0501281060454	95.3084374247304	94.15254000191275	102.47029783018378	96.2348154622285	96.84155298382558	96.50180657465572	100.73936636591496					77.77777777777779	85.71428571428571	0.0	100.0	85.71428571428571	0.0	100.0		0.0
771067718	25.55	7.29	21.76	150.0	1.5091911764705883	0.0091222222222222	1.4570236206054688	100.0	52.8	4.998046875		771067718.0	87.66412462218473	88.66745904817658	88.14847105132998	101.2750937942976	98.64300170525772	98.3886281328996	98.5089869835548	99.75650574377876	67.92427546417348	69.90379271354364	68.71535385995189	105.18051068096712	75.0	100.0	58.333333333333336	0.0	100.0			0.0	0.0
909988547	27.85	9.1	26.89	137.0	1.3741167720342136	0.0102638888888888	1.4629287719726562	100.0	99.16666666666669	15.8837890625		909988547.0	95.55661419725756	94.8344541700924	95.08561389524095	99.46587125640988	99.5542231501794	98.4359134214487	98.99189327156816	98.87689484604998	93.61498461559192	91.98882243331198	92.50110115284122	98.8032940430016	92.85714285714286	100.0	88.88888888888889	0.0	100.0			0.0	0.0
707177822	24.75	5.69	18.48	164.0	1.6471861471861473	0.0084555555555555	1.4614219665527344	94.0	23.5	2.263671875		707177822.0	95.11605357691626	90.7405144366242	92.85166813788288	95.5164273325552	95.96869041783174	95.57474026040936	95.76330732812592	99.66553453639423	93.42369329779132	82.86744473449713	87.70530034154196	88.86410122664523	86.95652173913044	83.33333333333334	90.9090909090909	0.0	100.0			0.0	0.0
730610640	23.21	5.59	17.44	165.0	1.6513761467889907	0.008	1.4619636535644531	99.0	48.75	2.263671875		730610640.0	97.27614320301883	92.50603892760064	94.81465823555313	95.0998642055658	99.74048041202296	98.27580623192932	99.00270680311472	98.5317430501944	95.12258333743527	89.18249730215231	92.04418243872756	93.797382754881	89.47368421052632	100.0	83.33333333333334	0.0	100.0			0.0	0.0
804082805	28.44	8.67	25.05	148.0	1.4814371257485028	0.0103083333333333	1.4618949890136719	100.0	83.33333333333333	16.2509765625		804082805.0	93.58272992686528	95.87783029773529	94.70181831011746	102.49758921828172	98.3462478605593	85.58642564801903	91.44565183922585	87.08444560447252	75.08375385048507	65.48042968092342	69.95379335847085	87.2735474384556	72.72727272727273	88.88888888888889	54.54545454545454	100.0	87.5	0.0	100.0	0.0	0.0
530501722	26.31	6.68	20.88	157.0	1.5799808429118771	0.0091638888888888	1.454925537109375	100.0	74.2	12.2470703125		530501722.0	96.5432247012269	93.33176523389602	94.90761525813282	96.66804176414551	99.65547084639998	72.26051166361171	81.29756918214332	72.54135975009504	73.93510330980163	48.21459808141677	52.56462885081292	58.76497311672079	89.47368421052632	100.0	71.42857142857143	100.0	94.11764705882352	0.0	100.0	0.0	0.0
55712385	24.34	5.68	18.05	166.0	1.663157894736842	0.0083388888888888	1.4579086303710938	81.0	32.0	3.029296875		55712385.0	97.40383741719351	94.75342870923753	96.05955687203983	97.27683019167824	99.70166395460691	96.45526107701644	98.04089105178778	96.74198368311812	96.52508341435528	92.2522424289284	94.33958371095837	95.57517936579684	93.33333333333331	100.0	92.0	100.0	96.42857142857144	100.0	0.0	0.0	0.0
730752338	32.7	11.07	31.24	140.0	1.4010883482714471	0.0121583333333333	1.4625015258789062	100.0	70.57142857142857	18.9462890625		730752338.0	94.7503935958846	89.68538172919936	91.86396506401468	94.81430176659748	98.86908347959334	80.05890429739722	87.23145343408602	81.0512786803834	92.66190456037909	82.13692175661924	86.34446413558754	89.16190640197794	86.95652173913044	100.0	81.25	100.0	90.0	0.0	100.0	0.0	0.0
413732528	29.29	9.81	29.39	133.0	1.3303844845185435	0.0108611111111111	1.46124267578125	100.0	91.5	19.6337890625		413732528.0	96.14495687035824	97.77317615283948	96.94461489713176	101.72807578715944	99.83657896317176	95.63512502424174	97.65959244926442	95.79351959937944	86.44396629361492	95.46096404441568	90.5593670285608	111.25022187436043	83.33333333333334	100.0	66.66666666666666	100.0	93.33333333333331	100.0	0.0	0.0	0.0
269091714	24.32	6.59	18.32	168.0	1.6872270742358078	0.0085861111111111	1.4609222412109375	96.0	46.25	2.984375		269091714.0	90.7802402626159	91.25492450771016	91.00811779535042	100.6554776099286	92.72651024876824	98.7831096123824	95.53303677428067	107.11085556907962	85.98522942012754	79.7988417873623	82.76490800592859	92.92332407388643	63.63636363636363	80.0	60.0	0.0	100.0			0.0	0.0
475810100	25.54	7.51	23.41	141.0	1.4117898334045278	0.0091805555555555	1.4732398986816406	100.0	75.6	5.939453125		475810100.0	96.65791136136328	94.8401554419899	95.69332208441938	98.26600120484407	99.78338809600854	95.66362814100204	97.6698391032802	95.87380109095083	78.68778552536668	91.25850359896128	84.50822428146812	115.97543759767156	80.0	100.0	33.33333333333333	0.0	100.0			0.0	0.0
719498251	27.47	7.45	18.9	184.0	1.847619047619048	0.0097	1.47320556640625	100.0	98.75	16.46875		719498251.0	95.85360551176484	90.1033794522182	92.88887291300048	93.99527102972492	98.8274141862949	96.6118357087629	97.69896928555312	97.75653407728244	94.06706630320978	86.73794075576544	90.25354344704746	92.20013299307846	91.30434782608695	100.0	86.66666666666667	0.0	100.0			0.0	0.0
559636538	23.58	5.77	19.75	148.0	1.4860759493670883	0.0081527777777777	1.4614715576171875	98.0	23.875	2.751953125		559636538.0	94.5662412852122	94.92692709532788	94.7446485116013	100.3774124299388	99.20529560142391	89.51826432876723	93.88626819024904	90.25639169123336	70.52019378873305	73.38090717561442	71.59264366238193	104.74284365382746	92.85714285714286	100.0	75.0	100.0	92.3076923076923	100.0	0.0	0.0	0.0
602518943	29.48	9.77	27.16	144.0	1.445139911634757	0.0109027777777777	1.4619216918945312	100.0	100.0	16.6416015625		602518943.0	75.0317932380553	88.35103957975412	80.48353408827955	123.33196842670876	99.90221692563904	91.12641542303	95.31273725114822	91.2156088496603	62.78647271290792	86.13940349243614	72.57458083072441	137.98912002174123	71.42857142857143	100.0	50.0	0.0	100.0			0.0	0.0
406424302	25.28	6.25	24.52	128.0	1.285889070146819	0.0087583333333333	1.4580192565917969	80.0	30.4	2.263671875		406424302.0	93.48527805450787	85.5853205556331	89.3179109251399	91.44298894418512	99.75934419611318	81.02226877362358	89.41980619999197	81.21772394007013	92.60212383435557	81.23248989138361	86.54524236086476	87.71692705260656	84.78260869565217	100.0	83.33333333333334	100.0	97.43589743589745	100.0	0.0	0.0	0.0
666058199	23.88	5.86	18.31	162.0	1.6242490442381212	0.0082611111111111	1.4583244323730469	55.0	13.75	2.263671875		666058199.0	95.72351614022452	91.0788109350955	93.34336291426908	95.14626312915492	97.99483007900923	92.7308023639777	95.12769022214128	94.7882675309276	87.81738800347432	71.74237730772907	77.9012670703124	80.78324386879665	100.0	100.0	100.0	0.0	100.0			0.0	0.0
82256758	25.71	7.29	21.74	151.0	1.517939282428703	0.0091666666666666	1.4581375122070312	100.0	73.0	4.998046875		82256758.0	87.5859906893429	95.26438516601824	91.1095590185502	109.52024597906424	90.86839222042715	61.41339763233261	70.02650658309736	65.02331742256555	57.820593320308014	47.69052593076899	51.27099533809727	82.11120561431156	66.66666666666666	100.0	40.0	100.0	83.33333333333334	100.0	0.0	0.0	0.0
844578985	25.15	6.49	18.05	175.0	1.7529085872576178	0.0087888888888888	1.4708251953125	100.0	73.5	2.912109375		844578985.0	91.65086801727284	90.8426449063282	91.23829851520875	99.16550675576904	96.10010053500316	99.39958096371734	97.7175718007991	103.45966710460551	91.46454983295008	84.65947799410876	87.77465024276117	92.87333011172622	83.33333333333334	80.0	83.33333333333334	100.0	93.33333333333331	0.0	100.0	0.0	0.0
329333415	24.55	6.4	18.26	169.0	1.694961664841183	0.0085972222222222	1.4631233215332031	94.0	45.75	2.263671875		329333415.0	84.97424403463162	94.88437413670871	89.33947412773814	112.99522146549926	99.9757042622264	98.118815675072	99.03794552597353	98.1425416320871	51.60664509622558	74.14795284552224	60.38104518241582	141.33871414878533	80.0	100.0	66.66666666666666	0.0	100.0			0.0	0.0
30133327	26.15	7.31	19.3	173.0	1.733678756476684	0.0092944444444444	1.4619064331054688	100.0	73.75	3.7890625		30133327.0	96.69130284063392	90.17258632133648	93.30512374684692	93.25959686757724	99.679706178633	97.05828201621516	98.344210528663	97.36709828178223	93.92243041653688	84.11123497994302	88.70299268906192	89.51966733186545	90.0	100.0	84.61538461538461	0.0	100.0			0.0	0.0
185700291	23.44	5.5	17.65	163.0	1.639660056657224	0.0080388888888888	1.4601325988769531	100.0	49.0	2.263671875		185700291.0	93.46994107554026	94.54915591075442	93.99009934007496	101.1890853225282	99.1016941229027	77.06527803360039	85.75239610772078	77.66911224781047	88.67904256084984	75.93502822993243	81.11076463596343	84.98115340319595	78.57142857142857	100.0	68.75	66.66666666666666	90.9090909090909	50.0	50.0	0.0	0.0
118336671	23.61	5.78	18.28	160.0	1.6077680525164113	0.0081638888888888	1.4612808227539062	79.0	22.0	2.263671875		118336671.0	97.4919349730538	95.43892257387704	96.45212144205668	97.89958393853556	98.99287131013676	70.51486731206843	78.91382552633277	71.06910757301988	93.58140382799972	75.81088481389338	83.66204562810975	81.07209565338933	94.11764705882352	100.0	88.88888888888889	100.0	93.75	0.0	100.0	0.0	0.0
495695047	31.21	10.51	30.45	137.0	1.3701149425287356	0.0115888888888888	1.4528656005859375	100.0	86.71428571428571	17.0751953125		495695047.0	96.38901675171864	97.68891503650434	97.01862241630609	101.36992664093232	99.59138197668928	88.80186046595342	93.56224967045202	89.13941815004593	77.63781843607302	57.152848304623205	59.73892242862581	66.07590520650469	86.66666666666667	100.0	71.42857142857143	100.0	92.3076923076923	100.0	0.0	0.0	0.0
234630208	26.0	7.57	20.78	161.0	1.6154956689124158	0.009325	1.4631843566894531	100.0	80.6	5.193359375		234630208.0	83.50488064028946	88.42586529164407	85.6761088720062	107.23263805721336	85.98666857274567	61.918283831485205	68.09448288097926	66.86979839687804	80.91084490926684	70.8873539662246	73.40520991434019	92.92245102540213	66.66666666666666	66.66666666666666	62.5	100.0	87.5	100.0	0.0	0.0	0.0
106549519	30.4	9.62	28.06	142.0	1.4262295081967211	0.0111166666666666	1.4612007141113281	100.0	82.33333333333333	14.8857421875		106549519.0	97.69430411388429	87.92784053640017	92.38145014980944	90.03258271586277	99.67403835596384	98.76202672227195	99.21593673758188	99.08500583628926	95.19573815605932	84.28489645860037	89.2895174551216	88.73391794744312	90.0	100.0	85.71428571428571	0.0	100.0			0.0	0.0
616171128	23.11	5.29	17.63	161.0	1.6108905275099263	0.0078888888888888	1.4623794555664062	100.0	49.5	3.029296875		616171128.0	96.2951581918838	96.70470922006068	96.48284829895104	100.44604804006974	99.81205099773724	97.86091231019888	98.8260261839352	98.04484949426973	0.0	0.0		111.3413715146948	76.92307692307693	100.0	0.0	0.0	100.0				0.0
396913821	29.09	9.31	27.79	138.0	1.3817920115149334	0.0106666666666666	1.4644584655761719	100.0	82.83333333333333	19.4541015625		396913821.0	96.50723090058187	98.89677477840031	97.6829424460724	102.49291729868293	99.88839227416848	95.10603205329534	97.38716694676404	95.2171834324568	74.88203460526037	98.20953342341828	84.97285271723578	131.14656834668102	92.3076923076923	100.0	80.0	0.0	91.66666666666666			25.0	0.0
39183495	25.92	7.53	22.44	149.0	1.4906417112299466	0.0092916666666666	1.460723876953125	100.0	100.0	17.1708984375		39183495.0	98.31409628307549	96.63162509215996	97.46465775988771	98.29911350448428	98.06337665910692	96.7137313877196	97.3815972945247	98.6424799320082	99.257766417617	94.76055280508692	96.95703842414204	95.4691569487787	100.0	100.0	100.0	0.0	100.0			0.0	0.0
434705002	24.77	6.43	17.54	177.0	1.7787913340935009	0.0086666666666666	1.4593887329101562	96.0	48.0	2.984375		434705002.0	97.67381725001268	94.59187720160617	96.09362701753152	96.88434171077738	98.52794173185922	94.87858960334034	96.59195820157872	96.34132437871	79.04677056175132	49.98872152064175	60.86381069298813	60.739330660502176	92.0	100.0	81.81818181818183	100.0	82.6086956521739	33.33333333333333	66.66666666666666	0.0	9.090909090909092
110807250	23.35	5.73	16.91	171.0	1.719692489651094	0.0080777777777777	1.4614219665527344	100.0	49.0	2.263671875		110807250.0	93.27811119173268	90.08919172426148	91.56978784700333	96.69437707966522	96.07874392674066	97.51096547815156	96.78259743506636	101.51713592854972	91.49338336182184	87.12452496573044	89.06319217298503	95.5872148894234	88.23529411764706	100.0	80.0	0.0	100.0			0.0	0.0
840918177	25.78	7.3	19.36	170.0	1.7086776859504131	0.0091888888888888	1.4608192443847656	100.0	76.75	3.048828125		840918177.0	92.06921230134232	91.63999208145538	91.7832092952684	99.79310676242478	97.9744361195318	87.90777061831605	92.57410727605388	89.76842165272416	83.43092283544729	90.70980283383594	86.76475208705861	109.37901197564469	87.5	100.0	77.77777777777779	0.0	100.0			0.0	0.0
954076577	23.42	5.67	19.48	149.0	1.4933264887063658	0.0080805555555555	1.4638671875	90.0	24.0	2.947265625		954076577.0	94.74077472819448	89.7069134881171	92.12163545859288	94.71887617026124	96.63990763558456	93.16971667099338	94.86511822588582	96.37318780962258	89.30488348135489	82.16166394049434	85.5811358947773	92.0831421811286	86.66666666666667	100.0	77.77777777777779	100.0	92.3076923076923	100.0	0.0	0.0	0.0
706362185	25.89	7.35	20.23	164.0	1.643104300543747	0.0092333333333333	1.461212158203125	100.0	80.0	3.70703125		706362185.0	92.64054516301331	97.5710881786828	94.95698874966811	105.71639005397728	99.4832211983956	90.89691595648722	94.81620802215828	91.35706404824133	79.08862743540766	90.57133763136896	84.06229631967369	115.73142518045852	76.92307692307693	100.0	66.66666666666666	0.0	90.0			16.666666666666664	0.0
778969369	28.7	9.63	29.03	132.0	1.3203582500861175	0.0106472222222222	1.4580307006835938	100.0	96.33333333333331	17.1318359375		778969369.0	91.32069741933984	94.51272412256398	92.86534926664342	103.54213688106267	97.9525674659006	91.14040348971432	94.40724464442972	93.0656791906656	87.08587153032404	99.08631664167667	92.69932664161296	113.78001379612304	83.33333333333334	100.0	60.0	0.0	100.0			0.0	0.0
398501727	25.39	6.69	19.45	164.0	1.6493573264781491	0.0089111111111111	1.4668083190917969	100.0	25.0	2.947265625		398501727.0	46.94663501515517	46.19036245691635	93.13085653777183	144.9314572382315	99.05574705721534	98.97910840095976	99.0174128996687	99.9226307826326	40.88025305421885	38.82144868665837	79.64851999781146	143.21882553657	75.0	100.0	57.14285714285714	0.0	100.0			0.0	0.0
433118444	27.61	8.82	24.39	149.0	1.4936449364493645	0.0101194444444444	1.4621391296386719	100.0	100.0	16.9931640625		433118444.0	90.5446488882966	97.24994820817008	93.77730989103556	107.4046142194216	98.962082756499	97.95298302293747	98.45469820461771	98.98361954313587	39.31158270387689	48.22006332508607	86.62499077250634	80.12973830497899	75.0	100.0	33.33333333333333	100.0	83.33333333333334	0.0	100.0	0.0	0.0
753442690	26.27	7.59	20.13	168.0	1.682066567312469	0.0094055555555555	1.4655303955078125	100.0	58.6	3.671875		753442690.0	79.62860024359192	86.64131012119049	82.46775983564915	113.27605109998552	100.0	87.21490410148718	93.04323395990755	87.21490410148718	73.13843321066177	86.43370563178286	77.98675963367144	129.6972326591475	72.72727272727273	100.0	57.14285714285714	0.0	100.0			0.0	0.0
138991691	27.57	7.52	25.37	138.0	1.3831296807252662	0.0097472222222222	1.4639892578125	100.0	89.66666666666667	16.607421875		138991691.0	96.76881857114395	94.60888672803328	95.6722435876856	97.75801056444	94.85734168866637	99.12240909509524	96.87944837424708	104.7360380102988	92.55412726424592	68.15813840650868	77.39814411508343	72.37905884490536	90.47619047619048	90.0	90.0	100.0	94.73684210526316	0.0	100.0	0.0	0.0
797715128	31.19	10.32	35.09	118.0	1.182958107722998	0.0115305555555555	1.46392822265625	100.0	99.375	17.1142578125		797715128.0	95.41693944816755	91.11045926789308	93.18857479440294	95.44946407790997	94.9939270852	97.92084857291808	96.4351840622246	103.0811669519599	97.14552022710832	88.90598529118645	92.835493138697	91.56776782855616	90.9090909090909	80.0	100.0	0.0	100.0			0.0	0.0
520477284	26.29	7.59	21.02	161.0	1.611798287345385	0.0094111111111111	1.4683837890625	100.0	60.6	3.453125		520477284.0	32.40090652937449	48.877678880055306	77.93841867635248	322.9041247721003					64.80181305874898	99.02071274605277	78.33747752075881	152.80546650181086	11.11111111111111	0.0	11.11111111111111	0.0	100.0			0.0	
581966102	25.88	7.57	20.16	165.0	1.659226190476191	0.0092916666666666	1.4610137939453125	100.0	82.2	5.271484375		581966102.0	95.00991627524895	94.34626671732812	94.6618566284732	99.31456801383108	98.21467754491582	96.34705106223872	97.2568493069857	98.11777535115984	46.25814571845782	45.24059469252904	91.48742429793748	134.59550278684927	78.57142857142857	100.0	50.0	0.0	100.0			0.0	0.0
143493819	28.5	8.94	25.28	148.0	1.481012658227848	0.0104	1.4657936096191406	100.0	99.5	16.3271484375		143493819.0	97.13679055669805	96.81582284742248	96.971027613158	99.68653491080886	99.63345563975926	97.51467741405624	98.54675973457306	97.88257995563188	89.61374527537943	90.8710772603063	90.21903351351708	101.6805179382512	90.0	100.0	83.33333333333334	0.0	100.0			0.0	0.0
314033317	31.03	10.81	30.62	136.0	1.3664271717831484	0.0116222222222222	1.4615745544433594	100.0	100.0	16.6416015625		314033317.0	91.00443358108228	93.1554162313468	92.05494459691432	102.384469581581	96.75106963176556	88.91846518676047	92.51302547333832	91.76502272383514	68.74780719015624	59.51737532082564	63.30489484852589	87.56715304951825	76.19047619047619	100.0	50.0	100.0	87.5	50.0	50.0	0.0	0.0
729924895	32.27	11.47	30.2	144.0	1.4483443708609272	0.01215	1.4683837890625	100.0	85.14285714285714	19.1416015625		729924895.0	89.57863439445678	92.50242860987704	90.86629723578548	103.78125621506489	98.77698447961512	96.81055939094298	97.78388677707102	98.00922745411611	87.6284709179364	89.43392183804177	88.32016222412543	102.45503648448278	75.0	100.0	66.66666666666666	0.0	100.0			0.0	0.0
359856494	25.74	7.39	20.14	164.0	1.644985104270109	0.0092027777777777	1.4651260375976562	100.0	76.4	3.80859375		359856494.0	93.90218130510128	97.3282205107445	95.57290851315544	103.70401546347962	98.32564522309936	96.8208717186658	97.5639326402628	98.4867149959572	73.408446666452	96.00005578407308	82.75763752738519	133.35295199065354	90.0	100.0	60.0	0.0	94.44444444444444			33.33333333333333	0.0
881549524	24.07	5.54	20.88	141.0	1.418103448275862	0.008225	1.4649848937988281	94.0	18.8	2.751953125		881549524.0	95.87902697395926	93.3971652625217	94.58396712083736	97.46550515871436	97.62983352596648	66.48134935369822	74.04349085000095	68.57376454526009	90.65606257863917	65.14160245614394	75.43077131090195	71.24048376381053	89.65517241379311	90.0	88.23529411764706	100.0	88.46153846153845	50.0	50.0	0.0	11.11111111111111
996276687	23.85	5.94	18.1	164.0	1.6458563535911603	0.008275	1.4631614685058594	93.0	23.25	2.263671875		996276687.0	96.79023119330672	93.27183044078878	94.95923263815668	96.45759332771011	99.27648326172316	87.41053649005494	92.96110590184024	88.04595673472222	92.76428471006868	73.98349566392594	80.97335904295768	81.35452161397798	84.21052631578947	100.0	66.66666666666666	100.0	87.5	100.0	0.0	0.0	0.0
711143523	23.5	5.62	18.81	154.0	1.548112706007443	0.0080888888888888	1.4618186950683594	97.0	24.25	2.263671875		711143523.0	90.8620280442616	93.34641620358192	92.02789280427942	102.95674308340077	99.53557168583902	96.3845423320744	97.9346627302332	96.83394288563284	65.71520841139285	76.56467983071761	70.2255303800936	120.0991181954718	88.88888888888889	100.0	75.0	100.0	87.5	100.0	0.0	16.666666666666664	0.0
882249430	25.76	6.82	21.6	150.0	1.508333333333333	0.0090499999999999	1.4588241577148438	100.0	60.0	12.3837890625		882249430.0	88.52240090472252	92.22981434900213	90.30675413103724	104.36549122429312	91.9138684665446	98.44383544859528	94.94862523137064	107.63334195157644	85.02336922542659	88.27975513271464	86.60450304116262	103.85636724537297	72.0	77.77777777777779	68.75	0.0	100.0			0.0	0.0
500592846	25.33	6.42	19.71	161.0	1.610857432775241	0.0088194444444444	1.4724044799804688	96.0	67.25	3.00390625		500592846.0	92.16995611826545	95.4650907752194	93.78847643849495	103.56781755118683	99.11924182634708	98.83566379116957	98.976322865684	99.71724368343575	85.95697574223422	93.01062987332936	89.33193608312914	108.11167809776391	85.71428571428571	100.0	71.42857142857143	0.0	100.0			0.0	0.0
54996710	26.22	7.2	21.52	155.0	1.5529739776951674	0.0092833333333333	1.4621772766113281	100.0	94.0	5.857421875		54996710.0	94.13367077574756	89.52677265511991	91.7610038485462	95.1063279233929	96.9748502352938	96.01912359709353	96.49412897617631	99.01955404285673	92.84861825482616	87.302096594468	89.97233262609295	94.05030541357824	88.57142857142857	88.88888888888889	88.46153846153845	0.0	96.7741935483871			4.3478260869565215	0.0
35462012	24.9	6.81	20.63	153.0	1.537081919534658	0.0088083333333333	1.4597129821777344	100.0	20.3	2.947265625		35462012.0	98.68113094864596	97.24801405988993	97.9579570539585	98.5501255079882	99.78835449822728	97.34816446472888	98.55289092898126	97.5546970540031	97.40800788665774	96.96772792471091	97.17909021593326	99.55686718328808	100.0	100.0	100.0	0.0	100.0			0.0	0.0
605436607	156.88	39.03	109.33	179.0	1.791914387633769	0.0544194444444444	1.5021629333496094	100.0	83.04545454545455	20.6943359375		605436607.0	78.35862753869328	84.5939376491582	84.90733555128782	112.94869081315592	91.93694851623609	92.3949530290177	91.80691995252413	102.95242764212884	65.51863147173196	75.77708690708555	79.57071253569399	209.2627743276711	62.8099173553719	85.96491228070175	42.1875	0.0	98.68421052631578			3.7037037037037033	0.0
415416925	132.47	23.23	57.0	273.0	2.731578947368421	0.04325	1.5039787292480469	100.0	53.333333333333336	2.263671875		415416925.0	93.35294816569866	94.23982322722216	93.761702280732	101.03459392615952	98.3430249214686	93.21808718577373	95.42894571004445	94.90571955861148	69.73719312112632	72.05861688028732	83.95819143209047	111.86154891312331	80.0	100.0	61.29032258064516	87.5	93.91891891891892	28.57142857142857	71.42857142857143	1.7543859649122806	1.1904761904761905
873284698	156.86	34.57	88.0	217.0	2.175340909090909	0.053175	1.5004348754882812	100.0	86.55555555555556	17.720703125		873284698.0	87.41591376996902	91.13287282440336	88.79174308294589	105.66348063152913	87.71291468798381	83.53738114683003	90.10259907496656	237.1908998296568	78.42873418504621	82.41740554087481	84.23548487761457	105.69131204754704	72.09302325581395	75.75757575757575	68.62745098039215	100.0	95.16129032258064	50.0	50.0	2.857142857142857	0.0
96304274	136.0	20.2	51.57	302.0	3.028892767112662	0.0433888888888888	1.5051498413085938	100.0	50.09090909090909	3.029296875		96304274.0	97.06841551204796	93.58489383790416	95.27648530674128	96.46510314036333	98.86760885269528	92.28490858496956	95.11395458168823	93.31678220559054	94.9068494619028	83.89743950180869	88.67521641305348	88.80278845752576	95.54455445544554	100.0	91.81818181818184	100.0	95.33678756476684	33.33333333333333	66.66666666666666	0.99009900990099	2.3255813953488373
822523758	137.68	23.0	69.24	232.0	2.3206239168110923	0.0446333333333333	1.5130386352539062	100.0	64.0	5.962890625		822523758.0	96.19924241246046	93.8452424182532	94.97467323199746	97.6094181323896	98.3166495432059	94.3549164227755	96.07986045808411	96.02018573743202	85.05889540332294	70.17721017420641	79.49462847491975	91.25408551001692	93.33333333333331	100.0	85.04672897196261	100.0	93.30357142857144	60.0	40.0	4.395604395604396	0.8130081300813009
951670089	131.28	20.6	66.09	229.0	2.298078377969436	0.0421888888888888	1.502471923828125	100.0	70.96296296296296	3.6171875		951670089.0	96.41840688521228	95.07902431383602	95.71938851140732	98.6492801099958	98.3366590328309	94.5658174837228	96.16663569341816	96.2325563399934	91.44938869449756	87.64167755526715	88.50239752903327	100.34092651748936	88.61386138613861	97.5609756097561	79.71014492753623	40.0	97.76536312849164	50.0	50.0	0.0	0.0
188799541	136.22	19.57	49.34	315.0	3.157478719092014	0.043275	1.5159225463867188	100.0	48.9	3.048828125		188799541.0	92.151341740797	91.58816021287775	91.74045912980684	99.68388457491923	96.18130440863258	95.85696349406156	95.9249977544733	100.03793925099671	81.82599459836655	82.94298381348767	85.79788396420648	108.6844290859584	87.12121212121212	94.54545454545456	81.81818181818183	0.0	98.2608695652174			3.1746031746031744	0.0
480091697	133.76	22.34	62.4	250.0	2.501602564102564	0.0433611111111111	1.5046043395996094	100.0	47.0	5.408203125		480091697.0	92.41763654741938	92.82741299628772	92.57418514721736	100.53221263298504	98.31929592446392	93.49627751487051	95.36915966326508	95.133704641658	80.53276393860878	82.51931225808036	81.09891603447026	104.09460795823162	85.49222797927462	100.0	75.45454545454545	80.0	95.75757575757576	100.0	0.0	3.614457831325301	0.0
862276537	134.66	21.89	60.57	258.0	2.5846128446425625	0.0434861111111111	1.5070610046386719	100.0	57.69230769230769	5.787109375		862276537.0	94.36648398485347	93.26089999703206	93.753281063596	98.92641231014156	99.1722562840145	96.0507821195324	97.50976566450588	96.851335797094	85.78923827143515	86.56485824361889	85.17347295687591	107.01955009549518	85.9375	100.0	77.5	100.0	95.75757575757576	60.0	40.0	2.1505376344086025	0.0
742696178	143.45	29.19	78.44	220.0	2.2009178990311065	0.0479555555555555	1.5034599304199219	100.0	77.375	17.5224609375		742696178.0	93.82574315832235	89.07602307095968	91.27168233658712	95.1107425017412	91.18480011689876	89.21230552976586	88.89857917282912	106.88382354004844	91.7155330760954	85.80921852815038	88.18262870787454	94.73946858917176	90.05847953216374	97.5	87.59689922480621	100.0	97.4025974025974	50.0	50.0	1.7699115044247788	0.0
481453754	132.81	23.28	63.5	245.0	2.4581102362204725	0.0433583333333333	1.5026817321777344	100.0	61.07692307692308	3.599609375		481453754.0	90.82849083267952	94.9849942380479	92.5724098442358	106.42315496376602	98.32015406594492	93.95995545437214	95.85239763230256	95.64608006036497	70.43575615026057	76.7942300478932	83.07070344258292	146.9106922647468	82.08955223880598	98.82352941176472	50.0	80.0	96.36363636363636	100.0	0.0	0.0	0.0
348018141	159.38	39.74	106.83	186.0	1.8638959093887488	0.0553111111111111	1.5308723449707031	100.0	96.22727272727272	20.5478515625		348018141.0	95.27890454813952	94.93439159206386	95.06434853744967	99.74199925328172	98.65971204752076	92.17789228511116	95.0657892620197	93.45077575929425	82.72145610225624	88.27634691580955	84.70055218209757	109.61891605791836	85.41666666666666	96.29629629629628	68.42105263157895	100.0	95.1219512195122	66.66666666666666	33.33333333333333	0.0	0.0
932204867	132.57	22.46	60.3	257.0	2.570978441127695	0.0430638888888888	1.5015335083007812	100.0	64.53846153846153	5.884765625		932204867.0	86.1093305851892	96.476892831642	89.83292716182693	126.98453725122366	95.09067203041504	94.2271103246078	94.14009698167308	101.52574020820347	69.37731786984588	93.9029163064162	78.23977178316886	146.63946383501198	70.96774193548387	94.02985074626866	34.69387755102041	100.0	90.9090909090909	87.5	12.5	0.0	0.0
23113594	136.65	27.7	69.12	237.0	2.377748842592593	0.0456527777777777	1.5012969970703125	100.0	57.07142857142857	5.8828125		23113594.0	88.99395515349605	95.39726263088482	91.91103198922195	108.08505128884156	97.9323386018322	92.40510268194768	94.62329341672292	94.3810090113866	58.19358160806125	61.63496894854861	71.7653990808812	126.7599642260112	75.0	100.0	46.42857142857143	50.0	93.1372549019608	100.0	0.0	0.0	4.166666666666666
879800109	135.04	20.27	53.79	288.0	2.88733965421082	0.0431416666666666	1.5011749267578125	100.0	45.19047619047619	3.048828125		879800109.0	92.55947295007512	96.53475594060777	94.1952340613052	105.85565698904637	98.719862213746	97.3721934060829	98.02063838662517	98.65510718424277	56.68613284756092	65.2426278978973	75.38183449822034	260.4865319723031	77.6923076923077	98.9247311827957	22.22222222222222	100.0	99.009900990099	0.0	100.0	0.0	0.0
163398153	145.53	29.94	78.55	223.0	2.2338637810311903	0.0487416666666666	1.5008277893066406	100.0	84.3125	20.1416015625		163398153.0	94.35903565261717	93.41754343162008	93.80749903995522	99.05241474113144	98.80323094470386	93.7082983548087	95.89047255806716	94.79437122551622	79.4612363606924	77.21659946400514	81.65948766366428	96.98139332733624	80.60606060606061	100.0	62.65060240963856	83.33333333333334	94.73684210526316	40.0	60.0	0.0	2.631578947368421
644363922	131.41	23.98	59.75	260.0	2.600669456066945	0.0431638888888888	1.5030937194824219	100.0	41.91666666666666	3.068359375		644363922.0	92.12269699678836	91.80168516754316	91.83514424872916	100.02741354758138	97.49141333608463	94.90219721690433	95.98261458237684	97.40159239041762	79.6600093310737	76.16032550519805	76.6979432450342	98.45190758650934	82.12290502793296	96.7032967032967	65.47619047619048	100.0	96.5986394557823	75.0	25.0	1.818181818181818	0.0
476727767	138.84	20.5	54.33	293.0	2.932817964292288	0.0442611111111111	1.5112037658691406	100.0	41.27272727272727	3.029296875		476727767.0	96.30683034902592	91.72702339163118	93.92986120182336	95.28528056042316	97.8515981108998	87.97722020566934	91.78663410552682	90.20527326931976	94.18014498272234	85.92592666602494	89.70796753779898	91.34506326454206	89.24731182795699	98.57142857142858	85.64356435643565	100.0	95.18072289156626	100.0	0.0	0.5780346820809248	5.797101449275362
228607133	133.58	22.19	58.71	265.0	2.653210696644524	0.0432694444444444	1.4990921020507812	100.0	46.25	5.076171875		228607133.0	91.90585931714732	90.56684457589152	91.14305280552632	98.68898858082714	97.54160887747662	94.4341885239023	95.8368740796926	97.01441464398822	84.5763188428767	85.70581124280254	84.60672992763946	104.53583123977606	80.0	89.47368421052632	76.19047619047619	100.0	95.73170731707316	0.0	100.0	4.464285714285714	1.96078431372549
478618057	133.38	22.37	57.7	269.0	2.6993067590987865	0.0432638888888888	1.5046348571777344	100.0	56.5	5.802734375		478618057.0	92.61186205790084	92.05227722647922	92.1837339917768	99.74945625168546	97.25007099989176	91.95793344351564	94.01641625510412	94.65580826916396	78.44461528915969	64.71784224038264	73.88631823377291	86.42937059128664	83.5820895522388	91.66666666666666	75.0	100.0	93.75	66.66666666666666	33.33333333333333	1.96078431372549	0.0
34104829	162.66	40.86	107.95	188.0	1.8853172765169055	0.0565333333333333	1.5076522827148438	100.0	93.77272727272728	18.3486328125		34104829.0	91.22662479916664	95.07370880923494	92.9780913672112	104.60635170244969	96.26662819037018	97.07584585075972	96.6356765349376	100.9323357010454	78.36580940101095	88.16269790861821	81.44415693600918	118.5073609651219	76.23762376237624	91.75257731958764	61.90476190476191	0.0	99.35064935064936			1.5384615384615383	0.0
583849043	163.65	41.77	109.85	187.0	1.8700045516613568	0.0570611111111111	1.5038299560546875	100.0	95.45454545454544	19.8486328125		583849043.0	94.84717538687497	88.60076411854249	91.5658681815388	93.4641843203749	95.98190207536511	93.0167498087346	93.83739653526602	97.33930082153766	93.59369027186018	83.39774458828175	88.02205525530971	89.174376908355	89.47368421052632	95.23809523809524	88.20224719101124	87.5	95.09803921568628	57.14285714285714	42.85714285714285	0.6369426751592357	5.0
678718624	132.65	22.02	61.97	249.0	2.495885105696305	0.0429638888888888	1.5045928955078125	100.0	70.53846153846153	5.826171875		678718624.0	89.25140689749345	89.26599389204995	88.98208427866467	100.49979434732413	98.1017607165354	94.48026604074018	96.10483433475537	96.32341046248077	84.32365426946254	85.72949093532975	84.2132450562081	104.41181907324837	77.10843373493977	95.83333333333334	68.69565217391305	100.0	97.65625	0.0	100.0	0.0	0.0
85784643	136.16	29.15	70.5	234.0	2.344822695035461	0.0459194444444444	1.5035171508789062	100.0	78.4	5.919921875		85784643.0	97.44034127020944	92.48459318329988	94.83625258258328	94.95699124267684	98.1947322018987	90.64983321260534	94.08177041909458	92.29208062329435	96.39962624676951	86.33629207402511	90.46123171938582	89.71597016438349	96.8181818181818	98.63013698630137	95.62043795620438	100.0	95.30516431924885	60.0	40.0	0.0	0.0
645934848	133.6	20.42	53.65	287.0	2.870829450139795	0.0427833333333333	1.4994010925292969	100.0	38.09090909090909	3.009765625		645934848.0	92.96292008888722	94.19175765140258	93.37838864849508	102.0493962697633	96.20886866226216	95.66635134625456	95.85039363227196	99.89721914049557	67.79949495453307	72.53429835742864	73.10842725842546	116.71576919035763	77.96610169491525	93.42105263157896	43.24324324324324	100.0	93.47826086956522	20.0	80.0	0.0	1.4084507042253522
771067718	135.24	19.5	51.79	298.0	2.9878354894767334	0.0429833333333333	1.5049934387207031	100.0	41.90909090909091	3.009765625		771067718.0	90.7717157771246	94.4857937130089	92.49423846485816	104.63475881327446	98.93859839251104	91.70121361544808	94.57377101357064	92.66821073583364	73.88929342269896	72.5508494372923	75.06499904959982	203.207819273922	80.0	100.0	58.53658536585365	100.0	91.91176470588236	18.181818181818183	81.81818181818183	0.0	0.0
909988547	134.86	26.73	65.7	245.0	2.459512937595129	0.0448861111111111	1.5031356811523438	100.0	59.07142857142857	10.9619140625		909988547.0	94.90298220349426	93.20017916906464	93.9679872064569	98.30250287301574	97.61456717739036	93.43136351369364	95.20004473067156	95.6443628684134	90.6958151758308	85.77206209411379	87.44779512826568	95.41799944516576	90.0	100.0	81.53846153846153	100.0	99.07407407407408	100.0	0.0	0.0	0.0
707177822	137.08	19.99	52.18	301.0	3.010157148332695	0.0436305555555555	1.5075836181640625	100.0	40.09090909090909	3.029296875		707177822.0	92.670969407779	89.92986241699151	91.2376709723245	97.20443041407668	90.24512714898592	85.98951181278683	91.7921403186045	479.6374405627813	89.08138131615472	80.27931913213342	83.6953077307509	91.75988664874136	85.56149732620321	84.61538461538461	85.71428571428571	100.0	96.875	25.0	75.0	1.1111111111111112	0.0
730610640	133.62	20.16	53.48	287.0	2.8754674644727003	0.0427166666666666	1.5041236877441406	100.0	50.27272727272727	3.029296875		730610640.0	96.04783966314288	94.5132706833779	95.25356179732792	98.44978695527725	98.83718796648732	90.99665671320264	94.2070841016494	92.05346955159357	93.83111490502876	88.77425749467628	90.99964138785272	94.69100803614218	89.375	96.29629629629628	84.84848484848484	100.0	95.1048951048951	0.0	100.0	0.0	0.0
804082805	147.29	31.96	89.92	199.0	1.993438612099644	0.0497916666666666	1.5022926330566406	100.0	93.88888888888889	17.8330078125		804082805.0	94.57652782650013	95.45270648541644	94.96384417256692	101.08360476888714	97.4527225926798	91.18381722822603	93.63958559874972	93.82475834322884	85.49657841200121	78.26696651091021	80.87530855194389	90.8096206240406	82.71604938271605	90.10989010989012	68.85245901639344	100.0	91.7910447761194	30.0	70.0	2.380952380952381	0.0
530501722	149.84	29.14	76.33	234.0	2.3448185510284296	0.0497166666666666	1.4978713989257812	100.0	80.0	17.720703125		530501722.0	93.93677821877093	93.73510305608954	93.77865927822066	99.97147479303216	98.4525032935559	91.35226536221607	94.25232743082502	92.83128608243312	77.14893723071602	72.84728034430283	77.60849385723927	212.1691143040839	84.11764705882354	94.84536082474226	67.64705882352942	100.0	95.1048951048951	60.0	40.0	4.3478260869565215	0.0
55712385	140.7	20.38	53.61	300.0	3.0046633090841257	0.0447444444444444	1.5044517517089844	100.0	46.72727272727273	3.048828125		55712385.0	96.10103697832992	93.85622983985454	94.9468000932528	97.69516189568672	98.88804096184076	80.48445320598326	85.57552637249972	81.3913084719581	94.83785581698662	87.49883525187627	90.82720272594118	92.23712766937876	89.37007874015748	100.0	86.52849740932642	90.9090909090909	95.15418502202644	60.0	40.0	0.5988023952095809	0.0
730752338	163.08	38.79	111.9	180.0	1.80402144772118	0.056075	1.5114707946777344	100.0	88.78260869565217	18.0322265625		730752338.0	96.24689012099311	94.58645663537511	95.36835905882728	98.29395910822818	92.44780674415706	86.39977172625382	93.7469933648538	95.08847029051792	94.79929442458072	89.01741973499684	91.54121247478449	93.90574418008168	91.56626506024097	91.07142857142856	91.30434782608695	100.0	94.2982456140351	33.33333333333333	66.66666666666666	1.1904761904761905	3.92156862745098
413732528	154.56	33.11	84.92	221.0	2.209962317475271	0.0521305555555555	1.5059585571289062	100.0	85.05882352941177	20.4111328125		413732528.0	88.66164351057307	94.34998583754	91.1537701221114	108.18294947979294	99.04377089593736	94.90176600291336	96.82271077813785	95.88923838585104	67.53863501545369	81.28626703259377	82.28558269747359	167.77063376767632	74.31192660550458	100.0	48.14814814814815	0.0	96.29629629629628			7.6923076923076925	1.818181818181818
269091714	133.8	20.45	52.29	294.0	2.949894817364697	0.0428472222222222	1.5006370544433594	100.0	42.54545454545455	2.951171875		269091714.0	89.24299359169217	93.548611123866	91.1704547910094	105.40474306973653	97.52082009525604	96.80160752624782	97.08243811348794	99.43068327811277	73.64989832115563	80.68691870569046	80.793952323804	124.71171495399514	69.79166666666666	92.5	52.83018867924528	66.66666666666666	97.01492537313432	100.0	0.0	0.0	0.0
475810100	138.47	20.98	51.93	307.0	3.070479491623339	0.0442916666666666	1.5072135925292969	100.0	32.45454545454545	3.009765625		475810100.0	94.0997951306988	96.42999723963916	95.19510755050044	102.7424325860704	98.29172344364125	97.166386422261	97.6967723649882	98.89438487350348	66.79273161946044	77.07790451914391	74.57293281952798	137.8496478952141	83.60655737704919	96.55172413793105	46.875	100.0	97.05882352941175	33.33333333333333	66.66666666666666	0.0	0.0
452355066	136.68	22.96	66.06	241.0	2.41659097789888	0.0443444444444444	1.5136451721191406	100.0	70.42857142857143	3.6171875		452355066.0	94.27868131352872	93.41902551376953	93.80028201187102	99.18100544291632	98.02360985985231	89.92629034654756	92.95980885360837	91.70655424917793	91.3254314826302	86.1511395455547	88.25425960834944	94.43842727398687	87.5	98.38709677419357	81.88405797101449	100.0	94.5054945054945	62.5	37.5	0.0	3.278688524590164
620779198	134.14	22.03	60.55	257.0	2.5791907514450867	0.0433805555555555	1.5037574768066406	100.0	39.38461538461539	5.806640625		620779198.0	94.5022497703056	94.19292074312511	94.25760368573044	99.96805488817051	98.1104697835187	98.47642352995796	98.27613291500629	100.43307276623533	87.43091218317966	82.62764265194473	84.09159058010445	94.91270608018236	86.98630136986301	100.0	78.4090909090909	100.0	97.63779527559056	0.0	100.0	0.0	0.0
911033033	163.25	39.3	98.33	205.0	2.059900335604597	0.0562638888888888	1.5003471374511719	100.0	98.75	19.1767578125		911033033.0	93.75680575380449	91.84657862368474	92.60210419713508	98.42441896059462	98.31089408526582	95.83890694922631	96.99012724416215	97.5098037605049	83.58907150893505	80.48138217587183	80.05747163353823	104.56422657239256	85.04672897196261	100.0	63.63636363636363	0.0	100.0			0.0	0.0
339642122	156.36	37.27	101.43	190.0	1.9090012816720887	0.0537861111111111	1.5048484802246094	100.0	89.85714285714286	20.7119140625		339642122.0	82.90987450148869	91.4572922901278	86.7019613246694	111.40417599986787	96.92349593417715	86.18950464024424	90.31739244449894	89.06038682079978	53.9741971501544	62.45722894011149	77.79640404220747	173.8343133316718	56.17977528089888	92.10526315789474	26.53061224489796	100.0	90.0	0.0	100.0	23.07692307692308	0.0
869219610	151.07	34.66	94.34	196.0	1.9687301250794995	0.0515916666666666	1.5021743774414062	100.0	94.52631578947368	19.9423828125		869219610.0	90.9041956275466	94.614183716263	92.5669448162813	104.74075184914258	97.081549160197	96.3707941269927	96.62896333921655	99.53100125111814	76.54798119295907	85.8331567331759	79.40424182294961	120.01249667046412	73.87387387387388	94.02985074626866	43.18181818181818	0.0	100.0			0.0	0.0
719498251	149.43	30.03	87.69	204.0	2.046527540198426	0.04985	1.5051536560058594	100.0	77.38888888888889	17.3447265625		719498251.0	94.7722375222439	91.79862518482447	93.22802684604224	96.92373816082308	97.643076179475	86.6813263614639	90.95959635227037	88.75702018006383	92.78401694302224	85.20944518933382	88.31652170039017	91.92320893315984	89.80392156862746	100.0	87.77777777777777	63.63636363636363	96.0698689956332	85.71428571428571	14.285714285714285	0.6329113924050633	1.5625
559636538	136.61	28.35	67.41	244.0	2.447114671413737	0.0458222222222222	1.5012741088867188	100.0	61.642857142857146	5.94140625		559636538.0	95.28992601902702	95.7395947748848	95.47373694494746	100.60776920657706	98.70753639225616	95.81529331607982	97.14984856108616	97.08985799396116	91.67263143907256	84.75336707221298	86.93818437771093	93.34848486702676	89.26174496644296	100.0	80.35714285714286	50.0	96.2406015037594	60.0	40.0	0.0	0.0
602518943	138.52	28.24	72.42	230.0	2.302678818006076	0.0463222222222222	1.5068397521972656	100.0	70.86666666666666	15.296875		602518943.0	87.46398946904803	93.90284674841882	90.35148392704902	108.53051743860117	97.91086098402052	96.3676075763426	97.09869845252972	98.49534450049347	53.43559618013168	77.02269069584419	58.16005920981301	168.90428805238528	75.0	96.62921348314607	34.04255319148936	0.0	100.0			0.0	0.0
406424302	139.4	26.3	66.9	247.0	2.476831091180867	0.0460277777777777	1.5049476623535156	100.0	65.07142857142857	5.98046875		406424302.0	94.05485039105824	87.60739391453913	90.6597219505651	93.15551653590887	96.68608031863003	96.75921433430246	96.5186570577077	100.50373768216336	93.57196833000856	86.28157693172278	89.71656865250308	92.22144620215558	86.25730994152046	100.0	85.49382716049382	100.0	99.32203389830508	100.0	0.0	0.0	5.88235294117647
666058199	134.7	20.29	50.51	306.0	3.068501286873886	0.0430527777777777	1.4997673034667969	100.0	40.18181818181818	3.009765625		666058199.0	91.1399071922008	92.84844776429544	91.71781469910314	102.79125841474516	98.49778622208964	93.7171872554596	95.95700456033632	95.153896556608	82.09883646209697	83.01142428627423	80.79634499237736	104.84273843384604	84.61538461538461	100.0	74.71264367816092	100.0	95.0413223140496	40.0	60.0	0.0	1.96078431372549
82256758	135.37	20.03	51.85	299.0	2.997107039537126	0.0431666666666666	1.4987869262695312	100.0	45.54545454545455	3.029296875		82256758.0	89.46634468770755	91.52877994424584	89.39829619741462	107.26573484056712	96.72035657088908	90.1174346004534	92.41257908861012	92.83102359282276	68.23257548944562	61.17960263867135	73.0207684881644	413.3939907954378	78.06451612903226	97.14285714285714	60.256410256410255	85.71428571428571	95.0413223140496	66.66666666666666	33.33333333333333	0.0	0.0
844578985	134.12	22.98	62.67	250.0	2.50678155417265	0.0436388888888888	1.5044021606445312	100.0	82.61538461538461	5.271484375		844578985.0	93.10308898919406	88.35253105819008	90.59146610942842	94.85173030878651	90.85494740369198	92.0695510011546	97.11340746156527	120.18813121625706	92.99318713311038	84.1272567035313	88.17795281840867	90.5011326446716	86.42857142857143	90.9090909090909	84.61538461538461	100.0	97.5206611570248	0.0	100.0	0.0	0.0
320110719	133.46	21.71	60.19	257.0	2.578002990529989	0.0431027777777777	1.5023536682128906	100.0	45.23076923076923	5.111328125		320110719.0	96.7122888245655	90.37937613069438	93.3523357772582	93.45861323401954	98.05840347659432	98.44109361911086	98.2187925588412	100.51652535712708	94.12829791476588	78.46481608128254	85.02895766733562	83.3117344692248	93.79310344827586	100.0	93.10344827586206	25.0	99.26470588235294	0.0	100.0	0.0	0.0
867166048	134.44	21.97	60.86	257.0	2.5699967137693065	0.0434472222222222	1.5047378540039062	100.0	70.53846153846153	5.884765625		867166048.0	94.18728176385466	92.07138084272364	93.06333373684268	97.8940599810333	97.3930727060052	89.79962391708723	92.38265780829909	92.44725186800548	91.10920471997458	84.89087093101372	87.63525237110164	93.71438015122683	85.45454545454545	92.7536231884058	81.63265306122449	100.0	97.3404255319149	50.0	50.0	0.8333333333333334	0.0
844010772	134.82	22.86	61.45	256.0	2.5659886086248984	0.0438	1.5014572143554688	100.0	62.53846153846154	4.427734375		844010772.0	95.42742500950506	88.23007038041266	91.48136373326857	92.43080833672892	97.24340775393117	82.62488596412763	84.72923447887317	85.70371667880464	92.00868682469032	75.54821698245388	81.99300979707003	81.53451462382097	89.8876404494382	100.0	82.6923076923077	100.0	93.75	75.0	25.0	0.0	3.0303030303030303
329333415	133.22	21.99	65.44	237.0	2.3717909535452324	0.0431138888888888	1.509124755859375	100.0	45.785714285714285	3.6171875		329333415.0	90.14902178786176	94.46473901254885	92.16699679686748	105.1607546947372	98.77965229125846	93.09554710843295	95.41030418383978	94.3223103898597	59.98769718950534	73.78307908151217	68.60266668306832	341.10733433959507	76.52173913043478	96.49122807017544	53.70370370370371	100.0	93.18181818181816	75.0	25.0	6.896551724137931	0.0
30133327	140.45	21.68	54.38	298.0	2.9814269952188304	0.0450361111111111	1.507659912109375	100.0	37.90909090909091	3.029296875		30133327.0	95.23264039573688	94.18714021588065	94.65720827228807	98.94543030368648	97.4385875979985	89.97931438224273	92.79016047494424	92.17802238464724	90.25312104642371	79.28937633718364	82.85014660108968	87.66170178725915	84.10041841004184	92.24137931034484	75.89285714285714	81.81818181818183	95.02487562189054	77.77777777777779	22.22222222222222	0.0	0.9345794392523364
185700291	132.45	25.9	64.58	245.0	2.451997522452772	0.0439861111111111	1.50555419921875	100.0	68.6923076923077	5.390625		185700291.0	92.89028025232967	92.2081772756286	92.50949215818328	99.37159733205353	97.82778599432363	84.49887885099055	89.08207261079467	86.60979344034294	86.95582269346475	75.49584056635618	80.009704240704	86.66353621490155	78.96825396825396	98.79518072289156	72.3404255319149	53.57142857142857	90.45226130653266	60.0	40.0	0.9803921568627452	3.658536585365853
118336671	130.56	19.97	57.93	259.0	2.5984809252546177	0.0418138888888888	1.5028152465820312	100.0	64.58333333333333	3.140625		118336671.0	95.85758274482154	95.21952325235836	95.47991867763868	99.45778572820154	94.45786715548245	89.73743813979597	90.9395075943087	96.15423766781164	91.42896042295924	83.25559180632888	85.78860547269643	91.9706145718301	90.2439024390244	90.76923076923076	88.88888888888889	100.0	96.3963963963964	25.0	75.0	0.0	0.0
495695047	149.03	28.38	73.25	242.0	2.4219795221843	0.0492805555555555	1.5005416870117188	100.0	78.2	17.013671875		495695047.0	93.33045927012977	94.91490762127984	94.00519979587628	102.0497161084164	98.54446724093478	87.47868360466222	91.29509129011964	88.7257715251812	82.22294977251278	81.75628642824681	78.15603571028865	113.2968520419785	79.375	97.14285714285714	66.66666666666666	58.333333333333336	93.7007874015748	85.71428571428571	14.285714285714285	1.9230769230769231	0.0
234630208	137.63	21.71	51.92	306.0	3.0689522342064715	0.0442611111111111	1.5079536437988281	100.0	29.09090909090909	3.029296875		234630208.0	90.93275115163584	92.90473267948192	91.76818973909764	102.79681660886916	91.69293137744516	92.92880105526514	91.46519430351373	101.41435451754955	89.35176798105712	84.05077272734518	85.77120762622168	96.7415145562134	82.43243243243244	86.07594936708861	78.46153846153847	75.0	97.54098360655738	100.0	0.0	0.0	0.0
106549519	156.09	34.09	86.67	219.0	2.1943002192223378	0.0528277777777777	1.5024986267089844	100.0	78.0	17.423828125		106549519.0	92.51304361182774	91.66917325843032	91.97856408007642	98.92638546480508	97.20498773935115	97.16790417599424	97.14426905034284	100.07549453808522	74.40199087302491	71.78629223412823	74.94645663349374	122.58085326911872	81.88976377952756	92.42424242424242	67.85714285714286	100.0	95.1923076923077	40.0	60.0	0.0	0.0
396913821	130.86	25.63	61.99	252.0	2.5244394257138247	0.0434694444444444	1.5019416809082031	100.0	57.46153846153846	13.1689453125		396913821.0	93.28940138324016	97.17145940558709	94.89198371295844	105.75942705830516	95.7221840834846	95.714762907875	95.36339391649172	101.8210351936128	79.15574482091486	96.69387875352254	85.9203932845876	130.094877661623	84.070796460177	97.33333333333334	56.75675675675676	100.0	97.89473684210527	100.0	0.0	4.761904761904762	0.0
68587432	133.43	21.24	60.68	254.0	2.548945286750165	0.0429638888888888	1.5033721923828125	100.0	60.84615384615385	4.046875		68587432.0	92.05165153439734	95.67275918160428	93.79045013753566	104.09931870277111	98.00355696886432	94.65891092419494	96.10503937074732	96.55306401583564	75.26339296550596	84.47063937520838	78.80614944701351	120.33163767489712	77.23214285714286	97.4025974025974	65.49295774647888	100.0	96.53179190751445	60.0	40.0	1.0752688172043012	0.0
521776911	164.26	40.17	107.39	190.0	1.9036223112021604	0.0567861111111111	1.5007743835449219	100.0	89.27272727272727	20.4111328125		521776911.0	97.15938365169978	91.73814670681536	94.29738930916145	94.4530378486414	98.38580437997128	91.71350889777668	93.70671921517092	93.27604297068748	91.83436587465609	82.38410355356493	86.12550816446728	90.40184246247192	93.93939393939394	100.0	88.05970149253731	100.0	95.96774193548389	66.66666666666666	33.33333333333333	0.0	3.225806451612903
860252322	131.54	21.45	60.74	251.0	2.518768521567336	0.0424972222222222	1.5032005310058594	100.0	42.76923076923077	3.29296875		860252322.0	94.37127272895052	93.99385959737002	94.05885389879428	99.91572018021664	91.0512567575893	98.13822002456251	93.33025075675232	117.24060121812	91.00145192837388	81.67172946820655	84.86796779111886	89.64110597620513	82.64462809917356	79.54545454545455	83.33333333333334	100.0	92.0	0.0	100.0	1.6666666666666667	5.714285714285714
851689669	136.46	22.47	60.28	263.0	2.6365295288652955	0.0441472222222222	1.5084114074707031	100.0	50.76923076923077	5.806640625		851689669.0	95.86963209988392	91.96525480655032	93.84477441660458	95.94543764014564	99.50561990019982	89.34332080417542	93.51576992835608	89.78555351994767	94.23540649066754	88.11249250099499	90.89047951431644	93.50396828093324	91.76954732510288	100.0	89.9497487437186	100.0	96.8609865470852	60.0	40.0	1.11731843575419	0.0
39183495	143.0	25.52	64.55	261.0	2.610689388071263	0.0468111111111111	1.5016365051269531	100.0	69.46153846153847	15.162109375		39183495.0	94.43410403128516	95.51570648766948	94.83521741984524	101.7045810806467	98.95858582171914	96.82263072395948	97.86196562678556	97.85823813618372	74.49063607818711	72.26149884293726	71.11727602051391	97.04236919791508	89.43089430894308	100.0	67.5	100.0	94.54545454545456	40.0	60.0	3.7037037037037033	0.0
434705002	137.18	20.82	52.58	300.0	3.00494484594903	0.0438888888888888	1.5027198791503906	100.0	44.0	3.029296875		434705002.0	94.57174764120288	92.56831243360227	93.51692481121997	97.95990788478682	97.49380116252723	94.06480226910207	95.57379464092006	96.54547206022842	88.42939802395051	76.01323227003755	81.07084690550953	84.85922525543876	88.23529411764706	93.5897435897436	82.29166666666666	100.0	91.51515151515152	30.76923076923077	69.23076923076923	0.0	1.36986301369863
110807250	136.21	20.35	51.66	303.0	3.030584591560201	0.0434888888888888	1.501373291015625	100.0	43.81818181818182	3.048828125		110807250.0	92.8952578808418	90.32374443464936	91.49187148673818	97.1743681248839	93.6662634124204	92.22369909600076	92.74034789439509	98.4403749683955	86.45559903464405	73.48025095503462	78.39035879060559	82.6826326682547	84.30232558139535	90.0	76.5432098765432	100.0	90.3448275862069	36.36363636363637	63.63636363636363	1.6129032258064515	2.7777777777777777
840918177	137.59	21.36	52.47	302.0	3.029350104821803	0.0441527777777777	1.5041427612304688	100.0	31.90909090909091	3.029296875		840918177.0	92.86487742495976	92.30135217388838	92.49492483888858	99.65991657898378	92.5354099892418	91.11422035539226	91.03681363491874	101.68491343781092	84.82053952238574	80.13035790514895	85.34677350887704	92.32777270880364	83.52272727272727	87.8048780487805	78.4090909090909	100.0	95.23809523809524	66.66666666666666	33.33333333333333	0.0	1.3888888888888888
954076577	134.57	19.79	52.99	291.0	2.913002453293074	0.0428777777777777	1.5075569152832031	100.0	57.09090909090909	3.048828125		954076577.0	96.18246281912862	93.943242697813	95.00760655025373	97.806080688052	98.74123454841492	94.79085477787636	96.50902284107352	95.99223976995113	91.14503532612856	85.18067753919374	87.77063283454694	94.48255330489802	93.59605911330048	100.0	86.02150537634408	100.0	97.36842105263158	60.0	40.0	0.0	0.0
706362185	134.8	22.07	66.93	234.0	2.343792021515016	0.043575	1.4994964599609375	100.0	61.0	5.767578125		706362185.0	90.2229798063483	93.78307625402292	91.6829618840756	104.96888742471472	95.47498013958982	91.14819646333936	93.09996332212854	95.4138392442622	76.4688790129294	86.89992329323978	84.957961097548	130.48269281171306	76.10619469026548	91.66666666666666	63.49206349206349	100.0	95.34883720930232	100.0	0.0	5.0	0.0
778969369	139.32	22.75	56.7	285.0	2.8583774250440914	0.0450194444444444	1.4975509643554688	100.0	68.75	16.955078125		778969369.0	93.21475744765452	95.04363025415984	94.05113418739856	102.26691153598514	97.84289591860242	93.5734693584442	95.54350868615664	95.70676480282722	77.85429035404623	79.20286782979375	82.60145785777843	104.36359617276044	85.38461538461539	95.23809523809524	65.11627906976744	100.0	96.3963963963964	33.33333333333333	66.66666666666666	0.0	1.25
398501727	131.74	21.34	60.18	254.0	2.543702226653373	0.0425222222222222	1.5038108825683594	100.0	40.53846153846154	5.865234375		398501727.0	88.43746283484323	88.19435679600117	92.87707880397504	104.50036653900392	98.54171153699278	94.20277499422107	96.15802744990847	95.66679646787544	82.6265657330556	82.14030123040456	86.2815400094405	105.40997662840506	82.03592814371258	98.21428571428572	73.83177570093457	75.0	97.08029197080292	33.33333333333333	66.66666666666666	1.2658227848101269	0.0
433118444	142.38	28.06	71.42	238.0	2.386446373564828	0.0473444444444444	1.5037040710449219	100.0	84.63333333333334	15.453125		433118444.0	95.01563609339868	91.6964165766446	93.14262262091316	96.68684077340475	97.9202268354246	96.6803347475424	97.24265336985772	98.83455583139416	69.11855735327377	62.44684772169389	70.95502922660297	105.77365256687987	89.36170212765957	100.0	76.19047619047619	100.0	96.42857142857144	0.0	100.0	0.0	0.0
571632794	132.74	20.96	60.67	253.0	2.533377286962255	0.0426944444444444	1.5014572143554688	100.0	56.15384615384615	5.787109375		571632794.0	94.03207385695106	96.3534674144232	95.04601632497533	102.86538865831116	99.49883837698292	97.08459140978847	98.25262077031807	97.5766942604238	60.47412086203898	85.32624022313976	68.56404934658794	157.75775087687035	74.4	100.0	30.434782608695656	100.0	95.6989247311828	66.66666666666666	33.33333333333333	7.142857142857142	0.0
518242117	132.86	21.66	62.84	245.0	2.4589433481858687	0.0429222222222222	1.5057945251464844	100.0	58.07692307692308	5.7890625		518242117.0	91.33737232834264	90.58359908553952	90.85558205811309	99.47409157609852	94.32916569322832	90.16702022057252	91.51049740103802	96.33754961700332	78.50645809015953	69.9093599040281	76.61104024021864	351.03966937810526	85.3146853146853	95.16129032258064	76.0	100.0	94.26229508196722	33.33333333333333	66.66666666666666	1.7543859649122806	0.0
569302725	159.93	39.05	104.96	189.0	1.8957698170731707	0.0552722222222222	1.5048332214355469	100.0	95.0909090909091	20.2705078125		569302725.0	94.60745832961985	89.75561638974784	91.9426921717733	95.21094728174614	95.36211655458972	90.92382161896678	92.40461583613872	96.34391023763548	92.318169136924	85.40729427435323	88.03755479289471	94.51526166347082	89.87341772151899	96.22641509433964	86.13861386138613	100.0	96.47887323943662	50.0	50.0	0.0	1.96078431372549
510066456	134.22	21.7	61.24	254.0	2.546048334421946	0.0433111111111111	1.5041732788085938	100.0	66.46153846153847	3.65625		510066456.0	94.02815512213112	94.9104326987744	94.4251884290908	101.04624700036172	99.17893611489528	92.06707015184716	95.05835166154463	92.79218567653795	76.86426738144118	76.32156659581551	75.55680063000675	102.10143850170287	81.5028901734104	100.0	53.62318840579711	100.0	95.74468085106383	66.66666666666666	33.33333333333333	0.0	0.0
577075359	130.68	19.21	52.57	285.0	2.851245957770592	0.0416361111111111	1.5046768188476562	100.0	33.81818181818182	3.029296875		577075359.0	94.83011571245972	94.70517543114752	94.67211004240043	100.12828355674192	99.15587426633353	97.27435512159909	98.16357471296288	98.11890840546631	69.72273404225032	67.65091009311134	81.51969549588176	104.8485502307958	89.07563025210085	100.0	70.58823529411765	40.0	98.1132075471698	0.0	100.0	0.0	0.0
174982440	133.8	21.64	61.71	251.0	2.5188786258304976	0.0431777777777777	1.5077781677246094	100.0	52.61538461538461	5.943359375		174982440.0	87.69286139109082	93.07282825726398	89.99053778926096	113.40408998209551	92.59897653155318	89.32524040646562	95.7828511588561	97.77419916207754	76.55258732869088	83.9912695101387	77.20311585013518	130.46117404950894	73.02631578947368	95.3846153846154	54.21686746987952	100.0	96.3963963963964	100.0	0.0	0.0	0.0
598317472	134.89	23.97	68.15	233.0	2.3310344827586205	0.0441277777777777	1.4981460571289062	100.0	65.22222222222223	5.845703125		598317472.0	92.59215703551465	94.2009487914233	93.2273168669498	102.2081910441943	96.17070526706762	96.58079266713222	96.23030545955147	100.8879096166078	84.63540796440206	86.39858513168039	84.73328088013704	104.8551277975464	84.7457627118644	100.0	67.27272727272727	100.0	97.0	0.0	100.0	0.0	3.225806451612903
753442690	132.42	21.61	55.62	276.0	2.7693275800071917	0.0427861111111111	1.5058212280273438	100.0	79.5	5.943359375		753442690.0	85.84772155495185	90.5228782226082	87.7910633850824	107.16215040862616	97.43364663479082	94.77144981628142	95.86434456151927	97.58981680530658	73.82539558851224	77.34520966802121	77.68221175018013	126.57909955652346	73.04347826086956	92.5	61.64383561643836	100.0	95.23809523809524	0.0	100.0	0.0	5.405405405405405
138991691	152.43	34.07	91.46	203.0	2.039142794664334	0.0518055555555555	1.5068130493164062	100.0	70.94736842105263	17.85546875		138991691.0	95.07584114523378	94.20751125456316	94.61139105131376	99.13807307307484	95.65460522510594	91.83478099892407	93.34053572646566	96.33031929476108	91.7586510755736	79.99096487815304	85.04519897897653	86.62804701040136	88.67924528301887	91.58878504672896	85.71428571428571	85.71428571428571	91.48936170212764	25.0	75.0	0.0	4.081632653061225
797715128	152.85	30.75	78.36	234.0	2.343032159264931	0.051	1.5006141662597656	100.0	87.3125	17.740234375		797715128.0	97.41437984495565	95.3036879162028	96.3227506892708	97.85300354658072	95.86818837657547	95.48123245920104	95.4136166313586	99.8947535050967	96.15124385237516	86.74365861294015	90.84431508486544	90.06258603848639	91.47286821705426	91.3793103448276	91.17647058823528	100.0	96.61016949152544	33.33333333333333	66.66666666666666	0.0	1.8867924528301887
520477284	137.15	21.44	51.38	308.0	3.086609575710393	0.0440527777777777	1.5014991760253906	100.0	49.0	3.048828125		520477284.0	82.03505231354718	87.5601668292506	88.78015408320084	126.4270727383214	93.45117808174858	92.68237861846586	92.5954671268018	111.2098442448467	69.6297204264343	85.3388496303921	74.9242019908451	133.6410778337066	65.49295774647888	100.0	46.73913043478261	0.0	98.9247311827957			0.0	2.0
581966102	134.57	22.45	58.31	269.0	2.692848567998628	0.0436166666666666	1.5029144287109375	100.0	61.833333333333336	5.962890625		581966102.0	94.67883227341886	96.35342052424176	95.48713872266832	101.827288595912	98.65522324551203	93.34228046611072	95.72379319414172	94.5795256106624	56.71270965835209	58.6111530265113	82.85449724748061	402.02244055649015	76.31578947368422	97.95918367346938	33.33333333333333	100.0	97.41379310344828	66.66666666666666	33.33333333333333	0.0	0.0
143493819	155.63	33.5	82.35	229.0	2.296660595021251	0.0525361111111111	1.5043869018554688	100.0	70.58823529411765	17.642578125		143493819.0	96.5586251825879	93.6510609184475	94.95144114111008	97.05463363971386	98.50578542179268	95.66464603066552	96.94611279080884	97.17823943253066	91.73327778958058	86.98079432347757	88.92869087767804	95.2130857874947	94.64285714285714	96.72131147540983	92.0	100.0	95.28301886792453	100.0	0.0	8.695652173913043	0.0
314033317	154.21	30.18	77.75	237.0	2.371575562700965	0.0512194444444444	1.502716064453125	100.0	93.75	17.818359375		314033317.0	94.40706731014882	93.02586620638498	93.63369262572392	98.6652124533831	98.34954223293536	93.2297739689432	94.97698826819553	94.75863563114684	78.64183714300815	76.40908395266189	76.56774389665924	98.45713878044556	83.83838383838383	99.0	67.02127659574468	100.0	97.59036144578312	50.0	50.0	0.0	0.0
729924895	153.8	35.39	95.35	198.0	1.984163607760881	0.0525527777777777	1.5016212463378906	100.0	93.45	20.6728515625		729924895.0	90.20005347008166	93.95537847300548	91.8342944507149	105.31401730952564	96.70306418981696	95.44281375894111	95.83408366139936	100.00955032629248	76.6286605336149	87.2747943505983	80.1358260446933	122.60025970085566	76.06837606837607	95.23809523809524	53.84615384615385	50.0	98.87640449438202	100.0	0.0	0.0	0.0
359856494	134.17	22.29	61.75	253.0	2.5337651821862344	0.0434611111111111	1.5021209716796875	100.0	50.38461538461539	5.232421875		359856494.0	94.63288288581978	94.74903035712023	94.62310139782504	100.17233256172273	98.27092071112244	88.61548929622856	92.3409544912012	90.18947509382603	80.95642218623331	86.83879380463362	82.53917280113174	113.06347711436248	86.82634730538922	100.0	60.0	100.0	94.48275862068964	100.0	0.0	3.0303030303030303	0.9433962264150944
881549524	138.4	25.89	68.7	239.0	2.3914119359534207	0.0456361111111111	1.5108146667480469	100.0	77.71428571428571	5.330078125		881549524.0	95.55633101641976	92.30039620984942	93.87331604794068	96.6484099910832	98.25104676167852	89.44524046257894	92.78265501569636	91.07135350810648	91.2594578908693	79.70046724979834	84.65539586932314	87.36444764664435	93.20987654320987	97.89473684210527	90.61032863849763	100.0	92.05298013245032	50.0	50.0	0.5181347150259068	7.526881720430108
426046672	162.82	39.67	109.03	185.0	1.857195267357608	0.0562472222222222	1.5046501159667969	100.0	88.0	20.5830078125		426046672.0	88.74607860764917	87.85332166953808	88.06523566905841	99.77124937509748	95.76630352503228	88.31939469228024	91.08383579005216	93.16223801549827	85.7531247241043	74.05898777005838	78.42840205479675	87.34614332168768	79.78142076502732	85.45454545454545	77.87610619469027	73.33333333333333	92.46575342465754	36.36363636363637	63.63636363636363	0.0	0.0
996276687	134.95	19.08	53.46	288.0	2.881219603441825	0.0427861111111111	1.5084991455078125	100.0	34.72727272727273	2.970703125		996276687.0	96.34201406114524	91.71604643030244	93.83253955799378	95.19004602985844	98.39887108961496	92.48340850531214	95.05892038093212	93.85365651496473	81.39813324620079	76.98266533840591	76.69657498663184	101.6298386542283	90.0	98.30508474576273	74.07407407407408	75.0	93.82716049382717	100.0	0.0	10.0	0.0
711143523	133.09	19.59	51.48	296.0	2.965811965811966	0.0424111111111111	1.5020713806152344	100.0	45.54545454545455	3.029296875		711143523.0	92.43135168393644	90.7473090634099	91.37693343929172	98.759410714345	97.2684084509916	95.22310244363705	96.16312535381388	98.0184401290756	67.33396307224044	63.8538981481766	76.49215999245206	137.6121577228426	85.80246913580247	95.65217391304348	71.64179104477611	100.0	94.24460431654676	100.0	0.0	6.25	2.272727272727273
882249430	155.93	32.57	79.46000000000001	237.0	2.3722627737226274	0.0523611111111111	1.5039901733398438	100.0	83.0625	17.818359375		882249430.0	90.91238953775664	93.4692819677753	92.11980171596214	103.05444317970388	93.43753249643996	95.2673412904808	94.09401095713866	102.55824008858136	87.48753726145392	90.8120622069938	88.6650829296289	106.87361004747062	75.26881720430107	77.61194029850746	73.72881355932203	100.0	98.57142857142858	100.0	0.0	1.1494252873563218	0.0
500592846	137.27	21.21	51.76	306.0	3.061823802163833	0.0440222222222222	1.5009040832519531	100.0	32.36363636363637	3.029296875		500592846.0	93.70195448894609	94.8709814509221	94.24920511083772	101.33075850253704	93.79245473221152	92.05807820336008	92.732031149288	98.89477206494236	89.61593822448063	92.19035259617736	90.70433340697504	103.47698632395672	87.5	97.95918367346938	81.52173913043478	100.0	96.82539682539682	66.66666666666666	33.33333333333333	0.0	2.083333333333333
54996710	137.31	24.09	69.43	232.0	2.3246435258533773	0.0448333333333333	1.5109100341796875	100.0	73.85714285714286	5.98046875		54996710.0	94.900979137768	93.31881938977972	94.07203718623548	98.39804902315944	96.26714886957636	86.07217306122148	89.72291055730818	89.54073517275353	92.03592295869886	86.08714891868107	88.8086644425971	93.83521298585129	90.74074074074076	97.72727272727272	87.5	100.0	93.5374149659864	83.33333333333334	16.666666666666664	2.5510204081632653	2.3255813953488373
35462012	135.39	25.71	67.09	240.0	2.401252049485765	0.04475	1.5009803771972656	100.0	68.41463414634147	5.9609375		35462012.0	95.61771930426544	95.27953204608336	95.4082751584557	99.7634154097504	97.57028307418844	96.55344938759389	97.01497443572757	99.057834621278	92.82850037810783	91.76015556815956	91.94662224307136	99.46169069318805	92.65536723163842	93.75	91.35802469135804	0.0	100.0			0.0	0.0
753339391	157.3	36.66	100.5	192.0	1.929950248756219	0.0538777777777777	1.50372314453125	100.0	94.28571428571428	19.7470703125		753339391.0	81.94543019014013	90.32414953199005	85.80261522436243	111.70519139058554	97.28315403868416	96.53760433576836	96.79210009603776	99.42951278187778	58.997795347054975	76.766477971193	69.04873719924475	162.90748184234587	69.6	95.3125	42.62295081967213	0.0	98.85057471264368			0.0	1.639344262295082
605436607	354.13	67.65	172.07	245.0	2.451211716162027	0.1171611111111111	1.5128173828125	100.0	87.91304347826087	17.26953125		605436607.0	79.83090894608972	86.99067287697557	86.06905043380321	193.78133790998197	94.6206183663265	92.25331347045812	92.86917652725448	99.09413577886818	58.18550537428318	67.44127712669604	74.91423124316157	349.20562288966653	61.16207951070336	90.0	35.63218390804598	100.0	97.0	100.0	0.0	1.6129032258064515	1.4814814814814816
415416925	319.49	47.38	128.38	285.0	2.8576881134133045	0.1019083333333333	1.5269660949707031	100.0	64.38461538461539	5.978515625		415416925.0	93.02782700635603	94.84135643962767	93.87884493130716	102.08820126914368	98.48678258103484	92.97855502174714	95.37424368167126	94.399480680021	68.34588211369896	73.34659733811615	74.08297997642713	123.56625066088544	79.35483870967742	100.0	58.03571428571429	90.0	93.76693766937667	44.44444444444444	55.55555555555556	1.5384615384615383	1.3574660633484164
873284698	359.34	71.87	177.17000000000002	243.0	2.43387706722357	0.1197805555555555	1.5164070129394531	100.0	88.47222222222223	17.19140625	11.106879340277777																						
96304274	325.15	42.96	111.91	328.0	3.289339647931373	0.1022527777777777	1.5263442993164062	100.0	38.52173913043478	3.068359375		96304274.0	97.1192649857125	93.72737493031576	95.37367869596363	96.5413569580607	98.82443228801893	93.8064396052636	96.02850935869972	94.93570597570012	93.84540872499144	83.65490789945929	87.94736902535736	89.40418369213641	94.3248532289628	99.55357142857144	89.78102189781022	100.0	96.2655601659751	53.84615384615385	46.15384615384615	1.2195121951219512	0.8968609865470852
822523758	324.86	42.7	114.35	321.0	3.2143419326628773	0.1021	1.5308456420898438	100.0	45.34782608695652	3.068359375		822523758.0	96.05586927904412	93.9714420148514	94.97355819093634	97.88427005231183	98.10290704488256	93.8252067706474	95.53131268032436	95.69220762621056	89.21620348244141	79.98085625453355	85.232937250454	93.16987995581822	91.864406779661	98.61111111111111	84.45229681978799	100.0	94.4649446494465	68.42105263157895	31.57894736842105	3.3472803347280333	1.056338028169014
951670089	323.94	42.52	111.61	328.0	3.283397545022847	0.1017944444444444	1.5240707397460938	100.0	49.28260869565217	3.068359375		951670089.0	95.84935874127628	95.5035429987842	95.63862057025511	99.7230196680157	97.8446674116969	94.60170891695554	95.96707742300524	96.75323615352548	88.39087819682021	84.72498102617077	85.33729459443629	99.6327974199919	87.5	97.10610932475883	76.19047619047619	44.0	97.05215419501134	81.81818181818183	18.181818181818183	1.5625	0.0
188799541	317.19	48.32	124.6	293.0	2.9334670947030497	0.1015305555555555	1.5253105163574219	100.0	61.76	5.958984375		188799541.0	92.40538538764412	91.92335576687849	91.9636299585079	100.10860953743295	97.1020115945023	96.0242593725964	96.48808350955235	99.0821537386538	82.46984098611212	82.33319270313403	82.96002102576406	106.51106350206506	88.15028901734104	94.8905109489051	83.49514563106796	100.0	96.0655737704918	33.33333333333333	66.66666666666666	5.232558139534884	0.0
480091697	324.42	42.51	111.57	328.0	3.288787308416241	0.101925	1.5235176086425781	100.0	45.08695652173913	3.068359375		480091697.0	92.59317241320808	92.03378788130858	92.25832687114853	99.53801806460297	98.51322812923542	93.79884032618342	95.7738402959994	95.2613723615302	82.78190453208947	81.32010384533784	81.48888713235246	99.70156685142024	85.33604887983707	100.0	75.70422535211267	76.92307692307693	96.65871121718376	90.0	10.0	1.8604651162790695	0.0
862276537	332.39	44.23	111.8	336.0	3.368694096601073	0.1046166666666666	1.5270538330078125	100.0	43.21739130434783	3.068359375		862276537.0	94.62601431292616	93.68229376480276	94.0942993025162	99.0781050694491	98.83893278038208	94.8312349876194	96.65170842580967	95.99711920447474	88.0391170187881	86.67870231616585	86.79311616683603	100.91330016816204	85.2882703777336	100.0	77.1604938271605	100.0	95.57109557109555	58.333333333333336	41.66666666666667	2.4	0.5988023952095809
742696178	351.43	65.77	161.0	259.0	2.591304347826087	0.1158888888888888	1.5214576721191406	100.0	75.51515151515152	17.19140625		742696178.0	93.42354404111774	88.2896884459356	90.6526336456791	94.637355434292	91.19344137776206	91.1456470907588	90.16669582506732	108.15086625986874	92.01217082210452	80.43629177494783	85.16167627784624	87.83845193741762	90.3755868544601	94.4954128440367	88.48684210526315	100.0	95.58441558441558	23.07692307692308	76.92307692307693	1.1152416356877324	0.9708737864077668
481453754	323.87	44.42	112.0	328.0	3.2883035714285715	0.1023027777777777	1.5217399597167969	100.0	46.82608695652174	3.068359375		481453754.0	91.6955664689158	94.71068961814032	92.98108992080395	104.21790995892502	98.43348394436688	95.84281843928356	97.00447185808991	97.4171673368324	63.0743631474556	69.84810961559111	79.72126968002073	176.04966374039287	82.58575197889182	98.71244635193132	56.61764705882353	60.0	97.444089456869	100.0	0.0	2.5974025974025974	0.0
348018141	363.6	70.33	180.98	239.0	2.3976682506354297	0.1205361111111111	1.5174560546875	100.0	88.02702702702703	17.2109375		348018141.0	93.90029402858896	94.1866536556145	93.84141827005232	101.75363292595613	98.00081359060977	92.73731776599458	95.08867316767332	94.65279527905204	75.40192056391278	75.70723862020637	81.28245965565264	114.54521180238444	85.75342465753425	95.13274336283186	67.46031746031747	100.0	95.2076677316294	69.23076923076923	30.76923076923077	1.1764705882352942	0.4651162790697674
932204867	322.17	43.17	107.0	341.0	3.4143925233644863	0.1014833333333333	1.5189933776855469	100.0	41.13636363636363	3.048828125		932204867.0	90.30837328158972	96.1318522896633	92.56575339203935	112.84832194789276	97.23952907695886	94.91510051547203	95.81872686165988	98.60621709740612	71.769904882889	87.348678397512	79.99717313235682	126.21912409814288	74.74747474747475	95.34883720930232	38.53211009174312	100.0	92.7927927927928	81.25	18.75	0.0	0.0
23113594	326.68	47.11	113.56	329.0	3.2915639309616065	0.1038305555555555	1.5210151672363281	100.0	54.17391304347826	3.048828125		23113594.0	88.47759673574136	94.15983090217448	91.00862959873268	108.74649273298948	97.5817534665002	87.55608221267752	90.20511038953464	89.77290034266363	62.80029093960896	65.73395417658664	73.85567037372091	142.64303725888726	75.53763440860214	98.36065573770492	52.38095238095239	61.90476190476191	93.59430604982208	92.3076923076923	7.6923076923076925	0.0	2.7777777777777777
879800109	318.79	46.3	121.82	299.0	2.9969627318995244	0.1014138888888889	1.5137825012207031	100.0	70.46938775510205	5.958984375		879800109.0	91.80676714231448	96.06089738289	93.60619700986317	106.12433215032073	98.41919032503716	95.48306663726758	96.76695600264912	97.020868838127	65.64064225102315	78.02384436780736	77.69126031518994	185.36792495645088	79.6875	97.87234042553192	29.48717948717949	28.57142857142857	98.4313725490196	50.0	50.0	8.695652173913043	0.0
163398153	341.18	54.02	141.11	280.0	2.800651973637587	0.1097777777777777	1.5222053527832031	100.0	76.86206896551724	17.26953125		163398153.0	94.16268620391529	93.40984298872368	93.67726564249296	99.30363320641708	98.88827306379014	93.68522220930925	95.95018713097312	94.68789321532286	82.71825994643109	84.65670466776426	84.09894954880714	107.64005364710634	79.63386727688787	100.0	62.17391304347826	85.71428571428571	94.82758620689656	58.333333333333336	41.66666666666667	2.097902097902098	1.5544041450777202
644363922	324.78	48.02	118.15	315.0	3.155311045281421	0.1035555555555555	1.5228080749511719	100.0	43.333333333333336	3.068359375		644363922.0	93.56181531156776	91.96715200388232	92.66813030243613	98.52288131349592	98.00296052782116	95.06921736539796	96.39356531402636	97.06272125703607	80.57003526170098	75.82805035187565	78.43687291649863	94.27508979140264	84.17431192660551	97.85407725321888	67.0103092783505	100.0	96.73024523160764	88.88888888888889	11.11111111111111	2.307692307692308	0.0
476727767	321.26	47.64	133.82	275.0	2.7566880884770586	0.1024722222222222	1.5354042053222656	100.0	60.74074074074074	5.958984375		476727767.0	95.54610257699304	90.89275516246512	93.13060950728844	95.17315169693224	97.9641885966558	84.0564066874893	89.17577582774278	85.8860068035806	93.64522164270012	85.73152179548771	89.41594826033077	91.64476105575352	87.92613636363636	98.82352941176472	83.69351669941061	100.0	94.66882067851373	80.0	20.0	0.9389671361502347	2.380952380952381
228607133	327.48	43.17	106.37	348.0	3.4845351132838207	0.1029583333333333	1.51727294921875	100.0	49.0	3.068359375		228607133.0	91.71053709765594	91.41735585408358	91.48667445706296	99.83707845833794	96.35265196077576	92.5162324416719	93.82621829660955	95.77615611873516	85.30832591453107	84.3188600831041	84.24885550189852	100.37342247717912	78.37837837837837	90.71428571428572	72.67267267267268	100.0	96.02122015915118	25.0	75.0	2.479338842975207	0.7874015748031495
478618057	327.72	43.46	107.1	346.0	3.465732959850607	0.1031055555555555	1.5163383483886719	100.0	42.90909090909091	3.068359375		478618057.0	92.90264019665275	91.47411785970591	92.05951245793236	98.70035280262408	97.50931378919816	91.93950154999835	94.16491068189757	94.37005261541694	84.22608626570697	74.3301992199002	79.85290423450742	90.00425172515779	81.89910979228486	93.05555555555556	73.48066298342542	75.0	96.0144927536232	55.55555555555556	44.44444444444444	0.7518796992481203	0.7462686567164178
34104829	362.9	66.12	166.78	257.0	2.5723707878642523	0.1191722222222222	1.5271072387695312	100.0	78.1470588235294	17.23046875		34104829.0	91.18482612828484	93.83593627746863	92.4057699311046	103.11129983588192	94.24119400791902	93.92521428494987	95.8999386259456	101.90757895692484	79.78797835800337	85.56891828481301	81.55913704102196	109.75294827987211	76.66034155597723	90.8675799086758	66.11842105263158	100.0	98.51485148514853	100.0	0.0	0.9950248756218906	0.0
583849043	372.37	71.71	182.96	242.0	2.4271972015741143	0.1233555555555555	1.5282249450683594	100.0	88.32432432432432	17.38671875		583849043.0	93.95531324901258	88.2411260918182	90.95710950912392	93.99893997197972	95.36346207578276	90.38941034038892	91.69317993883644	95.95437701371526	91.57336443295844	80.74348737301517	85.59921032676077	88.2980146237709	88.12199036918138	95.53571428571428	86.15071283095723	95.0	94.53551912568308	47.368421052631575	52.63157894736842	1.182033096926714	5.607476635514018
678718624	326.01	44.53	108.45	341.0	3.416689718764407	0.1029277777777777	1.5174484252929688	100.0	52.27272727272727	3.068359375		678718624.0	89.6872165185863	89.3881120705768	89.28457592805326	100.46379542585451	96.63532583929477	95.48266373953668	95.84719863660968	99.5446552963108	84.93086612925543	83.82902112950796	83.70527745988146	100.80457904467106	79.02097902097903	97.76119402985076	69.68641114982579	100.0	96.7551622418879	0.0	100.0	0.0	2.2900763358778624
85784643	319.89	43.63	112.55	322.0	3.2298533984895603	0.1009777777777777	1.5258636474609375	100.0	55.08695652173913	3.068359375		85784643.0	95.93855846317318	92.57939492214118	94.17112883445957	96.61534577819754	98.23088592851926	91.81137999678892	94.57462168150067	93.58086443973804	93.6196288518466	87.00869280660194	89.74075441641325	93.3191802652884	93.49904397705544	98.73417721518987	90.88319088319088	100.0	96.93251533742333	57.14285714285714	42.85714285714285	0.0	0.641025641025641
645934848	320.16	54.4	146.74	255.0	2.5525419108627503	0.1040444444444444	1.5187759399414062	100.0	57.3	5.876953125		645934848.0	93.33110657813288	94.67654663812314	93.689513381607	102.394132629965	95.88487543484848	96.24626923033615	95.81978687992924	101.16484625204394	64.19209062108949	65.45047278688611	74.67275980310309	104.1231500143705	76.72727272727272	95.62841530054644	34.88372093023256	100.0	93.8388625592417	16.666666666666664	83.33333333333334	0.0	4.0
771067718	319.84	48.22	126.12	291.0	2.9183317475420227	0.1022388888888888	1.5162391662597656	100.0	62.65384615384615	5.841796875		771067718.0	92.42004138464686	95.13046518036128	93.65977111924798	103.44194716566288	98.25379203382803	93.6306820142777	95.56828873187392	95.3539229308286	75.35993581192864	72.02130079649965	78.54493248732626	147.85704608959557	83.1353919239905	100.0	62.03208556149733	100.0	91.71428571428572	20.0	80.0	0.0	1.9138755980861244
909988547	346.81	68.75	174.64	237.0	2.3795235913879984	0.1154333333333333	1.5185508728027344	100.0	85.34285714285714	17.25		909988547.0	91.79490639382188	91.18949734100885	93.18113544824324	107.7866888388736	98.53476065790863	94.321481149294	96.11127354583952	95.69994586471276	86.5790724698616	83.49862702554938	85.43587038797054	113.13801611928346	84.91803278688525	100.0	74.4186046511628	50.0	99.22779922779922	100.0	0.0	0.0	0.0
707177822	319.03	42.53	109.0	331.0	3.317064220183486	0.1004333333333333	1.5244789123535156	100.0	41.31818181818182	3.068359375		707177822.0	93.40102220913226	92.02317821059192	92.63426389988513	98.77210079712842	92.88503843443524	85.35722794812375	89.65507019553554	249.26448372541427	90.8288127747118	83.71452645596133	86.550848752184	92.99037620066112	86.6822429906542	86.90476190476191	85.94377510040161	100.0	96.49595687331536	54.54545454545454	45.45454545454545	0.9345794392523364	0.0
730610640	320.9	44.13	111.43	327.0	3.275868258099255	0.1013972222222222	1.5244140625	100.0	49.43478260869565	3.068359375		730610640.0	93.80713254263236	92.85597330640388	93.22620511894428	100.23043385981028	97.55530528418058	92.62528730729592	94.69324820363924	95.08664301425291	91.8263881352378	87.15730343011755	88.95241950213715	96.46117353380085	89.13043478260869	97.12230215827336	84.2911877394636	100.0	95.39295392953927	21.428571428571427	78.57142857142857	0.4545454545454545	1.4814814814814816
804082805	342.47	58.29	147.39	271.0	2.71904471131013	0.1113222222222222	1.5247001647949219	100.0	77.2	17.15234375		804082805.0	94.7731035012008	95.520285951411	95.0690435657828	101.03303345903907	96.37037712494458	94.1061837913865	94.86914971282188	98.02430187942235	84.22465523277333	79.67021254545926	84.33993495751339	98.98338707282748	82.64248704663213	89.68609865470853	70.06802721088435	100.0	94.35736677115987	37.5	62.5	1.9417475728155336	0.0
530501722	381.1	84.66	214.62	217.0	2.170161215171	0.1293777777777777	1.517120361328125	100.0	87.97674418604652	20.1201171875		530501722.0	94.84764121392668	94.05451580654318	94.38840754841134	99.28217388395753	98.3981645988156	93.43701432455224	95.55386983197612	95.02871754072578	80.71827527507318	77.52866898080656	83.17372219065626	145.4505684874308	86.06965174129353	96.36363636363636	71.9298245614035	100.0	95.08670520231212	72.72727272727273	27.27272727272727	4.878048780487805	0.0
55712385	325.82	43.9	113.97	324.0	3.2440115819952617	0.1026999999999999	1.5303726196289062	100.0	50.130434782608695	3.048828125		55712385.0	96.09832828106808	94.17137851615183	95.10450264123446	98.05030746608594	97.43420742646084	84.93339205375551	88.38278412848216	87.3484431865329	94.93079598207306	88.83934079446144	91.58115301858582	93.65546552583194	90.53833605220228	99.2	87.93103448275862	95.83333333333334	95.4954954954955	65.21739130434783	34.78260869565217	0.2450980392156862	0.8064516129032258
730752338	360.33	64.88	171.37	248.0	2.481239423469685	0.1181138888888888	1.5340499877929688	100.0	85.34285714285714	17.23046875		730752338.0	95.62983019379666	94.29829516111224	94.92741545265945	98.6409930170932	93.90951327612844	88.72168440639142	92.43161644628928	95.0239488347904	93.8914899958053	87.95008289481844	90.58163513732347	93.74350292880708	90.1294498381877	90.78947368421052	89.39051918735892	100.0	94.43447037701976	26.08695652173913	73.91304347826086	1.2626262626262623	2.1739130434782608
413732528	361.46	78.03	210.5	208.0	2.0878384798099763	0.1220805555555555	1.5181007385253906	100.0	89.72093023255815	20.1201171875		413732528.0	86.64091954730003	92.16852889720558	90.84404051228648	107.97100024512709	98.8041298109302	94.3751380279012	96.30480380723752	95.62143054301109	63.225883711017104	73.04839222800378	83.3736222798036	174.4571841588845	71.8875502008032	99.21875	42.01680672268908	100.0	97.20670391061452	100.0	0.0	4.0	0.7874015748031495
269091714	318.88	49.97	126.8	290.0	2.9089116719242907	0.1024583333333333	1.5155525207519531	100.0	72.46153846153847	5.958984375		269091714.0	87.84732146175764	90.91710350158986	88.83201217080567	106.46510613560748	97.30349558702348	94.82387782751482	95.78225985352924	97.66278329324712	75.2766165997264	79.25704100855503	77.02186842887356	116.31246782974672	72.65625	91.2621359223301	59.589041095890416	71.42857142857143	97.31182795698923	100.0	0.0	0.0	0.0
475810100	326.31	51.34	131.59	286.0	2.8698989284900067	0.1049027777777777	1.529998779296875	100.0	63.2962962962963	5.998046875		475810100.0	93.35410615810436	96.33540906239077	94.68503584793444	103.85802806069223	97.19719648417264	96.0030666987654	96.50124765803852	98.9557393249715	64.51228469972415	76.34869754192101	77.8703970029454	154.92936654312777	83.27974276527331	96.91629955947135	40.0	100.0	96.52509652509652	22.22222222222222	77.77777777777779	0.0	0.0
452355066	330.85	45.38	113.93	330.0	3.3022908803651365	0.1045083333333333	1.53521728515625	100.0	48.95652173913044	3.068359375		452355066.0	94.70862368733266	93.1155515478845	93.85143359656313	98.39272495527482	96.36301081096175	88.65509681017711	93.64077126512198	90.79081237106986	91.17201191918592	84.15225984122303	87.16649699555919	92.51392292591764	86.27858627858627	97.82608695652172	80.25078369905955	100.0	93.01204819277108	62.5	37.5	0.390625	2.9629629629629632
620779198	327.72	43.72	109.15	340.0	3.4030233623453965	0.1031777777777778	1.5218391418457031	100.0	49.68181818181818	3.068359375		620779198.0	95.1558786551239	93.62344783953148	94.30701323335884	98.56842697432224	97.47110005800648	97.333575476267	97.31621465061532	100.07061644661096	90.29321228839297	84.47438836838442	86.78693795620471	93.78485230780714	90.3954802259887	99.21259842519686	85.06787330316742	100.0	97.5	0.0	100.0	0.0	1.5873015873015872
911033033	374.78	74.51	178.25	252.0	2.5205610098176714	0.1248027777777777	1.5160713195800781	100.0	87.97222222222223	17.26953125		911033033.0	92.57946894452424	92.9486445577813	92.58421184059377	100.92163126029985	98.14369370268425	94.99983126802888	96.4002484064255	96.84147912877825	73.19673101583142	73.61567487689064	79.0670102377906	446.4621558780182	82.93650793650794	100.0	57.42574257425742	100.0	97.1291866028708	75.0	25.0	1.7241379310344829	0.6802721088435374
339642122	359.44	70.39	171.76	250.0	2.5025034932463903	0.1193972222222222	1.5139846801757812	100.0	91.74285714285716	17.171875		339642122.0	79.42549854842109	87.82411461769416	86.41285143754165	120.7405069935257	97.40712738004	88.11910639199128	91.48259663343764	90.60748034573147	47.45482990146801	58.881455405553325	70.64104767722908	195.5184949251456	55.29953917050692	95.78947368421052	20.689655172413797	83.33333333333334	93.33333333333331	20.0	80.0	12.5	0.0
869219610	360.5	70.7	175.94	245.0	2.4508355121064	0.1197777777777777	1.5133743286132812	100.0	87.47222222222223	17.171875		869219610.0	90.7826014517168	95.36471413071148	92.79167784374118	106.3307418896487	97.39907605363614	96.2953580082455	96.78230410462498	99.05209982806724	75.32129238391991	85.48893372753882	81.38410011733839	123.25450344044616	75.68627450980392	94.30379746835445	44.79166666666667	100.0	99.48186528497408	100.0	0.0	0.0	0.0
719498251	358.12	64.81	170.14	248.0	2.485776419419302	0.1174805555555555	1.5286674499511719	100.0	83.0	14.904296875		719498251.0	95.25537581654532	92.41991088783828	93.78697430157143	97.0767682512718	97.91938808887376	82.86489518300473	88.6071190685916	84.70398055116858	92.2758084240007	80.86203520966544	85.48047928072819	87.59985184542096	90.72847682119205	100.0	87.96992481203007	77.77777777777779	93.6131386861314	57.14285714285714	42.85714285714285	1.4245014245014245	1.183431952662722
559636538	320.89	46.19	115.31	318.0	3.1834186107015867	0.1019666666666666	1.5202178955078125	100.0	33.416666666666664	3.048828125		559636538.0	94.92976442000814	94.97634293810736	94.89753515374868	100.18810569370662	98.26843220942408	95.24245115272824	96.6213515859783	96.94430135053769	91.84834234079368	86.75583440911726	88.62258778806573	95.00554267371449	88.79056047197639	98.40425531914892	82.03125	47.82608695652174	96.3455149501661	63.63636363636363	36.36363636363637	0.0	0.0
602518943	359.05	68.62	171.76	248.0	2.4899278062412677	0.1187972222222222	1.51953125	100.0	86.02857142857142	17.07421875	10.50267857142857																						
406424302	324.74	44.21	117.24	314.0	3.1469634936881605	0.1024861111111111	1.5331535339355469	100.0	43.91666666666666	3.048828125		406424302.0	94.5603644533789	88.58226230862947	91.41413921418663	93.69059766232525	96.55889459174232	96.79017401320144	96.0977682868356	103.2947943162316	94.02905983732433	87.16314691110985	90.38681276770043	92.71521870141638	87.046004842615	100.0	86.25162127107653	75.0	99.30458970792768	66.66666666666666	33.33333333333333	0.0	3.92156862745098
666058199	323.35	43.25	106.8	343.0	3.4325842696629216	0.1018333333333333	1.5194740295410156	100.0	49.81818181818182	3.068359375		666058199.0	92.24841569497266	93.97321900357912	92.96449080658569	102.29773141213944	98.27474646307677	94.9679675482048	96.46540746726636	96.71352454363216	81.4973191074853	84.2522092510768	83.4355715714371	109.18218300425052	85.64356435643565	98.75	76.06837606837607	100.0	96.82080924855492	40.0	60.0	0.0	0.6329113924050633
82256758	318.8	44.76	110.92	327.0	3.277677605481428	0.1009888888888888	1.5173110961914062	100.0	48.43478260869565	3.068359375		82256758.0	90.61846675270006	90.46023111539614	89.94141056624424	102.33276197129368	97.58064098716032	92.45055842669386	94.29133579986616	94.33741760720214	72.6479762301628	65.9371676252278	72.02943068594126	223.25605047488745	78.51239669421489	97.5	60.962566844919785	93.75	94.73684210526316	66.66666666666666	33.33333333333333	0.0	0.0
844578985	322.38	43.63	109.77	333.0	3.334335428623485	0.1016694444444444	1.52239990234375	100.0	53.59090909090909	3.068359375		844578985.0	93.18193002622856	89.74818829653888	91.30465679562738	96.525331125247	91.74188892721196	92.59941426168388	96.64672109113344	110.81569788648606	92.98141912761228	85.41482724544333	88.79103448308668	92.06723705755446	87.36263736263736	87.35632183908046	86.94029850746269	100.0	96.85534591194968	11.11111111111111	88.88888888888889	0.4291845493562232	0.0
320110719	317.23	44.04	110.25	327.0	3.276825396825397	0.1003527777777777	1.5301132202148438	100.0	52.65217391304348	3.048828125		320110719.0	95.65984086337616	89.86251943791686	92.53684041532786	94.0284869255767	98.49918300730612	97.6971405195216	98.04160286060257	99.26272140666318	92.76685722539358	80.66582857895314	85.77032187481076	87.25632381271467	92.33038348082596	99.19354838709675	89.04761904761904	60.0	99.04153354632588	0.0	100.0	0.0	0.0
867166048	325.57	43.86	113.14	326.0	3.2652465971362914	0.1026194444444444	1.5269126892089844	100.0	46.04347826086956	3.009765625		867166048.0	94.10423979590098	91.836330704253	92.89963264710252	97.70169500963227	97.7755820412588	87.5901719975195	91.14252185045773	89.74700989689536	88.86840832584663	82.1527956709341	84.90639911670856	93.05437561988896	85.0	94.40993788819875	80.21978021978022	100.0	95.86056644880176	40.0	60.0	1.36986301369863	0.0
844010772	323.37	43.41	105.77	346.0	3.467712962087548	0.1018833333333333	1.5186233520507812	100.0	48.13636363636363	3.029296875		844010772.0	94.0893623694238	90.33193736967104	91.87515590806312	96.62097734767757	98.46817915065002	87.8551210461202	90.61462307120466	89.46681861400731	90.39304388300964	80.37069646626561	84.36970053568709	88.61237934016006	87.5598086124402	100.0	79.84496124031007	100.0	94.53551912568308	55.55555555555556	44.44444444444444	0.0	1.4084507042253522
329333415	317.03	42.7	109.06	329.0	3.298459563543004	0.0999249999999999	1.5201072692871094	100.0	45.90909090909091	3.068359375		329333415.0	88.35158618786811	95.11466914229504	91.1962327045692	110.09634897216304	98.61898036943988	94.38992355161496	96.15277472898649	95.79646333373056	61.89558423289085	70.17960308414948	68.23113428983014	228.27326910604464	75.0915750915751	94.6969696969697	53.54330708661418	85.71428571428571	93.17073170731707	75.0	25.0	2.941176470588235	0.0
30133327	320.38	46.54	121.28	302.0	3.0253957783641163	0.1019222222222222	1.5290031433105469	100.0	59.76	5.115234375		30133327.0	94.68868628374794	93.96174808029517	94.28003415577034	99.2860270178533	97.24533972854104	89.13965228847552	92.31650529630666	91.50817674948397	85.96973569762517	76.93300531950867	79.84318897762127	89.24466824730179	83.3916083916084	92.52669039145908	73.38403041825094	85.71428571428571	94.1299790356394	70.83333333333334	29.166666666666668	1.5544041450777202	0.3846153846153846
185700291	316.31	45.78	137.34	263.0	2.636449686908403	0.1005805555555555	1.5291099548339844	100.0	53.75	5.841796875		185700291.0	91.48398576532912	91.08178331569388	90.97179911314866	102.44074097774724	97.46811405452924	83.47997410623788	87.93427271340462	85.64299109439817	86.7375533120167	78.29069079144868	81.34252464368048	92.43490295957632	78.85802469135803	99.4535519125683	74.2014742014742	46.55172413793103	92.17221135029354	62.96296296296296	37.03703703703704	2.980132450331126	2.197802197802198
118336671	325.98	47.19	125.98	296.0	2.9621368471185905	0.1036583333333333	1.5218124389648438	100.0	64.3076923076923	5.900390625		118336671.0	95.802843862702	91.84439380311971	93.4744672565808	96.097688214337	95.67393567915003	92.50261255619036	93.53022396195604	97.470144318255	94.46175417586734	82.16835135320959	86.45315013417738	87.70272097679573	91.2280701754386	91.25	90.7563025210084	100.0	96.92307692307692	33.33333333333333	66.66666666666666	1.851851851851852	0.0
495695047	381.24	88.29	236.75	198.0	1.983231256599789	0.130425	1.5160408020019531	100.0	95.47916666666669	19.8818359375		495695047.0	93.49265669698735	94.4239415886162	93.87406853784113	101.16712906002672	98.25784279733108	88.70114100281042	91.89039180889672	90.21567141222026	77.13782713578563	73.72637124623766	78.09561251316451	97.83802735986474	79.88980716253444	96.96969696969695	65.49707602339181	66.66666666666666	93.10344827586206	66.66666666666666	33.33333333333333	0.8928571428571428	0.625
234630208	329.17	45.82	111.11	337.0	3.3749437494374943	0.1041638888888888	1.5202865600585938	100.0	38.47826086956522	3.048828125		234630208.0	89.44542985481382	91.10612834372893	89.85033666624878	104.93131902634843	87.31233387126807	89.5683340218824	91.49312439916898	137.7532856832619	85.41423782173365	78.04755379362176	80.17224266127322	95.30961197287117	83.58974358974359	87.25490196078431	79.3103448275862	83.33333333333334	96.93251533742333	90.0	10.0	0.0	0.0
106549519	369.21	73.81	184.96	239.0	2.395220588235294	0.1230611111111111	1.5186309814453125	100.0	92.56756756756756	17.34765625		106549519.0	93.64761314649768	92.23680665440524	92.83737745581278	98.54400933793193	97.3998496573177	95.06690106634788	96.04445018005993	97.75757495405878	82.12906355437234	77.66910791959529	80.32033692933997	105.08200684528748	85.38011695906432	94.85714285714286	73.71794871794873	100.0	95.2054794520548	72.72727272727273	27.27272727272727	0.0	1.8072289156626504
616171128	315.08	48.42	129.04	281.0	2.816955982641041	0.1009722222222222	1.5199546813964844	100.0	48.15384615384615	5.822265625	2.0580679086538463																						
396913821	358.46	71.05	178.0	241.0	2.4129775280898875	0.1193083333333333	1.5176963806152344	100.0	88.08333333333333	17.23046875		396913821.0	93.84841343283696	95.4164138784175	94.4236823709918	102.50780677475773	97.34213535066112	95.66138522215346	96.29051500735194	99.0260790340426	81.0163104250574	88.4508269394487	85.75027847177948	115.04655563707398	84.93150684931507	96.93877551020408	59.57446808510638	100.0	98.38709677419357	100.0	0.0	3.571428571428571	0.0
68587432	326.46	42.33	111.01	332.0	3.3221331411584543	0.1024416666666666	1.5251121520996094	100.0	46.04347826086956	3.068359375		68587432.0	90.57303361684372	94.676280866639	92.49324836471185	105.0610717568764	97.01970570209906	91.21576272580444	93.3664594299295	94.22635588598482	77.53139466244653	81.89943225538914	78.6997584277175	110.40539586046864	77.2020725388601	95.60975609756098	64.95726495726495	100.0	93.73601789709171	52.17391304347826	47.82608695652174	0.8771929824561403	1.530612244897959
521776911	349.97	63.73	158.35	261.0	2.6125670982001896	0.1149166666666666	1.521240234375	100.0	83.25	17.171875		521776911.0	96.49408122465438	90.09625836409224	93.10355311743974	93.4232537308777	97.6699144453126	90.68058042311328	93.3229340089196	92.897027185157	92.38810235962382	78.68725208078425	84.1539951577284	85.43185610307837	92.06798866855524	100.0	86.0	100.0	94.76923076923076	66.66666666666666	33.33333333333333	0.0	3.546099290780142
860252322	319.45	44.63	110.08	330.0	3.3074127906976742	0.1011333333333333	1.5173759460449219	100.0	45.95652173913044	3.048828125		860252322.0	94.46139291663688	93.87707393404456	94.0654910108245	99.57185871753784	91.72866250548758	95.47113471008238	92.55116744867844	109.3654206496026	92.27949017771417	83.6036299228301	86.47974011684181	90.78968577173234	84.46601941747572	79.6116504854369	86.38743455497382	93.33333333333331	91.95402298850574	21.428571428571427	78.57142857142857	1.2121212121212122	6.097560975609756
851689669	332.92	45.84	113.23	334.0	3.34504989843681	0.1052111111111111	1.5290565490722656	100.0	42.130434782608695	3.068359375		851689669.0	96.14217271495588	91.40257719523294	93.66317437129038	95.12751122989204	99.31540501338117	91.49875188537274	94.8481475913604	92.13079322923498	94.5004089593662	85.99140464137182	89.79170940030244	91.05964036386328	93.19620253164555	100.0	91.6015625	100.0	95.58573853989812	33.33333333333333	66.66666666666666	1.279317697228145	1.96078431372549
39183495	346.29	62.13	153.56	265.0	2.6596769992185467	0.11345	1.5177078247070312	100.0	84.19354838709677	17.171875		39183495.0	95.26043744356356	94.69787493311571	94.83245756550184	99.81852828296554	98.76998447413644	94.88920056950964	96.51501448356169	96.11262472577822	70.37958931321053	66.96352507580657	73.08354144932153	107.2623442586065	89.96138996138995	98.84393063583816	68.83116883116884	100.0	95.27896995708154	66.66666666666666	33.33333333333333	1.8867924528301887	0.5847953216374269
434705002	318.1	48.11	127.51	287.0	2.8720100384283587	0.101725	1.5231285095214844	100.0	61.65384615384615	5.958984375		434705002.0	94.97765095903397	92.3608366362136	93.586685001263	97.3574068038572	96.96938489820992	94.82731568100068	95.74678131991926	97.91185491184756	89.63094951753534	79.9068061805487	83.29371927717945	90.081415211702	89.76545842217483	94.88636363636364	85.66176470588235	100.0	94.77434679334915	33.33333333333333	66.66666666666666	0.0	0.5988023952095809
110807250	316.29	47.34	128.67	282.0	2.826066682210305	0.1010083333333333	1.5190544128417969	100.0	73.84615384615384	5.900390625		110807250.0	93.52051288532552	91.4622018504374	92.4169600557582	97.81487099629356	95.18506896264115	94.8992422251422	94.92002795929176	99.80403351559929	88.26057644458591	76.22489393777538	80.92693751173522	85.31675341423836	85.07795100222717	89.55223880597015	78.89908256880734	100.0	90.0523560209424	13.333333333333334	86.66666666666667	0.5813953488372093	3.888888888888889
840918177	320.73	47.48	130.27	282.0	2.826514162892454	0.1022805555555555	1.5208778381347656	100.0	66.70370370370371	5.978515625		840918177.0	94.35386072440112	93.31886400897224	93.77428118009362	99.06867011031092	95.12335085420526	91.21648915688334	92.54565259737385	97.33652172710391	89.27251746604735	83.13488149020519	86.82413933326036	92.90510212341692	86.53421633554083	89.57345971563981	82.43243243243244	100.0	94.64285714285714	80.0	20.0	0.0	0.5291005291005291
954076577	321.13	46.25	125.04	293.0	2.93809980806142	0.10205	1.5324172973632812	100.0	61.65384615384615	5.880859375		954076577.0	96.4772055107092	93.98150688544337	95.15432579937112	97.50421123278451	99.0281106106816	94.85090539246708	96.7378608385872	95.76477158087526	89.58523423906163	84.22330992545875	88.24527110177047	100.44645972654664	92.08333333333331	100.0	83.4061135371179	100.0	97.51131221719456	63.63636363636363	36.36363636363637	0.0	0.0
706362185	316.72	43.51	108.63	331.0	3.316118935837246	0.1000638888888889	1.5164833068847656	100.0	43.45454545454545	3.068359375		706362185.0	89.23306158937183	92.4130282948529	90.49087945859864	105.26225958689668	96.54864696020692	93.01063887226256	94.65123531064026	96.2483021269121	66.71024557805302	75.40726983630188	82.30846196770871	220.64357063196445	76.77902621722846	93.98496240601504	59.09090909090909	100.0	96.09756097560977	100.0	0.0	5.128205128205128	1.6
778969369	378.09	89.96	233.72	200.0	2.002609960636659	0.1300138888888888	1.5156097412109375	100.0	79.85106382978724	20.1591796875		778969369.0	93.66774901986751	95.0912967607892	94.27465706387112	101.94472433269088	98.11571352835604	93.45227926030572	95.57639274656992	95.33070593769608	77.1763771637413	77.09790960316731	82.29225317266265	108.44280986305006	84.40677966101696	97.25274725274726	60.95238095238096	100.0	95.98393574297188	62.5	37.5	0.0	1.1299435028248588
398501727	321.37	42.1	107.93	336.0	3.367645696284629	0.1009638888888889	1.5201568603515625	100.0	43.0	3.048828125		398501727.0	90.32241424845644	89.38036062396468	91.552816071462	101.15505945328856	97.08040355035092	94.49544972816456	95.52849737863724	97.58930140762472	86.07011289345839	83.75244883426768	86.19422257996443	100.28106706814984	81.29496402877699	93.07692307692308	76.17328519855594	70.0	97.34513274336284	71.42857142857143	28.57142857142857	0.9478672985781992	0.0
433118444	368.73	83.69	218.0	207.0	2.075321100917431	0.1256722222222222	1.514801025390625	100.0	89.36363636363636	20.0810546875		433118444.0	94.68429212798684	90.25428918242832	91.61854362067793	96.43339400504652	97.96881044092792	97.35098684828958	97.59983765688668	99.51277826480624	71.15626646955633	65.29732084142267	71.39748808933855	115.88680744852576	87.4439461883408	100.0	70.83333333333334	100.0	96.4102564102564	0.0	100.0	0.0	1.639344262295082
571632794	318.01	41.88	107.72	334.0	3.340976606015596	0.0999694444444444	1.5173835754394531	100.0	44.22727272727273	3.068359375		571632794.0	91.05812771985956	94.86989288548	92.786712914307	104.7931011045559	98.79021177039114	95.76445232641944	97.19011771254505	96.92042672389373	56.97298143358248	80.30029870794066	68.57474338436077	192.4667041002042	70.46979865771812	98.23529411764706	32.53968253968254	100.0	97.14285714285714	100.0	0.0	9.75609756097561	0.0
518242117	320.52	44.03	110.15	330.0	3.3095778483885603	0.1012638888888888	1.5197105407714844	100.0	44.130434782608695	3.048828125		518242117.0	91.09630385518952	90.18663674884282	90.5255209840898	99.2126289886818	95.87265072251654	90.35679289148742	92.43255726817412	94.68026727595392	78.87851023819135	71.70803683345031	76.92128240502163	209.6012624225839	81.9672131147541	93.61702127659576	72.46376811594203	100.0	92.0	38.88888888888889	61.11111111111112	2.666666666666667	1.5151515151515151
843952890	322.6	44.35	108.81	337.0	3.3723922433599856	0.1019305555555555	1.5170478820800781	100.0	50.31818181818182	3.048828125	1.6136363636363638																						
569302725	338.63	53.65	143.54	273.0	2.732896753518183	0.1089666666666666	1.5169296264648438	100.0	81.62068965517241	17.1328125		569302725.0	94.99172901419146	90.79136802525144	92.70869520160788	95.81005410465468	95.5166767827674	92.30343855600474	93.55260494653186	97.03835807142552	93.86887052029452	87.64336663425662	90.24695653440963	94.29512162753753	90.80779944289694	96.8	87.22466960352423	100.0	96.93251533742333	57.14285714285714	42.85714285714285	0.0	2.479338842975207
510066456	321.5	42.14	107.96	336.0	3.3682845498332714	0.1010111111111111	1.5193023681640625	100.0	44.27272727272727	3.029296875		510066456.0	93.69783768167092	96.0538965618869	94.80918977190088	102.67487530250013	99.14839686582698	93.32401974689836	95.80494133581372	94.11747883894463	78.91338228146422	84.53328421060162	80.65296543321429	110.03740920827948	82.26221079691517	100.0	52.41379310344828	100.0	95.9375	66.66666666666666	33.33333333333333	1.3157894736842104	0.0
577075359	328.63	44.72	107.04	348.0	3.487948430493274	0.1037083333333333	1.5182075500488281	100.0	56.59090909090909	3.029296875		577075359.0	95.19443533969516	94.13362267589778	94.5010553899736	99.18394669092842	98.81251079522076	94.50079246530882	96.26668396201276	95.64511515532033	63.05737261739234	57.553592018331855	73.99335925401093	92.50254112959772	88.47457627118645	100.0	66.26506024096386	71.42857142857143	92.72030651340997	26.666666666666668	73.33333333333333	7.272727272727272	0.0
174982440	322.2	42.52	110.76	329.0	3.292885518237631	0.1013111111111111	1.5221366882324219	100.0	44.21739130434783	3.068359375		174982440.0	89.14064083667867	94.39018258046886	91.44391276405128	109.49357039484885	94.23461547748788	94.21650800608828	95.91230854249376	101.37252066927388	73.88528030430705	84.16811978443883	78.59085234167097	140.60430325110232	72.7979274611399	94.11764705882352	52.0618556701031	80.0	97.86476868327402	100.0	0.0	1.98019801980198	0.0
598317472	317.94	44.02	109.22	331.0	3.314045046694744	0.1005444444444444	1.5184555053710938	100.0	48.65909090909091	3.068359375		598317472.0	93.99281625862632	93.71862311594006	93.7369858883251	99.96708613038103	97.1939031318065	95.40368869144912	96.0786570465002	98.38508283599975	84.59651088276945	78.5802282482727	79.98799245863022	94.38486871370002	87.74193548387098	98.77300613496932	74.10071942446042	100.0	94.85294117647058	12.5	87.5	0.9708737864077668	3.1055900621118013
753442690	323.51	44.95	110.47	333.0	3.335385172445008	0.10235	1.5326805114746094	100.0	47.30434782608695	3.068359375		753442690.0	85.97365710984424	90.3853436516439	87.92364234587549	105.93029893954127	96.62113607530108	92.83868262218984	94.1388952081436	98.2759531026323	71.14410935033592	76.39733784327281	77.38127461550798	113.78545378700846	70.3125	96.7479674796748	52.35602094240838	100.0	95.11111111111111	0.0	100.0	1.0	3.361344537815126
138991691	402.19	100.79	268.02	187.0	1.876650996194314	0.1397166666666666	1.5265731811523438	100.0	94.44444444444444	19.9833984375		138991691.0	94.441234803938	92.33839691061912	93.29909273040349	97.86625962019826	92.569146109079	88.56007693422508	91.84029710047176	96.4555307854332	88.92696609938619	76.42220964335361	83.40723165836884	84.61998678414906	87.92079207920793	94.11764705882352	82.10116731517509	92.5925925925926	90.09009009009009	36.0	64.0	0.9478672985781992	8.173076923076923
797715128	408.15	108.13	281.04	183.0	1.837033874181611	0.1434111111111111	1.5176849365234375	100.0	94.3859649122807	20.1201171875		797715128.0	97.3532777047458	93.6173283058636	95.32645541263368	96.25203633666902	97.13996523202684	95.2953771317088	95.9688045249039	98.34867395714572	96.62246045917028	84.06889430208187	89.47707744487269	86.86387208602419	94.0809968847352	93.33333333333331	94.30379746835445	100.0	95.36423841059604	15.384615384615383	84.61538461538461	0.0	0.7142857142857143
520477284	321.51	43.95	109.07	335.0	3.3506922160080683	0.1015166666666666	1.5158195495605469	100.0	59.54545454545455	3.068359375		520477284.0	86.93891697713906	90.84178204863092	90.37735137590025	113.06362218966926	96.36217314846816	93.268513502027	94.49924153018704	101.69731986932968	75.83100550881018	88.41879337997595	80.40274216964346	123.85719377245108	68.71165644171779	100.0	49.75369458128079	100.0	99.10714285714286	100.0	0.0	0.0	0.819672131147541
581966102	330.4	43.66	111.86	334.0	3.344001430359377	0.1039055555555555	1.52032470703125	100.0	47.04347826086956	3.048828125		581966102.0	94.25181703595769	96.6299457897191	95.37774012430008	102.69297452565924	98.5965687749448	94.54375981467469	96.37646700109606	95.8891325551779	65.75343625862638	66.68886762833287	78.6309328109397	220.52301115121836	76.50130548302873	98.29787234042551	37.68115942028986	100.0	96.24573378839592	50.0	50.0	0.0	0.4329004329004329
143493819	391.6	94.62	249.37	194.0	1.9497934795685128	0.1350611111111111	1.52215576171875	100.0	95.88	20.1357421875		143493819.0	96.73849888241176	93.1067782746603	94.76411430134276	96.30141795196684	98.54090887194486	93.9795201232144	95.63975845953452	95.4036430004015	90.24992458025037	82.58837334214755	87.69647377344658	90.3987494142818	94.0766550522648	97.43589743589745	89.68253968253968	100.0	96.29629629629628	80.0	20.0	4.424778761061947	0.0
314033317	369.74	70.75	180.77	243.0	2.4367428223709684	0.1223583333333333	1.5255317687988281	100.0	82.21621621621621	17.15234375		314033317.0	95.03887744869444	91.9740369907036	93.39781424898858	96.8928948049599	97.01012462915716	94.81431358790732	95.46458848047462	98.0657364306776	86.27893826172978	78.47701387991899	81.47375713001915	92.06154192287232	85.68507157464212	97.3568281938326	74.80314960629921	100.0	96.65871121718376	50.0	50.0	0.0	2.7149321266968327
729924895	344.29	59.92	151.54	266.0	2.667348554837007	0.1122805555555555	1.5181961059570312	100.0	80.61290322580645	17.1328125		729924895.0	88.9038756853624	93.33334448349832	90.70702736360454	106.53781428894942	96.98507580397906	95.71495295986644	96.21286147153003	99.25536499444702	69.01615551007595	80.32092001629186	76.65786461923787	129.30255465822876	74.75728155339806	93.64161849710982	50.38167938931297	60.0	98.7012987012987	100.0	0.0	0.0	0.0
359856494	326.41	42.87	109.86	336.0	3.3613690151101405	0.1025777777777777	1.5209541320800781	100.0	44.95454545454545	3.029296875		359856494.0	95.0300466718717	94.65492833524532	94.78915804208992	99.67706778336672	98.66166667263444	93.09604198031457	95.39749648745932	94.36042511465264	81.4562585637236	84.18180318368213	81.86470874105274	105.864313207208	86.77494199535964	100.0	62.5	100.0	96.524064171123	87.5	12.5	4.2105263157894735	0.3690036900369003
881549524	331.33	44.77	120.01	313.0	3.1339055078743434	0.1044722222222222	1.5382957458496094	100.0	49.75	3.029296875		881549524.0	95.84395680795082	93.05091294738172	94.40486439051244	97.11378031074584	96.4032985029554	86.82216674003793	90.44317279764292	89.8483511499044	93.20986447256972	83.37182362792375	87.74426078272602	89.46059359622086	93.49489795918367	95.04504504504504	92.29287090558766	100.0	91.81446111869032	44.18604651162791	55.81395348837209	1.4613778705636742	4.739336492890995
426046672	367.52	72.83	183.66	239.0	2.3976369378198843	0.1223194444444444	1.5224800109863281	100.0	90.43243243243244	17.1328125		426046672.0	90.76426586845989	88.66485556680365	89.50414476316699	98.21382166299269	96.85443459564704	84.82656281751034	88.2593168072411	87.84151413909416	86.57844877527693	76.27970240415942	80.27046248885836	89.20123474057412	83.11965811965813	91.66666666666666	80.19801980198021	75.75757575757575	92.80205655526991	32.0	68.0	1.2345679012345678	0.0
92261022	321.67	44.63	109.52	334.0	3.3445945945945943	0.10175	1.5166587829589844	100.0	48.72727272727273	3.068359375	1.0398615056818181																						
996276687	319.36	45.26	126.04	289.0	2.8928911456680417	0.1012833333333333	1.5250778198242188	100.0	66.76923076923077	3.69140625		996276687.0	96.5578370270884	93.4694391973589	94.89462064599763	96.86611420476277	98.50430518601208	93.49939179947856	95.70496064934125	94.88048421769372	78.77189075708	67.50394876696323	75.612305850053	98.0721022435482	91.07981220657275	98.57142857142858	76.61290322580645	77.27272727272727	93.81443298969072	82.35294117647058	17.647058823529413	7.368421052631578	0.0
711143523	316.18	47.95	124.39	292.0	2.92732534769676	0.1011472222222222	1.52294921875	100.0	72.08	5.998046875		711143523.0	93.1190234257722	91.78966086972112	92.3350186734852	98.8836394144991	97.46014759641965	95.30663737952462	96.2640897380012	97.851480950063	72.41682331365796	70.80045998970517	77.216821780122	121.09511877618404	85.75129533678756	96.49122807017544	69.07894736842105	100.0	96.07250755287008	100.0	0.0	3.8095238095238098	1.3636363636363635
882249430	384.69	90.21	239.38	198.0	1.983875010443646	0.1319166666666666	1.5191078186035156	100.0	86.33333333333333	20.1982421875		882249430.0	91.5256356599479	92.503385031007	91.93613198272168	101.30903125344912	93.8797298540652	95.82422171282457	94.65797937766538	102.74218518966754	88.78093773713343	90.29093923268624	89.22688350800102	103.29527213769865	79.13043478260869	83.33333333333334	77.14285714285715	100.0	99.17582417582418	100.0	0.0	0.823045267489712	0.0
500592846	323.0	43.76	109.43	335.0	3.351548935392488	0.1018777777777777	1.5151329040527344	100.0	48.81818181818182	3.068359375		500592846.0	91.2695020923168	94.0003605313696	92.46014010446775	103.94463487300794	95.71504989827916	91.57404287082566	92.99997889916182	96.2240175567511	86.37984264504819	91.45569205330256	88.40337449374007	109.61832288020824	81.87311178247734	96.07843137254902	75.1111111111111	100.0	95.5719557195572	50.0	50.0	3.5502958579881656	2.0408163265306123
54996710	330.76	43.64	119.23	313.0	3.1401492912857503	0.104	1.5430717468261719	100.0	47.458333333333336	3.068359375		54996710.0	95.82476041498084	93.0681752973112	94.4024322141691	97.1708463251253	96.87671923355911	81.05990298734177	86.24149619107361	83.8168769890694	93.74454765110622	86.00140889548304	89.54718789222397	91.8796820908922	93.73493975903614	98.99497487437183	91.77852348993288	97.14285714285714	93.95886889460157	76.47058823529412	23.52941176470588	1.4625228519195612	2.538071065989848
35462012	332.27	46.95	107.04	354.0	3.5427877428998507	0.1053388888888888	1.5206336975097656	100.0	53.04651162790697	3.048828125		35462012.0	95.16406831591264	95.49375641539596	95.29156645014405	100.47395606516277	97.9240350970748	96.55303992252009	97.20153479417328	98.651607717657	91.47959826989484	92.38738495885544	91.64629263140696	101.68296339796336	92.25181598062952	95.4337899543379	88.54166666666666	100.0	99.47506561679788	50.0	50.0	0.0	0.0
753339391	360.41	72.36	179.55	241.0	2.410303536619326	0.1202138888888889	1.516693115234375	100.0	85.27777777777777	17.2109375		753339391.0	82.88867356113558	92.88753208708847	87.23358930953478	114.65173279573492	97.88404199381074	96.02140356190482	96.84308664018506	98.20832559984112	57.75217270737125	73.93488893845715	71.75452267999637	782.0497062344683	66.45962732919256	94.5945945945946	40.82840236686391	100.0	96.72897196261682	60.0	40.0	0.0	1.4285714285714286
605436607	707.37	133.95	334.08	251.0	2.518318965517241	0.2337	1.5362319946289062	100.0	86.00746268656717	17.38671875		605436607.0	80.91319515238864	88.23548824263865	86.4279148018891	155.90586385317098	94.99289914965946	90.25123006831672	91.86944823226284	96.16351305252138	60.90350416840092	69.19966477078681	74.37667779899141	236.40145858831124	62.24961479198768	89.79591836734694	36.95014662756599	100.0	94.8019801980198	78.57142857142857	21.428571428571427	2.380952380952381	1.5151515151515151
415416925	638.63	81.89	213.0	338.0	3.382723004694836	0.2001444444444444	1.5556716918945312	100.0	50.95348837209303	3.068359375		415416925.0	92.8156196595159	94.64586334159964	93.63143242143288	102.3009498261891	98.5593143007453	92.34510364247306	94.98886684961016	93.6999767061974	69.10190777955812	71.67122815075561	74.03101374846959	121.14926415982548	79.18088737201366	99.29078014184395	57.2463768115942	92.85714285714286	93.10344827586206	38.46153846153847	61.53846153846154	2.109704641350211	0.9523809523809524
873284698	703.93	136.03	337.75	248.0	2.486928201332346	0.2333222222222222	1.5343170166015625	100.0	87.80882352941177	17.34765625	11.32275390625																						
96304274	636.83	82.1	210.06	342.0	3.422498333809388	0.1997027777777777	1.5575294494628906	100.0	45.55813953488372	3.068359375		96304274.0	97.03951121327482	93.51306340732016	95.22288567407982	96.39317673474936	98.19357830457648	90.13346137609707	93.26712005899856	91.86190421890234	93.94161059365308	83.47984075863076	87.82701231890529	88.96512140351965	94.47731755424064	99.29078014184395	90.53571428571428	100.0	95.61586638830896	51.61290322580645	48.38709677419355	0.9861932938856016	1.4285714285714286
822523758	643.77	79.84	212.21	340.0	3.4098770086235333	0.2010027777777777	1.5647697448730469	100.0	54.88372093023256	3.068359375		822523758.0	95.6959978320952	93.51199810944898	94.55457889399604	97.77743379879374	97.88817784854592	93.5570340378724	95.29693928568814	95.58736559730784	89.22405353576507	79.47396816769259	84.11856267028159	90.75811618554292	91.35802469135804	98.68173258003766	83.98576512455516	97.5609756097561	94.3050193050193	67.5	32.5	2.330508474576271	1.5267175572519085
951670089	637.68	82.04	208.89	344.0	3.4454497582459664	0.1999222222222222	1.5585670471191406	100.0	43.75903614457831	3.068359375		951670089.0	95.2550007094071	95.40122509577796	95.28350460327934	100.27551653234474	97.85961893838903	94.88072277244676	96.16789101278964	97.01451708074238	81.61448028472121	79.89877429634782	82.79175262832678	105.71392010059846	87.02290076335878	97.0724191063174	73.42857142857143	51.02040816326531	96.71052631578948	72.0	28.000000000000004	1.1673151750972763	0.3174603174603174
188799541	622.64	79.49	196.49	357.0	3.573362512087129	0.1950361111111111	1.5458335876464844	100.0	47.05	3.048828125		188799541.0	92.10424934759229	90.97147714970424	91.33964485135466	99.3513172030853	96.2614901734934	95.887054444884	95.92274065552282	100.3290539894632	83.92193811626404	81.77235286714291	82.74271337408616	102.19737936617844	87.7318116975749	94.56521739130434	83.01435406698565	100.0	96.7479674796748	57.14285714285714	42.85714285714285	3.746397694524496	0.0
480091697	633.72	82.25	206.19	347.0	3.472379843833358	0.1988805555555555	1.5502967834472656	100.0	48.69047619047619	3.068359375		480091697.0	92.23530303010963	92.23070153395604	92.15121374283136	100.31554537789296	98.25663677593948	93.30745762691129	95.29907953661288	95.12646255477902	83.30910692997828	82.77709793393012	83.38597666301598	101.16031224214584	84.5327604726101	99.7159090909091	75.0	81.48148148148148	96.3151207115629	86.36363636363636	13.636363636363637	1.6908212560386473	0.0
862276537	646.18	82.77	210.41	346.0	3.4644265956941207	0.2024861111111111	1.5591812133789062	100.0	40.88372093023256	3.068359375		862276537.0	94.4369430172341	93.02984046402896	93.67880305607788	98.57825800946334	98.83457491470404	94.4263092552945	96.43672761308127	95.5949264833346	88.56564007937273	86.42270479317072	87.1043893890206	98.9521865175686	85.92233009708737	100.0	78.42261904761905	100.0	96.38418079096044	57.14285714285714	42.85714285714285	1.8975332068311197	0.2967359050445104
742696178	704.03	130.38	326.89	255.0	2.5525712013215456	0.2317805555555555	1.5471153259277344	100.0	85.72727272727273	17.2109375		742696178.0	93.85119737375932	87.85072906919673	90.6200753085236	93.77434828385756	93.01996990097844	91.80214655841468	91.5922425107018	103.14519858272264	92.29932067125144	79.80966862585915	85.06478169220493	86.8960260534985	91.81494661921708	95.72649572649571	89.8972602739726	100.0	95.60723514211888	20.0	80.0	0.9523809523809524	1.7857142857142856
481453754	636.46	85.42	208.07	346.0	3.4694093333974143	0.2005222222222222	1.5501632690429688	100.0	49.85714285714285	3.068359375		481453754.0	92.45946300500712	95.24467652063451	93.67158608061338	103.70873049137032	98.42280424173065	95.63051852889436	96.85196820491464	97.21976694920612	59.78881715686322	70.20274578062384	76.63860425673268	176.20483300644122	81.34228187919463	98.29059829059828	51.93798449612403	63.1578947368421	97.1947194719472	100.0	0.0	3.731343283582089	0.0
348018141	707.08	128.99	326.41	256.0	2.561410496001961	0.2322416666666666	1.5474433898925781	100.0	87.10606060606061	17.34765625		348018141.0	93.38542171414122	93.47833547043663	93.25023372106978	101.15333098587264	97.16937947604151	92.71854124116422	94.40977626767896	95.93228582398538	78.6026751204014	77.51107502026636	82.25058417596593	143.73850155401476	85.38681948424069	95.23809523809524	68.09338521400778	100.0	95.80536912751678	66.66666666666666	33.33333333333333	1.1428571428571428	0.5
932204867	626.2	81.68	202.43	349.0	3.496912512967446	0.1966333333333333	1.5411415100097656	100.0	46.04878048780488	3.068359375	1.3373666158536586																						
23113594	630.14	83.64	205.56	347.0	3.4723681650126483	0.1982722222222222	1.5444793701171875	100.0	38.69047619047619	3.068359375		23113594.0	90.1763696098846	93.38792535991058	91.5684543637769	104.89485896622564	97.0213342435652	89.40746609685131	91.52882938565924	92.1126578826477	70.3348779996872	70.35993161469742	76.50865308718564	123.68125709091262	79.41585535465924	97.14285714285714	62.20238095238096	66.66666666666666	95.27145359019264	72.72727272727273	27.27272727272727	0.0	1.4705882352941175
879800109	628.54	81.14	203.21	349.0	3.4923478175286644	0.1971333333333333	1.53851318359375	100.0	53.49382716049383	3.068359375		879800109.0	91.67754435169972	95.74664489144956	93.47701052484148	105.35397572868985	98.3975655092176	95.53860309536718	96.8303503733268	97.09941292650484	61.4533352709689	75.02774842873121	76.3071013310164	189.35484131163736	78.516228748068	97.8813559322034	25.925925925925924	30.76923076923077	98.4251968503937	50.0	50.0	7.142857142857142	0.2164502164502164
163398153	709.08	127.73	323.27	258.0	2.5885792062362736	0.2324472222222222	1.5455894470214844	100.0	81.33846153846154	17.46484375		163398153.0	93.70599028454362	93.539339299677	93.52749472921938	99.95555242426246	98.5209795480086	92.03078065559966	94.83858031454147	93.4210745499734	79.77598584862726	81.87256118401322	82.66492819336173	109.40887061317903	79.84886649874056	100.0	60.55979643765903	86.8421052631579	92.90220820189276	72.72727272727273	27.27272727272727	1.2605042016806722	2.479338842975207
644363922	632.18	81.11	209.61	340.0	3.402938791088211	0.1981361111111111	1.5530815124511719	100.0	49.90476190476191	3.068359375		644363922.0	93.5675609740384	91.81567994425698	92.54570158219494	98.50830957053137	97.8220234802822	94.12921663426216	95.6939382404166	96.31216569572273	80.39083491638296	73.71578115611761	79.092831633435	104.73225708988411	83.82526564344747	97.32739420935413	66.84350132625994	100.0	96.05633802816902	85.71428571428571	14.285714285714285	1.5873015873015872	0.6864988558352403
476727767	647.47	83.47	225.53	324.0	3.2409878951802424	0.2030388888888889	1.5823135375976562	100.0	43.84782608695652	3.068359375		476727767.0	95.63323443362307	91.0211122635206	93.24099924516692	95.2129274360771	97.689487671029	85.77658008379765	90.18354173352331	87.99899795887144	93.70333796772968	85.77597813458385	89.46807757394436	91.63708803044864	88.26739427012278	98.14323607427056	84.2406876790831	100.0	95.5950540958269	78.57142857142857	21.428571428571427	0.90702947845805	1.891891891891892
228607133	640.19	80.97	198.3	363.0	3.636712052445789	0.2003222222222222	1.5426406860351562	100.0	44.425	3.068359375		228607133.0	91.88868809538695	91.22552009218208	91.4663799543003	99.42994973256911	96.856422136187	94.33412969531332	95.25801054037328	97.328179919429	85.57511595562119	83.70063096778921	85.01725117773742	101.5321939940555	80.36072144288578	92.2077922077922	74.36661698956782	100.0	96.25935162094764	26.31578947368421	73.68421052631578	1.6032064128256511	1.056338028169014
478618057	642.8	84.97	203.05	358.0	3.584191085939424	0.2021583333333333	1.5403594970703125	100.0	44.51219512195122	3.068359375		478618057.0	91.76484714084428	91.3108915172425	91.38820328114345	99.91226165359956	97.05459181856806	91.2311898708318	93.4454102946888	94.0955582665795	81.15311655176116	74.21233804811746	79.94106101255352	111.12591863642288	78.85714285714286	91.80887372013652	68.76640419947506	80.76923076923077	95.47101449275362	52.38095238095239	47.61904761904761	0.381679389312977	1.1152416356877324
34104829	687.27	111.66	283.83	281.0	2.814818729521192	0.2219249999999999	1.5596275329589844	100.0	82.14035087719299	17.23046875		34104829.0	91.46363085613558	93.71436878527976	92.48835496749332	102.6558650512756	93.63420293781604	93.27968115031356	95.1604761213148	102.3232498044554	81.97579660320758	85.68756980082497	82.94161524057057	106.20802956062457	76.75312199807877	89.90825688073394	66.77852348993288	100.0	98.6232790988736	100.0	0.0	0.5025125628140703	0.0
583849043	702.14	124.44	315.53	261.0	2.6196558171964632	0.2296055555555555	1.56109619140625	100.0	80.34375	17.15234375		583849043.0	94.16908411564592	88.49686008481422	91.18244411951233	94.0705605377248	92.96437840853864	86.06076351689735	88.77684139469955	92.31593101714245	92.15974073870836	80.59871801834501	85.73189649820279	87.53045173817446	88.03212851405623	92.274678111588	86.61174047373842	97.5609756097561	94.7992700729927	57.49999999999999	42.5	0.9512485136741972	4.186046511627907
678718624	630.39	83.44	206.49	345.0	3.4569712819022707	0.198286111111111	1.5457534790039062	100.0	51.80952380952381	3.068359375		678718624.0	90.04222760640148	89.15903098529938	89.38298320010965	99.58640320488148	96.95366994374945	95.64403613510147	96.1179461605364	99.2929419266408	86.15632844984975	83.62309714884556	84.33860487403749	98.56029066508718	80.42269187986652	98.47908745247148	72.10440456769985	95.65217391304348	95.71230982019364	0.0	100.0	0.4524886877828055	2.702702702702702
85784643	628.1	79.71	211.61	334.0	3.3448797315816834	0.1966138888888889	1.5556869506835938	100.0	51.06976744186046	3.068359375		85784643.0	95.8460469179773	92.69839816364072	94.19164114814096	96.8188208497272	97.69036116975413	89.82048798617006	93.1675225991592	91.98544818845924	93.6046392718266	86.67602666008015	89.5465838905104	92.78952868786172	93.50145489815714	98.33887043189368	91.15549215406564	100.0	96.2655601659751	51.72413793103448	48.27586206896552	0.4694835680751174	1.351351351351351
645934848	629.25	82.78	204.36	348.0	3.4841945586220398	0.1977861111111111	1.5393753051757812	100.0	49.8780487804878	3.048828125		645934848.0	92.3191197091125	93.976928651079	92.86918269801797	102.61600713942585	95.98406560680372	95.89638591399988	95.69948893507916	100.53430104876276	62.90536803632084	68.40613879216072	72.40219283596765	127.12692330335342	74.82517482517483	94.55040871934604	36.41025641025641	100.0	94.85981308411216	30.0	70.0	0.0	3.45821325648415
771067718	637.28	81.01	202.95	353.0	3.5392461197339244	0.1995249999999999	1.546234130859375	100.0	48.95121951219512	3.068359375		771067718.0	92.5294519701314	95.34806165734445	93.82525213849064	103.47864533695125	98.3632048446674	94.13270667833294	95.96516360470882	95.74490978807565	74.2398059513678	72.16106056464054	76.89210854662139	129.25867518113765	81.08108108108108	100.0	57.57575757575758	100.0	91.66666666666666	20.75471698113208	79.24528301886792	0.0	1.5945330296127564
909988547	701.07	132.98	334.82	249.0	2.491039961770504	0.2316805555555555	1.5431480407714844	100.0	82.3731343283582	17.23046875		909988547.0	92.69708211275184	92.33784551731952	93.29809801727949	104.22683000543682	98.8951352459087	93.63065161657784	95.83074651570509	94.66747476956716	83.80007504863177	82.83424393771934	84.01563155511886	110.3686245640162	83.80165289256199	100.0	72.56637168141593	66.66666666666666	98.0276134122288	100.0	0.0	0.0	0.0
707177822	637.43	80.78	204.93	350.0	3.504660127848533	0.1995027777777777	1.55255126953125	100.0	51.65853658536585	3.068359375		707177822.0	93.22747951691294	91.56191653542356	92.26800597099816	98.4111039283414	93.61740097026583	88.00731597957748	90.68933310359904	175.34576113565606	90.69099946238153	84.21616101915215	86.88913074950005	93.3538854978476	86.95652173913044	87.38738738738738	86.1344537815126	100.0	96.80555555555556	47.368421052631575	52.63157894736842	0.975609756097561	0.0
730610640	640.9	82.62	209.18	345.0	3.45883927717755	0.2009777777777777	1.5556983947753906	100.0	54.76190476190476	3.068359375		730610640.0	94.7113168477652	93.7602240434532	94.1548433683998	99.6939572186848	97.66940655180052	92.09622037424523	94.2786307483989	94.3824798565105	92.68587870460271	89.0637626845672	90.47098915071128	97.17640248214006	88.92815076560659	96.15384615384616	84.5437616387337	100.0	95.89403973509934	26.923076923076923	73.07692307692307	0.2202643171806167	1.4545454545454546
804082805	690.37	118.3	294.75	274.0	2.7435793044953347	0.2246305555555555	1.5521583557128906	100.0	84.67796610169492	17.2890625		804082805.0	94.88841882242212	95.34314258520033	95.05591197681444	100.65584087366597	96.0944958751558	93.09714298186962	94.01162822083124	97.120664488651	82.29425570770056	78.72164676629065	83.8552235256227	100.54793553706544	82.05461638491548	87.44292237442922	72.24080267558529	100.0	94.13629160063392	40.625	59.375	2.314814814814815	0.0
530501722	686.11	115.81	292.9	273.0	2.737862751792421	0.2227555555555555	1.54290771484375	100.0	87.42372881355932	17.2109375		530501722.0	95.1227385271134	94.188678202841	94.59574905420578	99.12126989571472	98.20706232566904	92.59141915691076	94.95835291336007	94.27925542377582	81.58173947988278	80.17184742670814	82.22208861908393	127.05091050151974	87.22627737226277	96.48351648351648	74.12790697674419	100.0	95.11854951185497	82.6086956521739	17.391304347826086	4.705882352941177	0.0
55712385	646.67	80.78	212.88	341.0	3.4171833897031187	0.2020694444444444	1.5725860595703125	100.0	47.72093023255814	3.048828125		55712385.0	95.61530516227066	94.15900435898052	94.86256805804972	98.53409762165312	97.47119987400816	86.13912254881748	89.6473745170836	88.56291681427541	94.37521747246552	87.65165833289153	90.60617552714731	92.9388886022329	89.82785602503913	98.83720930232558	87.19008264462809	94.23076923076924	95.03484320557492	61.224489795918366	38.775510204081634	0.3554502369668246	1.96078431372549
730752338	730.01	133.62	352.99	244.0	2.446613218504773	0.2398972222222222	1.5736885070800781	100.0	85.78873239436619	17.4453125		730752338.0	95.608244240898	93.23205411405485	94.35760043767634	97.55218348285652	95.38977281309774	89.79355230893871	92.85792861707009	94.48008920003616	93.70764707588528	86.7653460243108	89.8182887310924	92.78707459412486	90.8710217755444	91.28919860627178	90.37122969837588	97.77777777777776	94.74654377880184	34.090909090909086	65.9090909090909	1.0269576379974326	1.9083969465648856
413732528	705.91	131.49	336.93	248.0	2.4853827204463834	0.2326111111111111	1.54071044921875	100.0	83.72058823529412	17.2890625		413732528.0	88.47656122059368	93.71556102850774	91.68240292032966	107.17297586833878	98.70563886591674	94.92675041336668	96.59463115596463	96.2487060145454	64.08760828206431	76.22342966875419	81.35096791977159	158.4274037715508	73.52941176470588	99.25373134328358	43.162393162393165	100.0	96.8	100.0	0.0	2.9702970297029703	0.3759398496240601
269091714	635.36	84.82	206.18	349.0	3.4929673101173733	0.20005	1.5355606079101562	100.0	51.80952380952381	3.068359375	1.499581473214286																						
475810100	638.31	80.73	204.3	351.0	3.5195301027900143	0.1997333333333333	1.5428123474121094	100.0	44.829268292682926	3.068359375		475810100.0	93.72093357374784	96.34742092075344	94.90318768256355	103.27254039842452	97.04120832352628	95.59784341410683	96.16942094187908	98.62333664319613	69.34871321144898	80.45774149518213	78.21163185257132	150.29528965300983	84.91803278688525	96.7391304347826	44.20289855072464	100.0	97.68339768339769	25.0	75.0	0.0	0.0
452355066	648.75	86.72	217.14	338.0	3.387077461545547	0.2042972222222222	1.5639839172363281	100.0	53.86363636363637	3.068359375		452355066.0	94.4377283880844	93.78385608841111	94.04923943551724	99.45011779261738	97.49361751678296	87.60847517241046	92.19793666103156	89.33947388290603	89.51644698205601	84.54842687527409	86.50353174382289	95.41617257625091	85.28183716075156	97.87985865724382	78.53736089030207	100.0	93.51285189718482	65.21739130434783	34.78260869565217	0.6072874493927125	1.444043321299639
620779198	637.5	83.09	202.62	355.0	3.5563616622248544	0.2001638888888889	1.54888916015625	100.0	50.707317073170735	3.068359375		620779198.0	95.3689358900496	94.25753452538646	94.7478680474316	98.97854245721568	97.42760598013786	95.66796189489088	96.16286253089284	98.57760055411542	90.73267328776971	84.4438008018004	86.82349596492507	93.5683734301222	89.45147679324894	97.6470588235294	84.10138248847926	100.0	95.9119496855346	27.27272727272727	72.72727272727273	0.0	1.6064257028112447
911033033	698.15	130.42	283.98	291.0	2.917705472216353	0.2301583333333333	1.5360679626464844	100.0	84.78947368421052	17.328125		911033033.0	92.49250437957345	92.59426339697296	92.2153805626188	100.80512138199887	98.0703007259212	94.2582667834729	95.8011323209398	96.14154583206852	77.8922266347191	78.06821495515635	82.9739574329906	296.0576090026173	84.86707566462167	100.0	62.94416243654823	85.71428571428571	98.0722891566265	83.33333333333334	16.666666666666664	0.8064516129032258	0.3508771929824561
339642122	715.09	135.0	339.18	250.0	2.5063093342767853	0.2361361111111111	1.5337371826171875	100.0	81.44117647058823	17.26953125		339642122.0	80.44106481775457	90.2808640096784	87.20451521916958	136.00766107371103	97.20775266688572	89.68230892612809	92.47537447559024	92.46607852547127	57.49333919630952	71.15717390921384	75.05368428805743	195.7316398001512	56.49484536082474	96.09756097560977	25.27881040892193	81.81818181818183	94.52554744525548	33.33333333333333	66.66666666666666	8.823529411764707	0.0
869219610	677.53	121.57	296.11	269.0	2.698659282023572	0.2219722222222222	1.5352439880371094	100.0	82.08333333333333	17.2109375		869219610.0	91.3285085245657	95.87528487494782	93.33919756219554	106.09804740691402	97.58856665247116	96.42055921176794	96.9382132044477	98.96000460221292	69.9529260524397	80.70811758876897	81.1574035529479	164.33372570233965	76.07476635514018	94.75218658892128	41.48936170212766	100.0	98.77149877149876	100.0	0.0	1.282051282051282	0.0
719498251	736.29	146.47	375.13	235.0	2.353210886892544	0.2452111111111111	1.5677452087402344	100.0	87.36842105263158	17.3671875		719498251.0	95.79803644257538	92.225470260604	93.94291988176768	96.31933424360672	97.39107411528	83.99501980079094	89.20200780453773	86.31161295147332	93.11269157410231	80.75062025515957	85.85061059663636	86.70613017664985	91.95775792038992	100.0	88.80503144654088	84.61538461538461	93.5512367491166	50.90909090909091	49.09090909090909	1.9830028328611895	1.078167115902965
559636538	635.5	80.7	208.87	342.0	3.4289270838320487	0.1989444444444444	1.5448760986328125	100.0	45.16666666666666	3.068359375		559636538.0	94.05214734047708	94.71956712187306	94.26776108176158	101.18501674260816	97.74992155002391	95.85757010631404	96.69637943875809	98.14449365326084	88.14884731450049	85.09835303236618	87.65421806071143	110.38271101811436	88.2179675994109	97.86096256684492	80.22388059701493	48.64864864864865	96.8280467445743	66.66666666666666	33.33333333333333	0.4651162790697674	0.0
602518943	691.71	122.04	299.91	271.0	2.71331399419826	0.2260416666666666	1.543487548828125	100.0	81.56666666666666	17.171875	10.317643229166666																						
406424302	629.01	80.33	219.09	323.0	3.237664886576293	0.1970388888888889	1.5745201110839844	100.0	39.56818181818182	3.068359375		406424302.0	94.7318482682266	88.76329916494588	91.59175798042268	93.7215706181924	97.00995432195012	95.81795438458744	95.93754782630906	100.3691351754691	94.12263183366544	86.9593087810987	90.3149480819229	92.40294132207232	87.76009791921665	100.0	86.88741721854305	84.61538461538461	98.744769874477	54.54545454545454	45.45454545454545	0.1524390243902439	4.504504504504505
666058199	626.2	80.14	205.76	343.0	3.432834370139969	0.1962055555555555	1.5456657409667969	100.0	49.92857142857143	3.068359375		666058199.0	92.9027668834659	94.42857142875008	93.54689868382388	101.99165549073048	98.11293427820296	94.88269291803164	96.2799245507709	96.76871760566428	82.75510376176287	85.20024295571588	83.70122253724875	109.02787030062149	85.58673469387756	97.90419161676648	75.46296296296296	100.0	97.0193740685544	33.33333333333333	66.66666666666666	0.0	0.6116207951070336
82256758	634.14	82.13	204.68	349.0	3.4994625757279656	0.1989638888888888	1.5461196899414062	100.0	46.51219512195122	3.068359375		82256758.0	92.47538922896187	91.2736326512068	91.5001210789708	100.08890783068348	98.08257487126588	94.20981870777784	95.72580552259662	95.86924164658318	75.956507395522	70.41704080178515	75.32743660067777	161.85620829414344	80.64952638700947	98.21958456973294	64.1160949868074	95.65217391304348	95.63758389261746	68.18181818181817	31.818181818181817	0.411522633744856	0.906344410876133
844578985	635.18	84.58	207.22	347.0	3.473409902519062	0.1999333333333333	1.5465621948242188	100.0	55.45238095238095	3.068359375		844578985.0	93.6255546889456	89.9170576360143	91.61785706083376	96.24986485578025	92.19757263542007	93.9309570372606	95.06109913588176	107.3585981097515	93.46294659798902	85.03237549157778	88.72225008682311	91.25989855894868	87.92401628222524	84.77157360406092	88.69731800766284	100.0	96.91358024691358	5.555555555555555	94.44444444444444	0.2159827213822894	0.5988023952095809
320110719	628.47	81.58	200.58	353.0	3.53998404626583	0.1972361111111111	1.5413589477539062	100.0	60.46341463414634	3.068359375		320110719.0	95.22697628538258	89.4133509764055	92.0776636968582	93.94774434197883	98.68948196152893	96.4778117844387	97.27649509304048	97.82828003034248	92.49658233654166	81.74718525930044	86.32944264298418	88.66567565928648	91.61585365853658	99.54954954954955	88.57142857142857	57.14285714285714	98.66888519134775	37.5	62.5	0.0	0.0
867166048	642.13	83.23	211.76	342.0	3.425387230827352	0.2014888888888888	1.5575485229492188	100.0	55.46511627906977	3.068359375		867166048.0	94.364089577448	91.89175938193324	93.0579909105618	97.44773264656658	97.11649293582354	86.1183750931442	90.79111731731338	87.92385715367445	89.13548573638083	81.42847051853273	84.63608986903073	91.77467703764373	84.62246777163904	95.17684887459808	79.56989247311827	100.0	95.97388465723613	45.16129032258064	54.83870967741935	0.8445945945945946	0.3378378378378378
844010772	640.78	84.95	201.88	359.0	3.594858331682188	0.2015916666666666	1.5347900390625	100.0	60.1219512195122	3.068359375		844010772.0	94.02784309546207	89.63637946882106	91.510146226421	95.8263525074964	98.00576121831486	88.83882540002297	91.5599496431776	90.82823312684698	88.85848514053083	79.80405555351759	84.3271551338596	89.91707613437416	89.13043478260869	100.0	81.74273858921161	94.44444444444444	95.1219512195122	58.82352941176471	41.17647058823529	0.0	0.6451612903225806
329333415	629.36	84.07	202.65	352.0	3.5205033308660254	0.198175	1.5425872802734375	100.0	54.707317073170735	3.068359375	1.3840510670731707																						
30133327	641.12	83.36	213.28	339.0	3.396849212303076	0.2012444444444444	1.5663261413574219	100.0	56.86046511627907	3.068359375		30133327.0	94.35335438081356	93.45765508540426	93.83698906229658	99.2314728457186	97.0436097033834	90.65898078932682	93.1191127317743	93.37879097685904	86.45501618321626	76.61339647074969	79.85382106784093	87.96024149425118	83.2014072119613	92.99820466786356	73.22097378277154	80.43478260869566	95.13742071881607	75.67567567567568	24.324324324324326	1.278772378516624	0.7722007722007722
185700291	636.13	81.25	215.64	332.0	3.3267482841773326	0.1992722222222222	1.5676918029785156	100.0	50.72727272727273	3.068359375		185700291.0	92.15738700988484	91.37170263637309	91.57978751543612	100.62508388140346	98.03666337631326	84.82000657170217	89.45488576170108	86.47726038771253	87.13912787357644	78.59759745825797	81.86694584067124	91.31135308880054	78.73955960516325	98.9159891598916	73.3890214797136	51.81818181818182	92.38187078109932	63.1578947368421	36.84210526315789	2.7642276422764227	1.36986301369863
118336671	625.13	79.95	205.55	343.0	3.43021162734128	0.1958555555555555	1.5475044250488281	100.0	46.45238095238095	3.048828125		118336671.0	96.18686654959446	93.14714625264996	94.44816756334922	96.98955160499123	97.16995401933612	92.27969999261536	94.04076727000631	95.41241628884508	90.168229219201	78.62012525270266	84.13398099673	86.43026104601445	89.1156462585034	93.90243902439023	82.23140495867769	94.44444444444444	96.37404580152672	58.82352941176471	41.17647058823529	1.0050251256281406	0.0
495695047	705.24	130.63	335.17	249.0	2.493868783005639	0.2321861111111111	1.5391654968261719	100.0	89.23529411764706	17.34765625		495695047.0	93.6588123083639	94.37666239416326	93.94069290239904	100.91694858944656	98.25811370888827	90.52783861322789	93.2746913169298	92.08478598906736	76.7407832388444	74.06344596766306	77.96381849093677	105.06911678717287	79.59183673469387	96.0843373493976	65.54621848739495	69.56521739130434	93.84615384615384	56.25	43.75	1.282051282051282	0.3134796238244514
234630208	633.87	84.67	207.61	346.0	3.4610086219353597	0.1995944444444444	1.5458564758300781	100.0	54.16666666666666	3.068359375		234630208.0	89.7487235651516	91.89644680228498	90.50675942684892	104.334816049465	90.04646050573125	92.03624672267912	92.45066383631504	119.8640464868162	84.25318989759018	81.27475730328274	81.44682601703236	100.90224167466522	82.34536082474226	86.49289099526067	77.28613569321534	80.0	98.12206572769952	83.33333333333334	16.666666666666664	0.0	0.0
106549519	711.71	130.66	329.76	255.0	2.554494177583697	0.2339916666666666	1.5431632995605469	100.0	82.78787878787878	17.25		106549519.0	94.09403976097217	92.63287012301444	93.2777285904974	98.52793037153192	97.1950150958326	95.10681023068356	95.96401937167394	98.09466180683694	84.4299061716535	80.486748542184	82.36295368795804	101.49605684478796	85.949177877429	94.63276836158192	74.66216216216216	100.0	96.17391304347828	68.42105263157895	31.57894736842105	0.0	0.8955223880597015
616171128	631.35	84.34	204.36	350.0	3.502104129966725	0.1988027777777778	1.5421066284179688	100.0	52.0	3.068359375	1.455125762195122																						
396913821	686.97	117.29	306.09	262.0	2.6275278512855698	0.2234055555555555	1.5407600402832031	100.0	86.43548387096774	17.30859375		396913821.0	94.20241727497874	94.98340974000712	94.42229106856584	101.36084277470212	97.5162914965738	94.72038435890146	95.8779334878529	97.49978797763032	82.0191966376379	88.05605089079121	86.42445038808285	111.58737899481272	86.26760563380282	97.21518987341771	60.588235294117645	100.0	98.57142857142858	100.0	0.0	3.883495145631068	0.0
68587432	641.62	80.15	208.76	345.0	3.4574152136424603	0.2004916666666666	1.5590629577636719	100.0	50.71428571428572	3.068359375		68587432.0	90.38552538435962	94.26162457679798	92.21164749492551	104.67524414762666	97.4262348258675	90.71826554217724	93.33532440548544	93.28785901143208	78.07726140181806	81.664773693413	80.72609820473956	110.34668190296986	77.04918032786885	95.53349875930522	65.07042253521126	100.0	93.72900335946248	54.34782608695652	45.65217391304348	1.2987012987012987	1.0389610389610389
521776911	697.96	122.02	301.79	271.0	2.717054905729149	0.2277722222222222	1.5477867126464844	100.0	81.47540983606558	17.19140625		521776911.0	96.0965095101399	90.13010923558272	92.93460334902564	93.81490058167438	97.87766119751808	90.92505921171146	93.5098350475951	92.9155561576466	90.75131043913656	76.36471368036207	82.12738781208832	84.06202744901825	90.56865464632456	99.68944099378882	82.39999999999999	95.83333333333334	95.40581929555896	60.86956521739131	39.130434782608695	0.0	2.1806853582554515
860252322	629.96	82.69	203.2	350.0	3.507135826771654	0.1979583333333333	1.5418052673339844	100.0	41.48780487804878	3.068359375		860252322.0	94.31466326078464	93.22582836203664	93.63266968045336	98.90799379748124	90.35093658576208	94.40198479723506	92.61529722919424	110.36030384490304	93.13278979336026	85.01151395343669	87.94184449445915	91.28830968644564	84.640522875817	79.47368421052632	86.36363636363636	96.15384615384616	93.62934362934364	16.0	84.0	0.5847953216374269	3.9735099337748343
851689669	662.35	85.86	216.81	345.0	3.450993957843273	0.2078361111111111	1.5663070678710938	100.0	51.75	3.068359375		851689669.0	95.62973501683878	91.35158011985013	93.39307725153782	95.57611391651756	98.926439781561	89.42746321693483	93.07665135882526	90.3744137262224	93.83953759575186	85.76278992111669	89.37787792589505	91.48280457090196	92.78996865203762	100.0	90.96267190569743	100.0	95.77702702702705	41.17647058823529	58.82352941176471	1.187904967602592	2.232142857142857
39183495	716.48	133.25	344.7	246.0	2.465129097766173	0.2360361111111111	1.5365409851074219	100.0	80.3913043478261	17.26953125		39183495.0	95.10338354113765	94.36099186983463	94.5876003427599	99.573014592596	98.7876377587747	94.1840955845525	96.06101039256752	95.41202503615403	70.49568371210937	68.11187967060079	72.98144897850418	114.10899043752764	90.19607843137256	99.37888198757764	71.42857142857143	100.0	94.78260869565216	55.00000000000001	45.0	2.5	0.3125
434705002	640.2	81.61	206.59	349.0	3.4939251657873083	0.2005027777777778	1.5492095947265625	100.0	43.61904761904762	3.048828125		434705002.0	94.61455764067952	92.04393357198252	93.24126553873222	97.38021425333758	96.82251125419975	93.88841846703212	95.09753752381654	97.10127410647898	88.8313599470139	79.49970632755057	83.0461357544318	90.1551094692448	88.92339544513457	95.9349593495935	83.45323741007195	100.0	94.9941792782305	34.14634146341464	65.85365853658537	0.2155172413793103	0.2824858757062147
110807250	630.97	83.03	205.57	347.0	3.473269445930826	0.1983333333333333	1.5460472106933594	100.0	42.23809523809524	3.029296875		110807250.0	93.99989584817274	91.90532464261156	92.8737129299176	97.8432306266296	94.55153090537934	94.37484033338728	95.3469597353224	99.81185595105656	89.32877095012667	76.40413988435547	81.44263529374224	85.23978878548621	85.8108108108108	88.77551020408163	81.19266055045871	100.0	90.41994750656168	11.666666666666666	88.33333333333333	0.847457627118644	2.8735632183908044
840918177	642.75	83.37	207.61	349.0	3.497519387312749	0.2017	1.5510902404785156	100.0	48.30952380952381	3.068359375		840918177.0	94.9392535494002	93.36051172208664	94.08946518754968	98.43876060826015	96.01676920202571	91.0715778017196	92.80094078136877	95.66010935175746	89.56013403605377	81.08049513062456	84.7967765232275	89.90546198909803	87.18820861678005	89.44723618090453	84.08071748878923	100.0	94.53836150845254	73.68421052631578	26.31578947368421	0.0	1.1235955056179776
954076577	634.12	80.14	209.09	341.0	3.416040939308432	0.1984055555555555	1.5586929321289062	100.0	51.40476190476191	3.068359375		954076577.0	96.52666138663596	93.8829350850382	95.1426760712186	97.32346045588108	98.85375717373785	93.74243802064258	95.99716485847108	94.81260743023849	90.80031059244452	84.29097226543983	87.91265143419528	96.29781824914537	92.37995824634656	99.17355371900828	84.59821428571429	100.0	97.06214689265536	76.92307692307693	23.07692307692308	0.0	0.0
706362185	633.31	84.11	202.24	354.0	3.547369462025316	0.1992833333333333	1.5356636047363281	100.0	55.58536585365854	3.068359375		706362185.0	89.03312418086854	92.10122457097025	90.14040258358705	105.99055325903426	97.06908144253286	94.34957874646298	95.58049958888526	97.25809790351182	71.06458125411959	79.07822038895078	80.40199217054509	177.18766658494056	79.06542056074767	94.31818181818184	63.53383458646616	100.0	96.92671394799054	80.0	20.0	3.5502958579881656	0.8032128514056224
778969369	698.35	126.25	312.37	263.0	2.639818164356372	0.2290555555555555	1.5431175231933594	100.0	85.3015873015873	17.328125		778969369.0	93.09262247253577	95.32446847815127	94.0820314422525	102.86819132750924	98.12119936975316	94.36130483295904	96.01214107200823	96.24961050265026	73.70078082657335	80.5124549520777	79.20975860740039	10809.241681868798	83.05921052631578	97.8494623655914	57.77777777777777	100.0	97.02970297029702	63.63636363636363	36.36363636363637	1.5384615384615383	0.5494505494505495
398501727	632.29	82.49	205.76	347.0	3.473853032659409	0.19855	1.5451774597167969	100.0	58.57142857142857	3.068359375		398501727.0	91.69976214733086	89.58359888012001	91.40184542185196	98.93952904981548	96.62226874725376	92.81051910118276	94.29435283080096	96.5623932389952	87.07564523962776	83.41882529956166	85.49845783664476	98.49984769487968	82.70588235294117	92.33716475095784	78.23008849557522	83.33333333333334	96.72830725462303	60.0	40.0	0.6787330316742082	0.0
433118444	701.97	130.18	320.62	259.0	2.5954400848356314	0.2311527777777778	1.5357475280761719	100.0	85.34883720930233	17.38671875		433118444.0	93.75612197345716	90.30022095346422	92.3901002061328	97.47394219881048	98.30285834737492	97.43328689485442	97.82221215253077	99.20053343215372	77.52495665346986	68.34866545479629	75.94099520666218	124.32464587566866	87.66816143497758	100.0	72.36180904522614	100.0	96.9309462915601	0.0	100.0	0.0	1.2605042016806722
571632794	633.25	82.35	199.83	358.0	3.581043887304209	0.1987777777777777	1.5439414978027344	100.0	45.625	3.068359375		571632794.0	90.96491109827755	94.56426261206778	93.55224383194157	158.55074418697455	98.66577614079492	95.98002385997162	97.23168434931708	97.28950238693176	59.37274683614998	77.6403958338124	72.22807440994448	177.39825868089792	72.62479871175523	98.3651226158038	34.13654618473896	100.0	98.00443458980044	80.0	20.0	4.705882352941177	0.0
518242117	634.04	82.22	202.19	354.0	3.5425095207478114	0.1989611111111111	1.5414466857910156	100.0	39.65853658536585	3.048828125		518242117.0	92.16599430078035	91.79853987740978	91.8597844685806	99.9285454444819	96.46507491351848	89.53314832410646	92.05168349710766	93.09850582066794	81.54005672198785	76.75380065952396	79.47939047151786	152.89589142237145	82.95454545454545	93.5361216730038	74.81662591687042	100.0	92.63698630136986	56.25	43.75	1.96078431372549	2.032520325203252
843952890	639.65	82.3	201.32	358.0	3.5860818597258093	0.2005416666666666	1.5416450500488281	100.0	59.1219512195122	3.068359375	1.5621665396341464																						
569302725	696.36	126.67	313.12	262.0	2.628481093510475	0.2286194444444444	1.5438194274902344	100.0	85.88888888888889	17.2109375		569302725.0	94.51096016064464	90.96376944765002	92.5915399998741	96.42440924348976	95.7181191915078	92.80150106043592	93.87450681422646	97.64033702528276	92.64700963795396	87.44223650489181	89.65874020912541	94.88939121723926	89.50201884253029	95.3846153846154	85.86723768736617	100.0	96.99248120300751	56.25	43.75	0.0	1.6129032258064515
510066456	628.53	80.22	202.3	350.0	3.5034602076124566	0.196875	1.5437660217285156	100.0	60.46341463414634	3.048828125		510066456.0	92.9547594105218	95.91150437475795	94.33270673484805	103.57418299459344	99.01966996565852	92.31338086955247	95.14326818551184	93.2375048594019	70.22022777623867	77.22699837392953	75.80267776326791	172.25603075351947	81.80610889774236	100.0	50.89605734767025	100.0	95.2922077922078	68.0	32.0	0.7042253521126761	0.6681514476614699
577075359	637.97	85.38	204.3	354.0	3.5406265296133137	0.2009305555555555	1.5442314147949219	100.0	49.46341463414634	3.029296875		577075359.0	94.82692207304834	93.83450612638256	94.0819239712608	99.74079177285964	98.69224403897584	95.67585362370151	96.9600217940596	96.96968338863368	70.96130677837014	64.73576436836123	74.61633073865666	93.18094856368394	88.51913477537437	99.47916666666666	69.14285714285714	69.04761904761905	93.23308270676692	17.24137931034483	82.75862068965517	5.785123966942149	0.0
174982440	635.87	81.55	204.4	350.0	3.509882583170254	0.1992833333333333	1.5475044250488281	100.0	49.97560975609756	3.068359375	1.3742378048780488																						
598317472	631.82	82.45	203.41	351.0	3.511479278304902	0.1984083333333333	1.5391006469726562	100.0	56.5925925925926	3.068359375		598317472.0	93.8946505960492	94.00012961716804	93.73572999928008	100.83737486427144	97.34581722782808	93.91960059785092	95.2728623116259	96.61649686902908	84.05995255634811	79.38077433365828	80.07375063622054	97.5786221171344	88.31385642737897	99.3690851735016	74.13127413127413	95.65217391304348	94.3289224952741	45.45454545454545	54.54545454545454	0.5208333333333333	2.2222222222222223
753442690	641.96	85.71	207.75	350.0	3.502623345367028	0.2021305555555555	1.5469856262207031	100.0	53.26190476190476	3.068359375		753442690.0	87.38224045647725	90.96631670212984	88.89155075839815	104.75372502508486	97.38085895724832	92.77601268800451	94.52285709893428	96.30775825997044	70.81575330617748	76.11802279304061	78.65884484237549	139.47872059172948	70.17543859649122	98.77551020408164	50.53763440860215	100.0	95.22727272727272	10.0	90.0	1.5957446808510638	3.3057851239669422
138991691	713.28	130.81	338.72	249.0	2.4919992914501647	0.2344694444444444	1.5621757507324219	100.0	79.29411764705883	17.171875		138991691.0	94.9926027968218	92.4786841342786	93.66041393508372	97.40944804164714	94.38174572800176	89.63313182985506	92.2608254904453	95.52602074010346	90.77708574977196	76.31138067149136	82.05310031709973	84.00223800321797	88.77855014895731	95.47511312217196	82.01581027667984	96.61016949152544	90.26845637583892	42.10526315789473	57.89473684210527	0.7228915662650602	6.398104265402843
797715128	698.41	122.29	312.46	262.0	2.6265762017538243	0.2279722222222222	1.5446968078613281	100.0	80.38095238095238	17.11328125		797715128.0	97.01086151045484	93.87455271252254	95.33304685715116	96.85569529762346	96.98663333170894	94.18626245941364	95.1694331615562	97.32034121771352	95.72758825811444	85.19686596976318	89.47230847547239	89.04403709494619	92.5	92.74447949526814	91.66666666666666	100.0	95.54848966613672	33.33333333333333	66.66666666666666	0.0	0.3401360544217687
520477284	625.3	81.53	205.39	344.0	3.4414041579434245	0.1963416666666666	1.5399856567382812	100.0	45.595238095238095	3.068359375		520477284.0	86.657869963191	91.86402065712556	90.53925212337629	113.26232476909128	96.44542983268197	94.1906002028974	95.05666634880129	100.45916138642065	76.14541737560883	86.68657926376137	80.9493451419124	121.8142846980062	68.92488954344624	100.0	46.31043256997455	100.0	98.29059829059828	80.0	20.0	0.0	1.0676156583629894
581966102	639.9	84.17	208.83	346.0	3.4672700282526456	0.2011305555555555	1.5566062927246094	100.0	49.90476190476191	3.068359375		581966102.0	94.49533605017668	96.78155663166794	95.57952858517793	102.57194738502832	98.55435851278072	94.74770147190742	96.42738972244996	96.1531496218082	66.6620051176297	69.52474590058166	79.40197005977313	176.3168719150042	76.85305591677503	98.71794871794872	39.64912280701755	100.0	97.12351945854483	56.25	43.75	0.0	0.2164502164502164
143493819	714.97	137.99	343.68	248.0	2.4818435754189943	0.2369333333333333	1.5491676330566406	100.0	82.8695652173913	17.25		143493819.0	96.95142070677146	92.91697998628908	94.75369849788686	95.86449039775388	98.50846488588202	92.95966068518617	95.06888675786358	94.40117025020103	90.85967835134436	81.48810587170564	87.06734878388303	89.17516343947622	95.62937062937064	98.4375	91.701244813278	100.0	96.52650822669104	72.72727272727273	27.27272727272727	3.619909502262444	0.0
314033317	697.65	124.82	319.58	257.0	2.5735965955316358	0.2284638888888888	1.5576705932617188	100.0	84.3125	17.23046875		314033317.0	94.85834677946194	91.4620376330978	93.06436431740816	96.5151047282772	97.39352557030686	94.88382890974428	95.7576307765692	98.27585101302289	86.73399217095637	79.03389358170148	82.0504130546461	91.87890929775688	86.5979381443299	98.2102908277405	75.8893280632411	100.0	96.54761904761904	41.17647058823529	58.82352941176471	1.0416666666666663	1.8223234624145783
729924895	705.08	127.19	316.11	263.0	2.632849324602195	0.2311861111111111	1.54119873046875	100.0	83.9375	17.40625		729924895.0	87.72030307005102	93.616306550201	90.09085177162927	108.7133505634138	96.8161172644123	95.30140511235948	95.89612954807714	98.87288431873648	67.65012813570223	79.30265269660605	76.68055733419008	153.30233995121222	71.9327731092437	93.39622641509436	47.16981132075472	50.0	97.66355140186916	83.33333333333334	16.666666666666664	0.8	1.0101010101010102
359856494	640.18	82.34	203.1	355.0	3.5574593796159526	0.2007	1.5478591918945312	100.0	47.5609756097561	3.068359375		359856494.0	95.17082562487288	94.10265704437673	94.5632187976953	98.97702937593512	98.71423256941009	93.6361306251092	95.79790697975996	94.84614944394086	78.26496265583637	78.2727408851051	79.4769369863071	122.1269418390557	87.2852233676976	100.0	61.98630136986301	100.0	97.11286089238844	81.25	18.75	2.209944751381215	0.3539823008849557
881549524	647.49	80.65	219.41	331.0	3.318627227564833	0.2022611111111111	1.584503173828125	100.0	44.22727272727273	3.068359375		881549524.0	95.81225276251271	93.2723571740614	94.5010491000948	97.3776122163764	96.58052813132922	83.42985099013934	88.24477919866821	86.18394039559045	93.19434458221087	82.85832926414585	87.39426097049234	88.9367857578266	93.1701030927835	95.88100686498856	91.33004926108374	100.0	91.42461964038728	44.0	56.00000000000001	0.9708737864077668	3.579952267303103
426046672	726.97	139.74	350.29	247.0	2.4742641811070825	0.2407527777777778	1.5511970520019531	100.0	86.84507042253522	17.26953125		426046672.0	90.25358997079005	88.72467769343262	89.31238732526428	98.79002556220831	91.122577059144	83.22004564362778	88.18349681616998	96.68591914790784	85.34077509783253	75.1728328749402	79.87868389784548	88.2187807436334	80.76502732240436	87.14859437751004	78.23920265780731	79.6875	92.01623815967524	33.33333333333333	66.66666666666666	1.48619957537155	0.4608294930875576
92261022	636.86	85.06	205.31	351.0	3.5162437289951782	0.2005333333333333	1.5406684875488281	100.0	46.61904761904762	3.068359375	1.6075613839285714																						
996276687	640.63	82.95	211.52	342.0	3.420858547655068	0.2009944444444444	1.5564842224121094	100.0	53.41860465116279	3.068359375		996276687.0	96.9056332817031	93.17922817103384	94.8794097926141	96.22028375394284	98.5755253666776	94.8274057630613	96.51994170183524	96.17953029779754	78.45800736241898	65.65161764906793	76.73073448023007	100.45777545222784	91.51162790697674	98.59154929577466	78.96825396825396	70.0	94.79034307496823	75.0	25.0	6.030150753768844	0.1785714285714285
711143523	629.26	80.92	206.56	343.0	3.438129357087529	0.1972722222222222	1.5495796203613281	100.0	51.92857142857143	3.068359375		711143523.0	92.9266667211172	91.54705599559117	92.11415239073268	98.83844833847756	97.3658865794011	94.59008730986908	95.73755302764675	97.29860724138584	73.11327343490102	69.5696817836496	77.56583007726728	135.51134183426825	85.18518518518519	95.77777777777776	67.93103448275862	100.0	96.11801242236024	100.0	0.0	3.045685279187817	0.6960556844547563
882249430	703.64	132.53	330.98	252.0	2.526346002779624	0.2322694444444444	1.5463333129882812	100.0	82.34328358208955	17.3671875		882249430.0	92.01439311786628	92.727172603006	92.29349552806563	100.99660224940236	94.65395801450978	95.52887412946522	94.84755045223676	101.6894353213645	88.84137354111915	89.99581404316484	89.17046458198624	102.39734412964572	79.51273532668881	85.43689320388349	76.23089983022071	100.0	99.025069637883	100.0	0.0	0.4454342984409799	0.0
500592846	636.25	82.03	203.48	352.0	3.5299783762531947	0.1995222222222222	1.5425529479980469	100.0	50.51219512195122	3.068359375		500592846.0	91.3493958158582	93.49556143036044	92.30269179002914	102.91498502664976	95.84177974546635	93.49862221352512	94.06763370159224	99.13566890591504	85.39011838957195	88.45390967171265	86.30098195229515	105.60876945319286	80.1223241590214	96.4467005076142	72.74774774774775	84.61538461538461	95.22900763358778	45.45454545454545	54.54545454545454	2.786377708978328	2.631578947368421
54996710	649.6	85.64	225.27	326.0	3.2638167532294577	0.2042333333333333	1.5844345092773438	100.0	49.06521739130435	3.068359375		54996710.0	95.50567451273444	92.05677887078114	93.71481822103436	96.42081433047076	96.96888955898048	83.30582306579058	87.81268002929866	86.3578251400411	93.52607615516638	84.7512770376783	88.69945234179706	90.69286408761629	93.6183395291202	99.44903581267218	91.63851351351352	97.01492537313432	94.3745863666446	67.6923076923077	32.30769230769231	1.0138248847926268	2.4930747922437675
35462012	644.73	81.76	200.3	362.0	3.627009485771343	0.2018027777777777	1.5485687255859375	100.0	53.60493827160494	3.048828125		35462012.0	94.8723344818822	95.18605612879315	94.98552714592616	100.44355955294996	97.9491723099843	95.4472635908529	96.57037002165272	97.45444560461397	90.28352154113809	90.73578115916628	90.05594691928297	101.31075611044488	90.98457888493476	96.75174013921114	84.72906403940887	100.0	99.21773142112124	50.0	50.0	0.0	0.0
753339391	681.52	122.31	302.06	266.0	2.661160034430245	0.2232861111111111	1.5408706665039062	100.0	79.90163934426229	17.23046875	10.154296875																						
415416925	1265.19	158.83	408.11	348.0	3.489304354218225	0.3955611111111111	1.6211166381835938	100.0	55.03658536585366	3.068359375		415416925.0	92.79191073737952	94.85005432250604	93.71264102710371	102.59955824822788	98.61419839911936	93.65178984941728	95.80128633549384	94.97473236221676	70.69773912927198	75.58689322085166	75.90735744088937	122.87799479740602	80.31584884376763	99.44812362030903	57.49999999999999	94.02985074626866	94.52247191011236	38.095238095238095	61.90476190476191	2.1739130434782608	0.5549389567147613
96304274	1268.99	161.03	402.99	354.0	3.548524777289759	0.3972277777777778	1.6247901916503906	100.0	52.06172839506173	3.068359375		96304274.0	96.89926822517268	93.51371812582148	95.15353372173506	96.5385123139518	98.09646025946128	89.91487711888809	93.0066469935683	91.74091654148256	93.41009052325424	82.02951685928137	86.69757476539876	87.94180880902886	93.71859296482413	99.3939393939394	89.02104300091491	100.0	94.9597855227882	54.16666666666666	45.83333333333333	0.8221993833504625	1.707317073170732
822523758	1268.79	162.45	412.57	346.0	3.4690840342244957	0.3975666666666667	1.6417312622070312	100.0	49.31325301204819	3.068359375		822523758.0	95.89843367104908	93.79425985151212	94.79539301129606	97.88083378787024	97.7697220036625	93.70690826220228	95.37959681672754	95.88832331888256	90.05152146285499	80.83065664895722	84.89502762979969	90.62309918793268	91.54867256637168	98.37164750957854	84.90732568402471	96.3855421686747	94.296761720638	66.25	33.75	2.598752598752599	1.2658227848101269
951670089	1272.29	157.72	398.15	359.0	3.591636317970614	0.397225	1.6266250610351562	100.0	49.55625	3.068359375		951670089.0	95.26150298498388	95.2680736227937	95.2097239491602	100.12723066167904	97.9505362851185	95.53475828168276	96.60858756538704	97.57808622141091	80.59281007483604	81.20167672452894	82.60509653781429	195.64854113653664	86.13138686131386	96.81923972071374	71.26099706744868	42.85714285714285	97.1186440677966	69.44444444444444	30.55555555555556	1.646090534979424	0.5608974358974359
188799541	1243.76	152.38	378.1	369.0	3.692515207617032	0.3878166666666666	1.5909423828125	100.0	52.17105263157895	3.068359375		188799541.0	92.37091842147414	90.67612822304096	91.33092985919588	98.61297973386272	96.62337811753024	94.87277204787668	95.53990912839502	98.61489503670526	83.47125562187077	80.44860289444863	82.06435803414749	101.62456934179048	87.81542898341745	95.60632688927944	82.10262828535669	94.73684210526316	96.71592775041051	61.11111111111112	38.88888888888889	3.048780487804878	0.3676470588235294
480091697	1259.36	162.84	401.04	354.0	3.546279672850588	0.3950555555555555	1.6102066040039062	100.0	51.32098765432099	3.068359375		480091697.0	91.50405025190834	92.09974377854074	91.70531865046924	101.03958948723648	98.2340687461508	92.07859682547272	94.5538916390528	93.91921170260696	81.88555499483466	82.0015065772585	82.28159504431368	101.94362347274406	82.27248816412414	99.69879518072288	72.29326513213982	84.375	95.84398976982096	81.48148148148148	18.51851851851852	1.2971698113207548	0.0
862276537	1283.08	158.29	396.92	363.0	3.631386677416104	0.4003805555555555	1.625335693359375	100.0	52.975	3.068359375		862276537.0	93.98635800499396	92.80141284163425	93.3396020142542	98.83826489864154	98.78340803462358	93.04458428569272	95.43158696388252	94.2224537413812	88.26704513766937	86.71486417564151	87.11987099777306	100.00440931628265	85.61872909698997	100.0	78.3297336213103	100.0	96.31696428571428	60.97560975609756	39.02439024390244	2.2058823529411766	0.1508295625942685
742696178	1272.32	163.37	397.83	360.0	3.60880275494558	0.3988027777777778	1.6049842834472656	100.0	51.45	9.69140625		742696178.0	93.44829914886606	88.28398651335061	90.673540059336	94.70465331987492	93.57368874197309	90.8045576411268	91.13623854887612	101.33336265606124	91.55366347227212	79.89189744414698	84.80424024368843	87.75404796619836	91.74147217235188	95.9915611814346	89.61605584642234	100.0	95.56425309849968	31.37254901960784	68.62745098039215	0.7789678675754625	1.9780219780219777
481453754	1255.22	163.99	403.02	352.0	3.5214381420276912	0.394225	1.6064109802246094	100.0	52.46913580246913	3.068359375		481453754.0	93.37934498868312	95.66842918939066	94.3894226064258	102.90058842342242	98.63599264853652	95.95534321020492	97.15066758593396	97.32487509376476	62.65439467870681	72.65803577026276	77.95069976867167	159.36879330050246	80.91032608695652	98.17007534983854	50.39840637450199	63.41463414634146	96.89336691855584	84.61538461538461	15.384615384615383	4.3478260869565215	0.0
348018141	1390.14	250.73	626.03	262.0	2.621072472565213	0.4557972222222222	1.5893058776855469	100.0	86.1984126984127	17.38671875		348018141.0	93.71232054763864	93.4498093246027	93.42602733572058	100.36022642749944	97.0841919450276	92.362194811855	94.20859913452595	95.42950176703305	79.38866416556826	78.78650083014801	81.4660932117915	126.51858565150653	85.46762589928058	95.09569377990432	68.7984496124031	100.0	96.38047138047138	71.05263157894737	28.947368421052637	0.5633802816901409	0.3773584905660377
23113594	1240.15	160.87	410.08	341.0	3.41645532579009	0.3891722222222222	1.5948257446289062	100.0	51.46987951807229	3.068359375		23113594.0	90.18023504511856	93.42099013664264	91.59640259068314	104.56569847144723	97.08065783191864	90.77827360876068	92.79516220300492	93.50603967333645	68.55169352611317	69.54991864070541	76.44444055123066	162.11492227842373	78.06896551724138	97.17912552891396	58.84101040118871	69.11764705882352	94.8763250883392	80.85106382978722	19.148936170212767	0.0	1.596516690856313
879800109	1256.35	157.99	390.31	362.0	3.623632497245779	0.3928722222222222	1.589996337890625	100.0	52.796178343949045	3.068359375		879800109.0	91.68706950427448	95.25943681722444	93.25119150176148	104.75483113668832	98.17020350599049	94.83883772341773	96.30339122436206	96.61248226720176	63.57567266352184	79.78287567342414	76.29486939034742	160.4403559891272	79.00852052672347	97.64957264957263	28.484848484848484	48.0	98.23529411764706	58.333333333333336	41.66666666666667	5.319148936170213	0.1094091903719912
163398153	1449.31	285.56	717.87	241.0	2.416691044339504	0.4819083333333333	1.602752685546875	100.0	85.65972222222223	17.40625		163398153.0	93.46888927740156	92.60449638464694	92.9154494027225	99.42209462932568	98.06083228416664	92.71232737502947	95.04841258851306	94.61523063443964	76.69299806078236	76.72150553193194	80.6233354017873	107.46850872943914	79.91320520768754	100.0	59.97474747474747	88.70967741935483	93.17300232738556	70.9090909090909	29.09090909090909	2.1052631578947367	3.0303030303030303
644363922	1241.72	155.47	404.45	345.0	3.4545432068240824	0.3881083333333333	1.6150703430175781	100.0	54.45679012345679	3.068359375		644363922.0	93.88710265426108	91.92885969143109	92.77632366131728	98.17049996504112	98.07439869824782	94.47978409348949	96.04664642738136	96.4089298724462	81.19578682727987	75.95920675329471	78.80743388729576	102.26234226620448	84.02692778457772	98.0	67.33601070950469	100.0	96.06700655498908	83.78378378378379	16.216216216216218	1.7892644135188869	0.9603841536614646
476727767	1291.88	160.95	432.94	335.0	3.35573058622442	0.4035638888888889	1.6749458312988281	100.0	42.48275862068966	3.068359375		476727767.0	95.48148711702171	90.75084359582092	93.02060935223082	95.09447366023468	97.77181370793022	86.97097609726312	91.10691046614176	89.01747623452995	93.32776440083455	85.17006306078498	88.9315486479774	91.39287447567668	88.18737270875764	98.41059602649008	84.08337280909521	100.0	95.53502694380292	80.0	20.0	1.1830985915492958	2.0188425302826376
228607133	1266.46	158.85	383.41	371.0	3.71745650869826	0.3959194444444444	1.5988655090332031	100.0	50.922077922077925	3.068359375		228607133.0	91.23457869877896	90.75147991169938	90.892710125102	99.7380443922518	96.39515384791972	93.733867580359	95.30871112490937	96.87583987603612	84.07977447094969	82.5557236459605	83.64210430159207	106.31483022101588	79.70271655561251	93.06451612903226	72.79069767441861	95.1219512195122	96.33440514469451	33.33333333333333	66.66666666666666	1.064962726304579	1.386481802426343
478618057	1275.47	158.1	384.82	372.0	3.7253001403253463	0.3982138888888888	1.5894050598144531	100.0	55.324675324675326	3.068359375		478618057.0	90.7586487119882	90.62163410258168	91.40997890559298	104.29895658573392	97.01136307400466	91.0870338108068	93.3827482271924	94.04128719679248	81.69989654790139	76.55369535663459	80.24793273769764	109.23669228954088	78.66473149492018	91.2962962962963	69.8473282442748	80.76923076923077	94.74169741697416	64.28571428571429	35.714285714285715	1.8214936247723132	1.0141987829614605
34104829	1386.5	242.52	595.12	273.0	2.737296679661245	0.4525055555555555	1.6285476684570312	100.0	81.05042016806723	17.26953125		34104829.0	92.28251763355006	93.35550073386138	92.68606409480194	101.33495904336232	93.80350847733278	92.3244380839131	94.65842890686044	101.13973979668016	83.51297942677175	85.06455235642152	83.51812043545442	103.72917994231096	78.36001940805434	90.49773755656108	68.46689895470384	100.0	98.01857585139318	89.65517241379311	10.344827586206897	0.381679389312977	0.0
583849043	1287.2	158.72	396.79	364.0	3.644043448675622	0.4016444444444444	1.6368446350097656	100.0	52.1125	9.69140625		583849043.0	94.2066886304421	88.25215254926162	91.05819384962454	93.77625587077492	94.59318989790508	88.52670173373181	90.82631121820624	93.29523326816174	92.3540109840562	81.04898421378104	86.07210920938962	87.82917243863163	88.56259659969088	91.94214876033058	87.56783423778984	93.5064935064935	95.54973821989527	56.94444444444444	43.05555555555556	0.9577464788732396	2.9213483146067416
678718624	1269.33	163.86	402.03	356.0	3.564883217670324	0.3981083333333333	1.6007118225097656	100.0	50.69135802469136	3.068359375		678718624.0	89.5969063261287	89.56888663176939	89.32229405636046	100.8818722219504	96.87406859887626	94.81643664672356	95.55400737954096	98.1583090940139	84.76292845481048	83.07970815369073	83.68736946133713	105.01017068352785	80.47045951859955	98.84615384615384	72.43844320889595	91.83673469387756	95.30931339225016	0.0	100.0	0.6578947368421052	3.501945525291829
85784643	1252.18	153.11	399.53	351.0	3.517357895527245	0.3903583333333333	1.6194305419921875	100.0	49.2	3.068359375		85784643.0	95.93319847324288	92.7214604159044	94.24566306648325	96.74230313805388	97.84630862198374	90.40089855050827	93.43740262579976	92.42581078643516	93.86544888351048	87.30056694239276	90.10496368879129	93.2576769767724	93.94966118102612	98.8543371522095	91.5593705293276	100.0	96.18753219989696	49.122807017543856	50.877192982456144	0.546875	1.6556291390728477
645934848	1270.49	167.5	395.63	363.0	3.6346839218461695	0.3994416666666667	1.5841598510742188	100.0	51.975	3.068359375		645934848.0	91.96774873875076	94.00930198568902	92.66393528628764	103.38652637418384	96.12509741928363	95.6912273927508	95.71017857609854	100.03504096775433	57.26531426548553	61.12302012319428	75.08094327581897	202.1195558641906	75.26881720430107	94.8539638386648	36.77248677248677	100.0	94.28571428571428	52.63157894736842	47.368421052631575	0.0	4.252199413489736
771067718	1252.93	156.53	394.46	357.0	3.573137960756477	0.3915166666666667	1.6077461242675781	100.0	50.55696202531646	3.068359375		771067718.0	92.4253606884011	95.495196777954	93.83919585547854	103.7613147493568	98.43314418530096	93.9755610649242	95.89938324003512	95.46756609878754	72.9901512526707	72.62400108677936	76.20103543793297	119.0510077752813	81.0413129598189	100.0	56.209150326797385	100.0	91.75977653631286	19.8019801980198	80.19801980198021	0.4651162790697674	1.6648168701442845
909988547	1397.41	253.64	639.67	258.0	2.5810965028843	0.458625	1.5929718017578125	100.0	90.6171875	17.4453125		909988547.0	93.04388176573109	92.72417830623633	93.1977798243979	102.20378877725402	98.8379237863961	93.72281848705896	95.7352469031152	94.81099770497828	83.74140557329476	82.10818875399772	84.09210328852497	111.17527391798332	83.88185654008439	99.79253112033194	73.8345864661654	57.89473684210527	97.58551307847084	90.9090909090909	9.090909090909092	0.0	0.4158004158004158
707177822	1261.55	161.02	401.43	354.0	3.543756072042448	0.3951583333333333	1.6133384704589844	100.0	50.58024691358025	3.068359375		707177822.0	93.504202690949	91.96342847450724	92.62807358994412	98.54626304080962	93.64822797649036	87.93149229492468	90.72744593901768	134.2601662831769	90.67700487334903	83.80707570965122	86.40099922067242	93.1125138697563	87.97169811320755	88.34080717488789	87.19262295081968	98.0392156862745	96.17962466487936	57.99999999999999	42.0	0.8225616921269095	0.0
730610640	1258.45	154.78	400.14	353.0	3.53183885640026	0.3925638888888889	1.6214523315429688	100.0	47.24691358024691	3.068359375		730610640.0	94.6548749188742	93.72657550295015	94.1225484069355	99.43394084247252	97.45586529874168	90.87305615756767	93.1908222795746	93.4904417265096	92.05337228376372	87.86083176977829	89.47155099528904	96.52515797604354	88.64803194523674	96.763202725724	83.6976320582878	98.52941176470588	95.3024453024453	35.82089552238806	64.17910447761194	0.1088139281828074	0.8802816901408451
804082805	1398.75	257.45	631.61	262.0	2.622187742435997	0.4600555555555555	1.6073150634765625	100.0	82.0	17.23046875		804082805.0	94.38092018966476	94.7411460510454	94.48691261813164	100.54127097483052	96.44869924796332	93.59340433830732	94.59637636032144	97.22740322388536	80.48423856691751	77.42248709635533	83.91819701769549	105.60874270190166	81.4060446780552	88.74709976798144	69.0	100.0	94.43099273607749	46.66666666666666	53.333333333333336	1.207729468599034	0.522875816993464
530501722	1394.44	248.72	629.45	261.0	2.610469457462864	0.4564333333333333	1.6023712158203125	100.0	85.96825396825396	17.30859375		530501722.0	95.14656635697952	94.21292016333864	94.62031579926712	99.16549962705368	98.11283635075574	91.80223088638058	94.35473098723229	93.59279454412084	82.48300209239306	80.44251058826198	83.99502278071937	117.67729707641956	87.22084367245657	96.11872146118722	75.21613832853026	100.0	95.3058321479374	78.57142857142857	21.428571428571427	4.406130268199234	0.1187648456057007
55712385	1272.42	159.17	418.74	341.0	3.4188040311410424	0.3976638888888889	1.65728759765625	100.0	51.25	3.068359375		55712385.0	95.934453039201	94.196357594294	95.03326319016594	98.23912267057766	97.99133418442996	86.3326985306992	90.05531654148282	88.15549703727994	94.48824237603644	88.05610217527881	90.9299474406438	93.23295066616372	90.01184366363995	99.03100775193798	87.47390396659708	92.07920792079209	95.39473684210526	67.74193548387096	32.25806451612903	0.2983293556085918	1.36986301369863
730752338	1426.99	265.7	680.03	248.0	2.489140184991838	0.4701916666666667	1.6471099853515625	100.0	81.0220588235294	17.30859375		730752338.0	95.194797685073	92.93965384108331	94.00907159135014	97.68047604629616	94.13217840250384	87.3257820581109	91.19588992027724	92.57197867072664	93.40560159067984	85.4794735985853	88.85331867738567	91.63845129814212	90.754877014419	90.97345132743364	90.22511848341232	98.09523809523807	93.64485981308412	36.89320388349515	63.10679611650486	1.3131976362442548	2.529182879377432
475810100	1267.66	159.75	394.5	361.0	3.618276299112801	0.3965027777777778	1.5967178344726562	100.0	54.64556962025316	3.068359375		475810100.0	93.93402005854595	96.04463901316372	94.8782766359492	102.65555989123538	97.26383272823225	94.73592550286644	95.73694659657528	97.51495604089072	68.32774039420653	73.2060381473658	79.78325947848347	169.77169982997856	85.8814352574103	96.92796610169492	49.333333333333336	100.0	96.45776566757492	47.368421052631575	52.63157894736842	0.6756756756756757	0.0
452355066	1282.71	161.41	412.95	349.0	3.4970819711829524	0.4011444444444444	1.6337509155273438	100.0	50.42168674698795	3.068359375		452355066.0	95.14332018387076	94.39064978295497	94.7166512811428	99.3158874770154	97.89999017140114	89.30490289623498	92.85697684369674	91.12721805345748	90.36788788982078	85.40198739695983	87.28358395436939	95.1327672303251	87.18214841722886	98.37662337662336	80.7785888077859	100.0	94.28571428571428	69.23076923076923	30.76923076923077	0.6024096385542169	1.98019801980198
620779198	1275.3	163.03	395.67	363.0	3.6351757777946254	0.3995361111111111	1.605255126953125	100.0	49.825	3.068359375		620779198.0	94.5216952867385	94.04941206355814	94.20285485725051	99.72159701942076	97.25524029095656	91.87029269299512	94.07004933427476	94.778075664499	88.3797124065983	82.55017696095399	84.95475734329558	110.55523018219247	87.82489740082079	97.2972972972973	81.57303370786518	100.0	95.17133956386292	42.5925925925926	57.407407407407405	0.0	1.5873015873015872
869219610	1408.03	266.9	661.58	253.0	2.531711962272136	0.4652583333333333	1.581512451171875	100.0	83.03007518796993	17.26953125		869219610.0	91.6722734227524	95.46018507158804	93.81728476400208	107.79652650440158	97.1968524610605	95.98870172151126	97.02561875396036	101.34185397131084	70.3666082792445	81.05751626348844	80.19125639181131	149.20407687037263	77.29296527159394	95.8217270194986	43.46733668341709	100.0	98.61751152073732	100.0	0.0	2.8901734104046244	0.0
719498251	1425.58	237.97	653.35	254.0	2.546185046299839	0.4620972222222222	1.6484756469726562	100.0	82.25954198473282	17.34765625		719498251.0	96.04894991815736	92.62248346052588	94.2672528395768	96.49003204356048	97.82359502219752	85.9744363617939	90.57864862711126	87.9255662665732	93.37448935413958	81.8671610593092	86.64633720848138	87.69978518447643	92.2275641025641	100.0	89.06832298136645	84.61538461538461	94.22241529105126	47.474747474747474	52.52525252525253	1.882845188284519	0.9102730819245772
559636538	1297.79	163.96	383.97	380.0	3.806938042034534	0.4060416666666667	1.6031570434570312	100.0	50.294117647058826	3.068359375		559636538.0	94.3387257463012	94.7622958880409	94.43542452036128	100.93417820249122	98.01500004313256	95.93017784112568	96.85354126306852	97.88693774144102	89.5554102393806	86.47843813527705	88.27735511950226	103.90919408972049	88.6396526772793	97.84366576819409	81.69014084507043	48.61111111111111	96.97959183673468	62.85714285714285	37.142857142857146	0.4310344827586206	0.0
406424302	1255.63	151.53	417.57	336.0	3.369878104269943	0.3908777777777778	1.6681785583496094	100.0	48.583333333333336	3.068359375		406424302.0	94.89642417591456	88.4024172779002	91.4822059830791	93.1868251606686	97.24858494027934	95.39825657413076	95.700780590224	99.09614754864964	94.35587568572228	86.65712561722644	90.26900928205764	91.8694856809664	88.36999096113287	100.0	87.56510416666666	82.6086956521739	98.94306171155812	47.368421052631575	52.63157894736842	0.1486988847583643	3.571428571428571
666058199	1247.75	157.23	391.88	358.0	3.5852301725017863	0.3902722222222222	1.5933723449707031	100.0	57.74683544303797	3.068359375		666058199.0	92.4798236666358	94.34695571281802	93.28363649679712	102.43754255501554	97.77677850515934	94.76947226460672	95.98942711474749	97.16819554149562	81.54339338566525	83.50358832594863	82.70529941453098	234.32349852578992	84.40789473684211	97.90660225442836	73.89277389277389	100.0	96.57053780202652	39.02439024390244	60.97560975609756	0.0	0.4934210526315789
82256758	1255.52	155.32	392.85	359.0	3.5912943871706755	0.3918999999999999	1.60540771484375	100.0	52.34177215189873	3.068359375		82256758.0	91.83565082499088	91.05508607873416	91.1547907783946	100.0536037384064	97.79358419116592	93.81411188832976	95.4200251962202	96.05285079161196	74.5203227143968	70.15953767527597	75.01662308072032	154.9974327786765	78.72619829284308	97.30134932533733	62.2360248447205	96.07843137254902	95.0792326939116	67.3469387755102	32.6530612244898	1.1976047904191618	0.6163328197226503
844578985	1270.11	161.33	399.58	358.0	3.582361479553531	0.3976222222222221	1.6018524169921875	100.0	54.525	3.068359375		844578985.0	94.10218464757573	90.01665938927519	91.92468382094953	95.7891919804692	91.6357213104774	92.64951497771116	95.8093336772696	105.8551198182913	93.36094622636854	85.18819281217762	88.76079281678138	91.46424790694108	88.49966953073364	87.30964467005076	88.61340679522498	100.0	97.23674383868558	6.666666666666667	93.33333333333331	0.2072538860103626	1.4534883720930232
320110719	1250.5	159.74	392.4	359.0	3.59388379204893	0.3917333333333333	1.5900192260742188	100.0	56.74683544303797	3.068359375		320110719.0	95.68743431105156	88.95272845237156	92.04977745175354	93.0262421876028	98.51040660862576	95.12493845151764	96.38251457568587	96.61185846540458	93.21532670578556	81.56467068562365	86.50326917631254	87.53955843091887	92.00603318250376	98.87892376681614	89.42420681551117	62.06896551724138	98.52459016393442	27.77777777777778	72.22222222222221	0.0	0.0
867166048	1274.43	164.97	418.8	343.0	3.4369627507163325	0.3998333333333334	1.6277389526367188	100.0	49.60714285714285	3.068359375		867166048.0	94.55106463800836	91.70814254527266	93.04454127713204	97.06048222397874	97.79675813700194	86.3207793001215	90.88008120335805	87.90145135938015	89.55500498048059	81.78840819213795	85.05693136985528	91.56629610975878	85.31177829099306	96.24796084828712	80.21462105969148	100.0	95.8852192744992	40.98360655737705	59.01639344262295	1.1705685618729096	0.1694915254237288
30133327	1277.2	162.95	416.23	345.0	3.4599860653965355	0.4000416666666667	1.6379203796386719	100.0	50.67857142857143	3.068359375		30133327.0	94.30402060540308	93.06304467180148	93.6082198270929	98.82110722487664	96.7303197730509	91.17561271378564	93.85113263925813	95.5952995733166	87.8072664269264	77.42349877607536	80.9626480353464	88.16587683033886	82.49780123131046	93.01675977653632	73.23688969258589	71.27659574468085	95.682302771855	79.1044776119403	20.8955223880597	0.6172839506172839	0.9009009009009008
185700291	1257.48	154.29	409.38	344.0	3.448556353510186	0.3921583333333333	1.6463623046875	100.0	54.08536585365854	3.068359375		185700291.0	92.09919694677734	91.28511469370504	91.54101884857182	100.04895571966284	98.05576837572652	84.06972545590905	88.83121487432955	85.6461053840498	85.95204468289656	76.471502631823	80.62160275941622	89.88273855915438	78.90714558654949	99.04891304347828	73.43373493975903	52.94117647058824	92.34866828087166	59.82905982905983	40.17094017094017	2.7071369975389663	1.0973936899862824
118336671	1224.4	159.59	403.92	342.0	3.426396316102198	0.3844416666666667	1.6027336120605469	100.0	51.66666666666666	3.068359375		118336671.0	96.33612681506813	93.30621231889808	94.62830824565476	97.01914132514705	97.19409116694366	91.3465275943942	93.29266935292648	94.43421415169864	89.08179756738164	76.2795075135645	83.04508539034506	87.44001158828496	88.96940418679549	93.91691394658751	81.95777351247601	95.74468085106383	95.74660633484164	66.66666666666666	33.33333333333333	0.468384074941452	0.0
495695047	1398.48	253.92	643.57	256.0	2.5675528691517626	0.459	1.591278076171875	100.0	83.6046511627907	17.4453125		495695047.0	92.88234719405553	94.12947942383944	93.31200825281016	102.58983652642188	98.53561314350031	92.57676249825612	94.8760560942888	93.93976517824557	76.84985457197944	76.07928735943533	77.54771513546946	105.9176769214329	78.84490590525633	96.87964338781576	65.59691912708601	58.42696629213483	94.40329218106996	51.92307692307693	48.07692307692308	2.73972602739726	0.3067484662576687
234630208	1274.94	167.78	404.04	357.0	3.570735570735571	0.4007555555555556	1.6012725830078125	100.0	47.60493827160494	3.068359375		234630208.0	89.8100422531507	91.74389517804153	90.4774496709825	103.6623865832353	91.15732890027115	92.49680233932038	92.33973815769625	110.64513514036508	81.770196313859	79.3522606681309	79.77099991412383	105.14216750388228	81.77083333333334	86.23188405797102	75.95870206489676	90.0	97.61146496815286	77.77777777777779	22.22222222222222	0.5825242718446602	0.0
106549519	1439.05	279.54	700.91	245.0	2.451941048066085	0.477386111111111	1.5975494384765625	100.0	88.0	17.2109375		106549519.0	94.28455119505062	92.70913159652684	93.39128586614324	98.41960151423004	96.98285004166252	95.4729787662493	96.03301781346188	99.13908447714728	84.0773181216794	80.22740892657833	82.99584312646347	109.6116060252095	85.29188779378318	95.2449567723343	72.7580372250423	100.0	96.44444444444444	64.70588235294117	35.294117647058826	0.0	0.907715582450832
396913821	1425.89	278.38	697.09	244.0	2.4448349567487697	0.4734083333333333	1.5905914306640625	100.0	84.03571428571429	17.34765625		396913821.0	94.73471514305098	95.0038874421804	94.74721820356726	100.76130612110788	98.15523284642109	94.89236353536792	96.31089218383045	96.87958034937112	80.00173094396534	85.85495760343647	86.10966494937503	116.03527270472742	87.03374777975134	98.08184143222506	61.19402985074627	88.88888888888889	98.67346938775508	100.0	0.0	2.4390243902439024	0.0
68587432	1264.3	160.18	408.56	348.0	3.4865870373996475	0.3956888888888888	1.6287460327148438	100.0	52.4390243902439	3.068359375		68587432.0	90.92429679448831	94.50654596962306	92.60710832991026	104.28240992499136	97.33384002922192	91.00912053026398	93.33372218420584	93.68905609618878	78.90304561409596	82.2707382114269	81.49803030096324	108.32913971605667	77.60617760617761	95.73690621193668	65.7765284609979	100.0	94.1404090657822	52.87356321839081	47.12643678160919	0.9615384615384616	1.2722646310432568
521776911	1416.47	263.83	649.02	258.0	2.5889803087732277	0.46675	1.6003074645996094	100.0	83.24615384615385	17.25		521776911.0	95.54438803995988	89.6757934901432	92.8608210040009	94.209928612673	98.06989940986055	92.0157761943102	94.27297971305576	93.9292636571693	90.13206934942151	76.6793129411711	82.83066967855247	85.708781744347	90.55064581917064	99.53632148377125	82.75862068965517	97.5609756097561	96.09609609609608	57.49999999999999	42.5	0.0	1.8633540372670807
860252322	1261.17	160.72	393.82	361.0	3.61050733837794	0.3949694444444445	1.5901451110839844	100.0	58.54430379746835	3.068359375		860252322.0	93.4243916234472	93.15737544456464	93.6484609976116	102.9087499515492	90.83598236787928	94.12943498789085	92.87824571886092	108.58587287359558	92.09638399451096	86.33761998750607	88.8549556468289	95.63321139358789	82.66331658291458	78.6096256684492	83.88746803069054	97.36842105263158	94.63019250253294	13.513513513513514	86.48648648648648	0.3048780487804878	4.761904761904762
851689669	1294.35	158.58	410.35	354.0	3.5407091507249904	0.4035916666666666	1.6375236511230469	100.0	51.27710843373494	3.068359375		851689669.0	95.28801469773428	91.22293277195972	93.16085780909728	95.79259464131712	98.91078716940142	89.041056897017	92.58832138662508	90.03321593517661	93.68278819241723	86.84883690035285	89.92588096615384	92.84138690156593	92.74385408406027	100.0	91.07752315943442	100.0	96.40872167592988	40.74074074074074	59.25925925925925	1.1241970021413277	2.158273381294964
39183495	1396.8	257.05	637.67	259.0	2.593582887700535	0.4594027777777777	1.5859909057617188	100.0	83.96875	17.30859375		39183495.0	94.88635475280309	93.91674530299017	94.20865049917155	99.55150442664822	98.42753835514728	93.97910113279356	95.73331698447264	95.47280939571628	71.86097515015834	71.58782137083037	76.62356235253051	119.99569955238914	90.89147286821704	98.80418535127056	74.55621301775149	100.0	96.58848614072495	56.00000000000001	44.0	1.984126984126984	0.302571860816944
434705002	1264.7	162.32	408.89	348.0	3.4899850815622786	0.3963944444444444	1.6171684265136719	100.0	50.207317073170735	3.068359375		434705002.0	94.95746705145606	92.08771956293556	93.43111826776978	97.04832753415234	97.19808669091265	93.95123952815176	95.35535375271728	96.73481613410434	89.6394147301168	79.49862347365314	83.47489080107026	88.91789581652031	89.18645780697322	95.75289575289575	83.79588182632051	100.0	94.78753541076486	37.64705882352941	62.35294117647059	0.4273504273504274	0.4032258064516129
110807250	1250.41	156.69	399.61	352.0	3.521183153574736	0.3908611111111111	1.6029434204101562	100.0	48.0875	3.048828125		110807250.0	93.79950206244436	91.32552968627242	92.459014642755	97.46238188459309	94.61875028472144	94.07047740785532	95.148158099452	99.82168995963968	89.35544181729671	77.37574106550079	82.10702753512044	86.51527210111257	85.94444444444444	89.62765957446808	81.12189859762675	100.0	90.49773755656108	9.090909090909092	90.9090909090909	1.196808510638298	2.522255192878338
840918177	1280.64	164.21	404.65	357.0	3.5706165822315588	0.4013472222222222	1.6149368286132812	100.0	50.14814814814815	3.068359375		840918177.0	95.05529936466326	93.6625542759768	94.30747065852628	98.61415221089592	95.7920551668444	90.86638041341496	92.28911752988532	95.3921895990285	90.63416400256703	80.92310028668443	84.82873372640678	88.96043734949863	87.56875687568757	89.30348258706468	85.31914893617021	97.2972972972973	94.78643216080404	73.61111111111111	26.38888888888889	0.3740648379052369	1.1142061281337048
954076577	1272.42	160.9	407.13	352.0	3.5205462628644417	0.3981444444444444	1.6263923645019531	100.0	46.13414634146341	3.068359375		954076577.0	96.84084528114876	94.15182618411036	95.43510734246472	97.28080923334733	98.9352793816045	93.76069984287648	95.99910323919528	94.7587350934592	91.70871627107934	84.48431001421811	87.90311342498411	94.35175457299772	93.06296691568838	99.37565036420396	85.63084112149532	98.24561403508773	96.7316513761468	64.28571428571429	35.714285714285715	0.1364256480218281	0.0
706362185	1247.18	165.31	396.4	356.0	3.5632946518668014	0.3923583333333333	1.5810012817382812	100.0	52.9375	3.068359375		706362185.0	89.87695766450904	92.67789892353736	90.894101691901	105.07411914571465	97.47738032291817	94.01050184257726	95.48439932286853	96.5353341390711	75.26824517904548	81.97430304621166	82.03355124621406	147.81404422540146	80.31716417910447	95.16129032258064	66.84397163120568	100.0	96.86411149825784	83.33333333333334	16.666666666666664	2.6525198938992043	1.059322033898305
778969369	1402.13	253.18	632.79	261.0	2.61589152799507	0.4598083333333334	1.5928459167480469	100.0	80.74803149606299	17.3671875		778969369.0	92.5017325346782	94.8571240572615	93.54013745444458	103.2070586389839	97.60314334495676	94.1284934097002	95.65736132315072	96.58805259421288	69.91154989816698	77.6094638504476	77.50146801353704	5525.0405684988245	82.34830575256107	97.78067885117493	56.9937369519833	95.83333333333334	96.7464114832536	39.130434782608695	60.86956521739131	2.197802197802198	0.6675567423230975
398501727	1257.05	159.69	394.29	359.0	3.59314210352786	0.3935388888888889	1.6012496948242188	100.0	48.37974683544304	3.068359375		398501727.0	92.1673831587715	90.02077521522374	91.40657576428256	98.41202416940402	95.32437750898184	91.5870187272134	93.392996421357	96.5213467976304	87.8164183069232	83.28029397711667	85.40191468664749	97.09092052346926	82.48009101251422	90.37037037037037	78.69974337040205	85.71428571428571	96.48275862068964	57.14285714285714	42.85714285714285	0.5434782608695652	0.819672131147541
433118444	1389.59	253.61	627.06	262.0	2.620482888399834	0.4564444444444444	1.5777778625488281	100.0	82.9484126984127	17.38671875		433118444.0	94.08541502790531	90.5634146179144	92.25025094136808	97.51396999914084	98.33910805168348	96.95815416112686	97.5169265616628	98.77298313959471	79.6416209475256	71.57562268331543	77.03527059348464	119.6681172780259	88.41251448435689	99.57894736842104	73.58490566037736	100.0	96.85452162516384	29.411764705882355	70.58823529411765	0.3663003663003663	1.2684989429175475
571632794	1246.97	154.79	388.47	360.0	3.6084124900249694	0.3893777777777777	1.5915031433105469	100.0	48.85897435897436	3.068359375		571632794.0	91.32392185226244	94.7852630998734	93.3465893915206	131.45298350754152	97.99432012715896	95.52032887523244	97.15170573194946	97.88182926334284	55.25876832916004	72.23407734304044	71.86321437689693	205.2489784365043	73.05439330543933	98.34710743801654	31.868131868131865	100.0	97.59450171821304	64.28571428571429	35.714285714285715	3.4482758620689653	0.2801120448179272
518242117	1256.05	156.27	393.81	358.0	3.5862979609456334	0.3923111111111111	1.5908203125	100.0	48.41772151898734	3.068359375		518242117.0	92.27977492127096	92.19234366484878	92.09283177686874	100.35673231750393	96.86852476363612	90.7443412609914	93.04207816229872	93.9222790728205	82.75691682663324	77.95305286803276	80.43646636259706	135.52413867175085	83.19823139277818	93.98058252427184	74.64607464607465	100.0	92.20549158547388	52.30769230769232	47.69230769230769	2.586206896551724	1.6528925619834711
569302725	1398.07	273.29	662.22	252.0	2.5238742411887287	0.4642666666666666	1.5973472595214844	100.0	85.09774436090225	17.25		569302725.0	94.60647434138608	90.67397637754686	92.49068585900709	96.03633141919448	95.80196845128356	91.7665580883054	93.29268777386912	96.3004398875471	93.1485393751748	87.16189643634826	89.72456054777236	94.02360815025006	89.26045016077171	95.069033530572	86.0236220472441	100.0	97.19020172910663	71.875	28.125	0.11441647597254	1.2448132780082988
510066456	1261.64	158.38	388.75	365.0	3.652784565916399	0.3944499999999999	1.5931625366210938	100.0	46.64102564102564	3.068359375		510066456.0	92.8977406685847	96.05211177179334	94.27903425898712	104.5591223499948	98.88504159945556	92.68838150232976	95.25539235295705	93.74257896194356	71.48800996418812	77.18592346801526	77.16441130018285	161.60737362120784	81.47887323943662	99.88479262672811	48.01587301587302	100.0	95.41918755401902	68.75	31.25	0.8264462809917356	0.3460207612456747
577075359	1269.73	158.7	389.97	366.0	3.662922788932482	0.3967861111111111	1.598052978515625	100.0	54.21794871794872	3.068359375		577075359.0	94.14751183830518	93.23096137366508	93.47673471824172	99.7781530224437	98.61553882807458	94.59884007444865	96.19967866458278	95.9640462299877	74.38029017478031	64.50654467560165	74.51694491995619	113.82443418574992	88.72901678657075	99.33949801849406	73.04785894206549	70.10309278350515	92.52252252252252	22.058823529411764	77.94117647058823	4.137931034482759	0.3989361702127659
598317472	1268.98	165.18	392.95	364.0	3.649726428298766	0.3983777777777778	1.5879440307617188	100.0	50.79113924050633	3.068359375		598317472.0	94.12884638570104	94.32349262775342	94.07387720367753	100.75866786583424	96.9481990907213	93.20323643642776	95.20504729661695	96.13099023819257	84.16089685065035	80.40894460225513	82.08085549194111	98.09976320675904	88.59721082854799	98.89240506329116	75.41899441340783	100.0	93.98148148148148	54.0	46.0	0.7407407407407408	1.92
753442690	1273.18	169.46	408.38	353.0	3.532592193545228	0.4007333333333334	1.5986480712890625	100.0	47.91463414634146	3.068359375		753442690.0	87.65471421971283	92.07469901624212	89.56313412659142	105.9445016863352	96.4945229176827	91.80089963694816	93.37999718064276	96.03279939008216	73.16559232488929	79.12497046457686	79.39317383524912	135.24758970884395	70.07069913589945	97.55102040816328	51.44736842105263	100.0	95.06726457399104	21.73913043478261	78.26086956521739	2.0460358056265986	2.7196652719665275
138991691	1419.36	255.47	655.71	255.0	2.5542236659498863	0.4652305555555555	1.6311264038085938	100.0	80.43181818181819	17.40625		138991691.0	94.97666742325372	92.75868155619862	93.79515993080076	97.70807986292172	95.28346630377656	90.13883418347116	92.55526064823412	94.8916618700248	90.30902044032386	76.84062965311557	82.23988932012568	85.0412482576349	89.00726392251816	96.54775604142692	81.7752596789424	97.08029197080292	90.04352557127312	45.86466165413533	54.13533834586466	0.5773672055427251	5.363528009535161
797715128	1425.54	274.81	693.84	245.0	2.4506370344748065	0.4723194444444444	1.6000862121582031	100.0	87.34532374100719	17.23046875		797715128.0	97.14176929379026	93.580090211731	95.26160304950922	96.40618091589614	97.19436696732696	93.26155388567746	94.58279076034992	96.14652239823316	95.80908522646608	84.86860372103736	89.44911639888845	88.62183313585803	92.82639885222382	92.3076923076923	92.60312944523471	100.0	94.5131375579598	38.80597014925373	61.19402985074627	0.1536098310291858	0.5208333333333333
520477284	1252.46	161.77	395.58	357.0	3.5750796299105114	0.3928416666666666	1.5867271423339844	100.0	54.6	3.068359375		520477284.0	87.60308106442433	92.8700972966715	90.75428666167888	110.05727771118544	96.64676153359348	94.74498421718216	95.4483447440131	99.89606748273894	74.2538219176696	83.42347157280655	80.4592922591399	142.3982626463655	68.05040770941439	99.47275922671352	44.41558441558441	100.0	97.93028322440088	70.0	30.0	0.0	1.5901060070671376
581966102	1277.33	162.36	409.06	351.0	3.519508140615069	0.3999138888888889	1.6208724975585938	100.0	49.21951219512195	3.068359375		581966102.0	94.90369515598331	96.56565628859056	95.68067404788373	101.88811824247335	98.65109313350924	93.9553596097463	95.93119694164326	95.26253928711068	67.17121534292613	70.14492525837176	79.26640206233081	147.4400018501478	77.79220779220779	98.72746553552491	41.3854351687389	100.0	96.8280467445743	58.82352941176471	41.17647058823529	0.8583690987124464	0.2148227712137486
143493819	1454.05	274.94	712.71	242.0	2.42593761838616	0.480275	1.6049423217773438	100.0	89.97902097902097	17.40625		143493819.0	96.81056595981649	93.57669825295636	95.05853941039857	96.7411941608402	98.3083606523298	93.61618502563296	95.413232599054	95.31227100480643	91.82516297485012	82.93662870123227	87.6815800441232	90.73710185470682	94.9652777777778	97.99072642967542	91.25	88.0	96.617915904936	63.63636363636363	36.36363636363637	3.4246575342465757	0.0
314033317	1426.66	271.39	687.26	247.0	2.4707534266507585	0.4716805555555556	1.6231689453125	100.0	83.1159420289855	17.26953125		314033317.0	94.91857072130576	91.83202705099012	93.28775724300212	96.865390215611	97.93626527926943	94.83867754673088	96.10680126868095	97.26742438007348	86.36504672035618	79.3424141695409	83.35983571475367	95.19390596219172	86.77165354330708	98.4936268829664	76.14770459081836	100.0	96.61222020568664	47.5	52.5	0.7863695937090431	1.1764705882352942
729924895	1386.41	260.57	645.05	255.0	2.5532594372529265	0.4574944444444444	1.5872535705566406	100.0	82.75193798449612	17.25		729924895.0	88.30229564135634	93.6156173989745	90.52262402533368	107.58539718843888	95.48052157624694	93.7187730014648	95.92949179576011	101.80415073926964	67.35327335525614	79.50484524065652	76.81353239868875	160.75621466006106	70.00821692686935	92.36883942766296	45.77464788732394	55.00000000000001	96.47887323943662	90.9090909090909	9.090909090909092	3.076923076923077	1.8932874354561104
359856494	1250.27	162.17	396.41	356.0	3.563078630710628	0.3923444444444444	1.6081924438476562	100.0	58.0375	3.068359375		359856494.0	95.30221177981048	94.1991395196983	94.68670141296154	98.94032808931308	98.80730468068865	94.29341876667525	96.2620507299865	95.42005164385436	76.03553698448832	76.45296924491527	78.20172793381315	114.99594445914522	86.64302600472813	100.0	60.69565217391304	100.0	97.40791268758528	82.14285714285714	17.857142857142858	1.7191977077363898	0.3673094582185491
881549524	1295.44	160.1	427.71	340.0	3.403100231465245	0.4043166666666666	1.6799964904785156	100.0	52.05813953488372	3.068359375		881549524.0	95.74534115209504	93.21559473865273	94.43898125861182	97.38846962309732	96.47548381292611	86.22036717485129	89.96811507231517	89.35140120010615	93.38590791838652	83.69717626302717	87.97555761493263	89.67848138579572	92.90780141843972	95.51569506726456	91.14173228346458	100.0	92.15822345593338	39.325842696629216	60.67415730337079	1.1339092872570196	3.169014084507042
426046672	1409.26	252.6	632.14	262.0	2.628942955674376	0.4616277777777777	1.6143035888671875	100.0	79.92125984251969	17.25		426046672.0	90.3336216852822	88.95808931052707	89.45464663569723	99.07493203813456	92.7898635557524	84.83643527361222	88.96937201383344	93.87518877626611	84.93232114034714	75.0296385827051	80.4866027992739	91.01492898387733	79.94652406417111	86.5079365079365	77.20588235294117	80.28169014084507	91.30434782608695	34.21052631578947	65.78947368421053	1.164021164021164	1.146788990825688
996276687	1261.75	157.38	405.83	349.0	3.4968582904171703	0.3942027777777778	1.6246452331542969	100.0	45.829268292682926	3.068359375		996276687.0	97.09345283648646	93.65194537000748	95.2323419085276	96.51089654089604	98.54879263558078	94.77513680706288	96.47908907375783	96.1611023033223	82.9411485414564	66.30072668887095	75.89707733889776	95.95418984472322	92.92753623188406	98.78892733564014	81.4663951120163	78.2051282051282	95.134123518403	75.40983606557377	24.59016393442623	3.75	0.1751313485113835
711143523	1253.11	159.21	394.12	358.0	3.583477113569471	0.3923111111111111	1.6036186218261719	100.0	48.29113924050633	3.087890625		711143523.0	92.51840201781016	91.4091685501848	91.8067051756725	99.1619056324112	97.2392002669502	93.3222400220936	94.9204820562009	96.08134644408028	74.75594710750885	70.7636118739093	77.51031467687532	120.63612109646292	83.52159468438538	94.89795918367348	65.64625850340136	97.14285714285714	96.26093874303898	91.17647058823528	8.823529411764707	1.8134715025906731	0.7168458781362007
882249430	1402.1	250.47	635.69	259.0	2.599647626987997	0.4590472222222222	1.6053047180175781	100.0	83.2421875	17.34765625		882249430.0	92.82460107071792	92.70736713032122	92.69943580725042	100.0407889975227	95.1818681805806	95.84193863056376	95.24262146894768	101.31231620348944	89.72851735934512	89.53919829185205	89.42850290192972	100.55590747679052	80.31115879828327	86.92913385826772	76.70221493027071	100.0	99.06479625918504	50.0	50.0	0.427807486631016	0.0
500592846	1257.97	162.8	400.46	354.0	3.547844978274984	0.3946583333333333	1.5926055908203125	100.0	51.03703703703704	3.068359375		500592846.0	92.14713871765764	93.99804463810533	92.95641645361866	102.55257922197757	96.67576350351383	94.09540451017358	94.8688136807191	98.35848500600142	86.23917440491212	89.27299139693272	87.2225616974899	105.75640377607752	81.93499622071052	96.99248120300751	75.1111111111111	87.5	95.84870848708486	47.61904761904761	52.38095238095239	2.366863905325444	2.0671834625323
54996710	1294.4	163.81	437.8	333.0	3.3307674737322976	0.4050583333333333	1.6798553466796875	100.0	47.72727272727273	3.068359375		54996710.0	95.86437584832272	92.15497007170924	93.94451378428867	96.15570512519534	97.06831131072596	84.18423675020118	88.73067210338304	86.90601175056231	93.72924818122002	84.46629919659728	88.63461385616267	90.19760602775716	93.57798165137616	99.57567185289956	91.4984972091026	98.4	94.28668018931712	60.16260162601627	39.83739837398374	1.2200844673862037	2.840909090909091
35462012	1238.68	159.79	392.54	356.0	3.5626178223875278	0.3884638888888889	1.6054267883300781	100.0	53.33757961783439	3.048828125		35462012.0	95.06000702553698	95.1445890961068	95.06115533655026	100.19357453993464	98.04926604615524	95.461372408887	96.63080072425429	97.39459266810807	89.64530549137596	89.85909285950548	90.3337781541274	101.009719884561	91.56268568033272	97.34411085450348	85.08771929824562	100.0	98.76703439325114	42.10526315789473	57.89473684210527	0.0	0.0
415416925	3206.16	402.28	1067.56	338.0	3.3800816815916668	1.0023444444444445	1.7607231140136719	100.0	48.80841121495328	3.068359375		415416925.0	92.36936976779296	94.9144273010861	93.4161264945758	104.842508061496	98.67114972090096	93.90234792442082	95.96608665545897	95.17651101147092	71.96087039139373	78.38755783897562	77.21060564682259	336.10378360151884	79.4436906377205	99.54524783992724	57.13596914175506	93.28859060402684	95.04696840307427	40.28776978417266	59.71223021582733	2.109704641350211	0.4568296025582457
96304274	3220.52	399.29	1054.27	343.0	3.43347529570224	1.005502777777778	1.7676734924316406	100.0	49.92417061611374	3.068359375		96304274.0	96.81505880776774	93.56191447293249	95.13238867592922	96.67769528326164	98.02334751711614	91.32630255665627	93.80320673033752	93.26251864594978	93.03766684410404	82.43225211388395	86.8610171767543	88.68959891895261	93.47169050977232	99.46731234866829	88.49264705882352	100.0	94.84802759215349	44.9438202247191	55.0561797752809	0.9555463232239304	1.8500486854917235
822523758	3209.72	412.88	1092.1	331.0	3.3170955040747185	1.0062777777777778	1.7977218627929688	100.0	46.71232876712329	3.068359375		822523758.0	95.85780151044598	93.5500902983996	94.64264475880844	97.6775983629637	98.01059999233598	94.318450440971	95.881846135072	96.28495176331693	90.81668324594592	82.5718787602429	85.96959166189437	91.65719382623172	91.463631513427	98.51272015655576	84.89258489258489	96.7032967032967	94.92514096830644	65.9090909090909	34.090909090909086	2.2857142857142856	1.1521652761223675
951670089	3155.19	380.96	1068.7	330.0	3.308833161785347	0.9822638888888888	1.7863883972167969	100.0	46.88785046728972	3.068359375		951670089.0	95.31589551297162	95.41482098613004	95.31326418570076	100.23119201561708	98.12803279613183	95.29377437459418	96.55959972067627	97.14630869518884	81.9341968714861	79.81563263300427	82.69562248204845	146.62368342807437	86.62095984329089	97.13140037014188	71.34146341463415	46.18834080717489	96.94708276797827	66.01941747572816	33.980582524271846	1.0256410256410255	0.6351222610352493
188799541	3077.17	375.06	993.8	347.0	3.473767357617227	0.9589527777777778	1.7041893005371094	100.0	51.5929648241206	3.068359375		188799541.0	91.5707666240037	90.18952287692358	90.69950459272496	98.84954439181408	96.998357160753	94.78178343870336	95.71464084607334	98.03204444311216	81.84885518766173	80.1560051447463	81.57708092899945	104.1500158720728	86.68177954094645	95.6219596942321	80.13698630136986	97.82608695652172	96.92710035959465	57.77777777777777	42.22222222222222	2.6862026862026864	0.3633720930232558
480091697	3194.18	394.76	1026.67	349.0	3.4957094295148385	0.9969277777777776	1.7412910461425781	100.0	49.70388349514563	3.068359375		480091697.0	91.73273915886168	92.11529099392136	91.79173590234812	101.27058964217382	98.19399368491794	92.6503027399882	94.8818366793713	94.49879777720764	82.5384343974355	82.00756332579854	82.22689308071642	101.49540796061991	82.20618556701031	99.94082840236686	72.18344965104686	83.44370860927152	96.06220215701028	73.80952380952381	26.190476190476197	1.1049723756906076	0.4144464179988159
862276537	3252.81	395.16	1054.19	346.0	3.460448306282548	1.013325	1.7840766906738281	100.0	49.40284360189573	3.068359375		862276537.0	93.84651673432428	92.77783324676686	93.249383684376	98.98481839970854	98.74553695984962	92.58675464104684	95.10957209390055	93.7727546016002	88.10045617692396	86.9455228024817	87.1567687397225	100.15353517636876	85.65217391304348	100.0	78.35139760410725	100.0	96.27013904215404	65.38461538461539	34.61538461538461	2.111394248270841	0.4166666666666667
742696178	3474.46	592.39	1507.6	269.0	2.6975656672857524	1.1296805555555556	1.7353439331054688	100.0	73.32119205298014	17.38671875		742696178.0	93.7658084404445	88.47554761720397	90.92792109901458	94.54562120360316	92.83932598684076	89.52540107000142	90.42082729992032	99.65908399483264	91.50138983873978	78.04461557308198	83.93611825688639	85.72287997227433	92.26692363285956	95.32786885245902	90.50017992083484	100.0	94.43864229765012	38.81578947368421	61.18421052631579	0.8349900596421471	3.4393809114359417
481453754	3211.99	392.42	1028.96	350.0	3.502964157984761	1.001225	1.7246246337890625	100.0	50.52427184466019	3.087890625		481453754.0	92.93664665517892	95.6335002861616	94.09756351157732	103.88424943662618	98.64363065295308	95.89873090362282	97.12750938990769	97.25805270130832	63.28735431344849	73.23748959377005	77.29013372156388	169.0167241572671	80.87583148558758	98.03063457330416	49.754500818330605	69.3069306930693	96.64153529814942	84.28571428571429	15.714285714285714	4.440789473684211	0.0446428571428571
348018141	3517.3	622.39	1607.57	257.0	2.5751227007222086	1.1499138888888891	1.7017669677734375	100.0	84.08695652173913	17.3671875		348018141.0	93.32089213044888	93.21939458790187	93.1275866504567	100.40448860242849	96.715300228285	92.86272472217564	94.37512130634452	96.41898724341226	79.33160652620323	80.57738956888028	81.68131511918583	121.54946989323132	84.57175269427113	94.15708812260536	68.87905604719764	100.0	96.6465459423206	64.63414634146342	35.36585365853659	0.4282655246252677	0.7121057985757884
23113594	3108.83	392.87	1034.16	338.0	3.3860331089966733	0.9726944444444444	1.70648193359375	100.0	53.31400966183575	3.068359375		23113594.0	90.08061598605032	93.01109191416164	91.32630211929776	104.0933061494511	96.65429343104373	90.83643763466188	93.28438902065228	96.74421558403974	70.78009301541255	71.79487003933262	76.74431409779537	137.79715141321205	78.42019543973942	97.0990695128626	59.43847072879331	65.57377049180327	94.80789200415369	83.33333333333334	16.666666666666664	0.100502512562814	1.6347237880496055
879800109	3184.35	404.06	1007.31	356.0	3.562369082010503	0.9967805555555556	1.7022132873535156	100.0	51.806930693069305	3.068359375		879800109.0	92.03504255172076	95.60100369525613	93.62403804948876	104.546821089946	97.89998785171493	95.1794846323277	96.35886946799226	97.25219320112602	62.203006543842086	78.76776816425235	74.78463494271426	192.9592966529152	79.04934907659703	97.16902581182347	28.947368421052637	53.84615384615385	98.35312140942168	60.0	40.0	2.8925619834710745	0.0428449014567266
163398153	3164.34	374.07	1085.69	325.0	3.25913474380348	0.9828916666666668	1.7228012084960938	100.0	52.944954128440365	9.4375		163398153.0	93.67553016536245	92.8276265491707	93.13667933744964	99.3763475612043	98.24107069419834	92.77591316362437	95.1364506424023	94.48148930707563	77.49460050173059	76.85799659896892	80.93681553536798	106.5118557066434	80.99294232173278	100.0	61.11951588502269	93.006993006993	93.5997596153846	72.93233082706767	27.06766917293233	2.557755775577558	2.4710035300050426
644363922	3211.77	404.25	1044.92	346.0	3.4605711442024267	1.00445	1.7459678649902344	100.0	48.014354066985646	3.068359375		644363922.0	93.71082071009285	91.96258278639912	92.69566244049388	98.3967620244136	98.11735984619575	94.15048998612608	95.8766567015854	96.00962759238767	78.53791618275827	73.51497060464499	78.30063510591306	124.41399900874856	83.63411619283066	97.78927563499528	66.44844517184943	100.0	96.03901862252438	73.25581395348837	26.744186046511626	2.8735632183908044	0.6253006253006254
476727767	3223.87	385.55	1154.23	312.0	3.1271237101790805	1.0026166666666667	1.8683128356933594	100.0	41.891774891774894	3.068359375		476727767.0	95.41076865194348	91.00341685104652	93.12489526802734	95.42394401921771	97.17256128384628	86.69645007737131	90.71340515203948	89.79640148043599	93.4280804508852	85.7344957684103	89.31332603017468	91.86434679648042	87.86644951140065	97.97333333333331	83.84964110313562	99.49748743718592	95.62866852023478	82.82828282828282	17.17171717171717	1.1714350078846587	1.7964071856287425
228607133	3206.37	386.48	998.61	359.0	3.5978510129079417	0.9980138888888888	1.7360763549804688	100.0	46.54	3.068359375		228607133.0	91.58335112644498	91.14331576514807	91.26424657216036	99.77891864317225	96.81522492572672	93.98493966578414	95.34520381000893	97.09891420977723	83.57278239049202	83.35554738553702	83.17532515628656	105.56682884251931	80.47266172641699	93.937575030012	72.94190742466604	97.2222222222222	96.09258337481334	40.0	60.0	1.4906303236797274	1.0862619808306708
478618057	3188.18	399.08	996.06	360.0	3.6014497118647477	0.996461111111111	1.69921875	100.0	51.105	3.068359375		478618057.0	91.22371465389418	90.4704419567277	91.02551766760747	101.1942818713998	96.6707280165042	91.41962952064864	93.52865534953813	97.61926559615162	82.56476422408375	77.60106200883602	80.58007731821415	103.92897498029288	80.07486323063634	91.91011235955057	72.47163295510607	76.57657657657657	95.361380798274	71.76470588235294	28.235294117647054	1.9060585432266848	1.3039934800325998
34104829	3574.84	647.38	1679.95	251.0	2.513300991100926	1.172838888888889	1.7773857116699219	100.0	83.8422619047619	17.38671875		34104829.0	91.70223491178844	92.71767946730571	92.08455296507783	101.2933829113355	94.99568718663524	92.76237963343092	94.2501084404604	99.2027449736611	82.2800672129119	83.66487479607902	83.19968984716833	103.1550848628192	78.16998619601657	91.47031102733273	67.63369451240825	100.0	97.452068617558	73.86363636363636	26.13636363636364	0.6201550387596899	0.0515198351365275
583849043	3547.52	610.02	1607.58	258.0	2.586210328568407	1.1548722222222223	1.7916030883789062	100.0	84.3913043478261	17.3671875		583849043.0	94.14026314920812	88.39944433336373	91.10916285744943	93.97747508668934	94.34695277808056	88.55053860532597	91.06197176592536	739.1055438914325	92.26839810195357	80.91511456131978	85.94758760231896	87.7902875549617	88.68280414963849	91.8744971842317	87.60918139345927	95.40816326530611	95.23218716767104	59.89304812834224	40.10695187165776	0.7651286807326687	4.2907180385288965
678718624	3173.97	397.83	1027.54	347.0	3.476069058138856	0.9921666666666666	1.7190284729003906	100.0	49.8252427184466	3.068359375		678718624.0	89.79679098533497	89.92358539864436	89.64322063755618	100.8431625752314	96.55623833388896	93.74237311370736	95.48797344637602	98.11446334689713	85.32222752124949	83.54727664596365	84.0526518285206	101.4800035456511	80.35057346894612	97.82608695652172	72.85803627267042	91.11111111111111	95.1791004578508	0.8130081300813009	99.1869918699187	0.6008583690987125	3.333333333333333
85784643	3239.63	411.94	1083.82	336.0	3.369166466756473	1.014325	1.7595329284667969	100.0	46.1520737327189	3.068359375		85784643.0	95.85487206600718	92.71687358034684	94.2158130533437	96.79057137515504	98.07332307653532	90.73560650063456	93.83389098049972	92.57670012231657	93.7682323197108	86.8071907877495	89.83724186542864	92.73293622828427	94.37262357414448	99.23126201153109	91.92723138146674	100.0	95.72925060435134	53.59116022099448	46.408839779005525	0.463821892393321	1.0329244673983211
771067718	3162.03	377.86	1011.25	350.0	3.500509270704574	0.983302777777778	1.7379112243652344	100.0	47.33990147783251	3.068359375		771067718.0	92.43830632288316	95.53695481015596	93.86710263022792	103.77343194894956	98.61189714052044	94.63244777412528	96.3590857287476	95.97215641952651	72.76068349393024	73.48458737484093	75.95131779299491	186.7998346260464	80.95128145924728	99.95497523638	56.226616782469264	97.90794979079496	92.09925841414716	20.51282051282051	79.48717948717949	1.3307984790874523	1.3063063063063065
909988547	3547.17	666.02	1677.38	251.0	2.5117683530267443	1.1703305555555557	1.7053680419921875	100.0	83.72321428571429	16.56640625		909988547.0	93.7545249544433	92.8670339263284	93.35731319521976	100.24996912970646	98.94753486459682	93.58512511663052	95.74951500189437	94.58505949840358	85.28166269005554	82.91292373348904	84.58867041532784	105.0560187129782	84.47368421052632	99.7596153846154	74.38452520515827	62.7906976744186	97.702492211838	90.74074074074076	9.25925925925926	0.0	0.4016064257028112
707177822	3205.05	399.34	1045.93	344.0	3.446110160335778	1.0012194444444444	1.7439765930175781	100.0	47.3	3.107421875		707177822.0	93.78380388185526	92.22338778250126	92.9132478035994	98.49222123765958	93.77876429930426	87.46575356351606	90.78953221259364	111.59620280464864	90.26860534088044	82.08617740263303	85.132819614726	91.2595787762294	88.0278422273782	88.17647058823529	87.24011414594374	98.72611464968152	95.33473906167632	65.80645161290323	34.193548387096776	0.9345794392523364	0.1334222815210139
730610640	3197.79	387.91	1060.97	337.0	3.379643156733932	0.9960277777777776	1.75732421875	100.0	49.417840375586856	3.068359375		730610640.0	94.52773825101544	93.5939522200244	93.96924589484767	99.531281806535	97.13935190735344	90.55820716096642	92.9517530510304	93.51224125445438	91.8812217521133	87.32265396573834	89.07185405711829	96.2065828001254	88.9949977262392	96.53739612188366	84.40201729106627	99.438202247191	95.09453244762392	32.7683615819209	67.2316384180791	0.1280409731113956	0.860832137733142
804082805	3346.2	515.43	1332.79	289.0	2.897403191800658	1.0726749999999998	1.7343482971191406	100.0	63.48314606741573	16.5078125		804082805.0	93.75470254107177	94.6144368270615	94.28093772315472	101.26120419150092	95.9534402392358	93.87937182312602	94.43935432083984	98.23726893751652	80.61817193150534	78.11794256212505	83.8848614782517	116.6125707806323	81.2849906691549	88.32630098452883	69.57689724647415	100.0	95.08035421449657	50.3875968992248	49.6124031007752	1.2548262548262548	0.4246284501061571
530501722	3538.44	632.1	1629.09	256.0	2.560042723238127	1.1584833333333333	1.724884033203125	100.0	81.43558282208589	16.60546875		530501722.0	94.74641629590984	93.66209226035136	94.13947835480388	98.99199794638982	97.90724782511784	91.66190296656242	94.21517038850205	93.72684413931545	82.56808983815962	80.08097118387808	83.56025171067849	113.76270579200832	86.41248720573184	96.29087359687652	74.0	100.0	94.96594610601126	80.73394495412845	19.26605504587156	4.324324324324325	0.2534211860111505
55712385	3256.3	389.1	1122.88	324.0	3.246473354231975	1.0126111111111111	1.83941650390625	100.0	46.266666666666666	3.068359375		55712385.0	95.91341652065266	94.1938905111591	95.01908141326165	98.26494670764914	98.1016661483296	86.06311185629313	89.92086228187712	87.83002390774715	94.4892735498695	88.13249564976627	90.95152933986414	93.3554789305722	89.8940376403606	98.97557131599685	87.50783371631502	89.51310861423221	95.4433497536946	70.29288702928869	29.707112970711297	0.167104320840296	1.0350318471337578
730752338	3197.9	376.42	1107.92	322.0	3.226153512889017	0.9928666666666668	1.8088188171386719	100.0	49.0	9.4375		730752338.0	95.38173765791085	92.90022169931416	94.07918944190824	97.44318088538336	94.72431045596974	88.32784127109515	91.72049502981444	93.42563770982903	93.84621748320524	85.77317203287328	89.26726270697718	91.50692154754312	90.80736787743156	90.2277736958119	90.57591623036647	97.96747967479676	94.29383886255924	35.26970954356847	64.73029045643153	0.8933263268523385	2.1172638436482085
475810100	3203.8	407.6	1022.03	353.0	3.533555766464781	1.0031666666666668	1.710479736328125	100.0	53.05365853658537	3.068359375		475810100.0	94.03590796685424	95.51281910524824	94.64983478036126	102.20415822065269	97.31681419021096	94.8251279697052	95.84675089112898	97.68655459010704	70.94991791719795	73.9491851466597	81.06409717165369	366.1608420505002	86.38906152889993	96.95817490494296	52.78137128072446	98.71794871794872	97.19424460431657	50.64935064935064	49.35064935064935	0.2450980392156862	0.0
452355066	3266.08	404.78	1081.7	339.0	3.393602662475732	1.0196833333333333	1.7889862060546875	100.0	48.69124423963134	3.068359375		452355066.0	94.96122829807793	94.06789848780215	94.45971081353252	99.19053441278724	98.08361976267504	90.53580959563531	93.52445188755333	92.34905318969832	90.50642509847953	85.80781557933362	87.71917402293172	95.18816418901224	87.29634976283769	97.45264532984976	81.5537084398977	100.0	94.54287739192064	71.57894736842105	28.421052631578945	0.5880047040376323	1.742627345844504
620779198	3218.41	397.41	1014.74	356.0	3.563297002187752	1.0043944444444444	1.7392921447753906	100.0	45.63054187192118	3.068359375		620779198.0	94.84429052729875	93.90529756510796	94.28537422258924	99.2078583902205	97.62536082121925	91.31014924738228	93.51156617878354	93.83867552200309	88.75564094958034	81.26335353053136	84.2719056662256	105.00614919297756	88.37523655041903	97.40548554484803	81.9634703196347	100.0	94.31018660140715	40.0	60.0	0.1671309192200557	1.750380517503805
719498251	3655.33	663.35	1787.15	241.0	2.416517919592648	1.199633333333333	1.8202323913574219	100.0	81.36312849162012	17.3671875		719498251.0	96.1510089247792	92.65185694009418	94.33483690492533	96.40892869631362	97.93424642682656	84.93788452052155	89.89898337775908	86.67457641877641	93.41201947459486	81.31197700313584	86.39243764527632	87.01671203796491	91.98292220113852	100.0	88.47290640394088	88.35820895522389	93.60495100567304	40.87837837837838	59.12162162162162	1.7260579064587973	0.7257646448937273
559636538	3266.43	400.28	984.84	372.0	3.723152999471995	1.0185305555555555	1.71795654296875	100.0	51.80964467005076	3.068359375		559636538.0	94.40604622732572	94.7386611071589	94.45209262180173	100.7841226400557	98.17501101063677	95.66658437985647	96.71981535742393	97.46541299084552	88.89575273279961	86.77501233413432	88.10817150232275	102.99470369187618	88.5529791605518	98.08533916849017	81.4867762687634	46.66666666666666	96.9506131919125	70.23809523809523	29.761904761904763	0.7017543859649122	0.0
406424302	3284.02	412.88	1133.96	326.0	3.2601679071572187	1.0269166666666667	1.8527641296386719	100.0	41.757709251101325	3.068359375		406424302.0	94.77504732742692	88.23048505821194	91.33091924466852	93.13574953788878	97.14570476224416	94.49599615397284	95.79202238535194	99.3568902254788	94.27247503133609	86.58897026221273	90.1922073145554	91.90138132443396	88.78212827288013	99.82456140350877	88.01873292571875	82.6086956521739	98.85010822510824	38.59649122807017	61.40350877192983	0.0886786875554241	3.866432337434095
666058199	3149.73	408.41	1014.11	350.0	3.50863318574908	0.9883722222222222	1.7130012512207031	100.0	49.847290640394085	3.068359375		666058199.0	92.23753417271716	94.56686967989936	93.25512036261225	103.02495786486354	97.79134545268342	94.98036643698492	96.1317427711128	97.37829432307612	80.6340247567735	82.61817234108945	82.88440441039293	211.70586243265683	83.12290646740531	97.53086419753086	72.38906320035858	99.09909909909908	96.09423434593924	29.09090909090909	70.9090909090909	0.371517027863777	0.6662225183211192
82256758	3166.33	394.46	1015.44	350.0	3.5066473646891985	0.9891083333333334	1.7323646545410156	100.0	48.4264705882353	3.068359375		82256758.0	91.84105914913636	91.35624751389255	91.35024747460156	100.08435480076774	98.10492458748796	93.6614922578834	95.49252152211584	95.58054105708422	73.8336773749116	71.20844204043287	74.99977643992639	135.5023072522039	77.65451664025356	97.42647058823528	60.91445427728613	92.5	95.3061224489796	66.66666666666666	33.33333333333333	1.452784503631961	0.5660377358490566
844578985	3198.0	399.41	1030.44	349.0	3.4911397073094985	0.9992805555555556	1.7230453491210938	100.0	52.8792270531401	3.087890625		844578985.0	93.65595573907017	89.73585241785779	91.5368228191492	96.38672626841014	91.20422126226605	91.78293057530767	94.518428864389	108.14974664416472	92.77100873992674	84.68188698272134	88.17885190705626	91.76986185682436	88.0346232179226	86.90944881889764	88.13920454545455	96.875	96.79005205320996	5.376344086021505	94.6236559139785	0.16116035455278	1.585503963759909
320110719	3153.85	395.59	990.17	358.0	3.584677378631952	0.9859555555555556	1.6946945190429688	100.0	51.35858585858586	3.068359375		320110719.0	95.90607746501118	88.5442963480717	91.9173630044622	92.3670555686948	98.497232887627	95.47005742896962	96.65157200692168	97.11950780354462	93.5585406590124	81.58831739944476	86.87837340743535	87.2291817859522	92.17179409077065	98.46570397111914	89.89084005695301	60.29411764705882	98.44679444811632	26.82926829268293	73.17073170731707	0.0	0.5499541704857929
867166048	3228.61	408.09	1069.36	340.0	3.400819181566545	1.0101944444444446	1.78369140625	100.0	50.47663551401869	3.068359375		867166048.0	94.49563991525292	91.2995400501223	92.79993305053353	96.71335522392287	97.44157625674106	85.54228078756336	89.94550463667404	87.59093900729673	89.79148958437928	80.9248978383657	84.61298561424464	90.37369893523952	85.18928901200368	95.21345407503236	80.35182679296346	98.85057471264368	95.46932581833948	48.837209302325576	51.16279069767442	1.212529471202425	0.0679347826086956
30133327	3146.84	382.68	1097.33	321.0	3.21646177540029	0.9804222222222222	1.7946510314941406	100.0	50.095454545454544	3.068359375		30133327.0	94.47268402187392	93.36482935837604	93.8491423872152	98.94353583839666	97.4031298220002	91.8805238376518	94.30327744236853	94.89360989197624	87.57413537109471	78.33144495236435	81.48945531308412	90.76223098953542	82.9835606855544	93.62178291682208	73.49911190053285	74.77477477477478	95.65858798735512	76.50602409638554	23.49397590361446	1.304978250362494	0.5179282868525896
185700291	3229.11	390.91	1080.94	334.0	3.3489555386978	1.0055611111111111	1.8154106140136719	100.0	45.38248847926268	3.068359375		185700291.0	92.37700775172362	91.35532313484094	91.76640951249668	99.35299683440344	97.92467766632168	84.47825691569922	89.11617167120384	86.22339558230108	86.77170749435089	77.12709109893461	81.35443934156872	89.13073734671057	79.2942942942943	98.84868421052632	74.34041559654447	53.16455696202531	92.42567695512214	61.224489795918366	38.775510204081634	2.3241206030150754	1.774819744869662
118336671	3161.12	403.42	1024.28	348.0	3.480044519076815	0.99015	1.7305030822753906	100.0	48.41951219512195	3.068359375		118336671.0	96.3211297223876	93.652138006453	94.82454552937236	97.44810194390551	96.85753215402931	90.99346947760506	93.17470267667836	95.31071567841968	90.41263582444536	78.5825230753769	84.4709430552401	88.71152560564329	90.09932713873758	94.55822118197776	83.77760853008378	96.96969696969695	96.26600284495022	63.54166666666666	36.45833333333333	0.7272727272727273	0.0618811881188118
234630208	3208.03	413.89	1028.23	352.0	3.522480378903553	1.0060888888888888	1.7188262939453125	100.0	48.35922330097088	3.068359375		234630208.0	89.48217871202753	91.64464227734412	90.26740942769086	103.86042510274888	91.16522657113116	91.92101847993126	91.7760625320297	106.96064437075772	81.32940974044695	79.08439840307913	79.97946131920467	108.78275086636988	81.52866242038218	86.09706774519717	75.87822014051523	89.02439024390245	97.49348958333334	73.97260273972603	26.02739726027397	0.2314814814814814	0.0587199060481503
106549519	3572.85	650.91	1693.02	249.0	2.494808094411171	1.173266666666667	1.7175025939941406	100.0	85.3716814159292	16.60546875		106549519.0	94.65987092475936	93.2235766660978	93.84931281386382	98.60296693526168	96.71638135957332	95.2116260939237	95.7477962219374	98.99436778319853	84.6827225195617	80.64627117950174	83.89689342187424	102.73730175143872	86.9285056765879	94.34806939003916	76.53429602888086	100.0	96.43487469114014	72.41379310344827	27.58620689655172	0.0	0.8303677342823249
396913821	3548.57	653.55	1673.29	251.0	2.5112921250948728	1.1672555555555555	1.6975326538085938	100.0	85.87462686567164	16.48828125		396913821.0	94.75871511197266	94.9768052188993	94.73081830852205	101.0174732384986	98.4296465782198	94.99818245671784	96.50596264818763	96.67012658569	79.63204137424916	85.3008400367738	84.94580038387814	119.74084273035577	86.94109297374024	98.31202046035806	60.73113207547169	86.66666666666667	98.85714285714286	84.61538461538461	15.384615384615383	2.912621359223301	0.0
68587432	3207.75	376.54	1056.35	339.0	3.3930894116533348	0.995636111111111	1.7761917114257812	100.0	48.60849056603774	3.087890625		68587432.0	90.57396705610078	94.1167688009504	92.23534754180127	104.24943056930984	97.35909167427197	90.79934957480955	93.1763268911843	93.37000885759936	80.07164866961976	82.96558768918871	81.39269449986531	106.64781507853648	78.22690217391305	95.75289575289575	66.7779632721202	100.0	94.07294832826749	48.64864864864865	51.35135135135135	1.0833333333333337	1.2600806451612905
521776911	3565.17	629.18	1607.43	260.0	2.609351573629956	1.1650972222222222	1.7188224792480469	100.0	85.21428571428571	17.38671875		521776911.0	95.65041693907143	89.4265412763094	92.48029659426004	93.75284520426672	98.14507006933464	91.5138286936913	94.01788639433728	93.40123052015116	89.34959508092507	74.52948093126851	81.37773884442714	83.70202521986442	90.28635597978663	99.61414790996784	82.21406086044072	99.009900990099	95.83333333333334	52.0	48.0	0.3190810465858328	1.8721755971594576
860252322	3172.77	391.53	1003.06	355.0	3.553426514864515	0.9900833333333334	1.6973609924316406	100.0	51.07462686567164	3.068359375		860252322.0	93.67586463796304	93.52838885923695	93.67817457533997	101.3037689963224	91.39512047465368	93.92735279052184	92.82437704097394	226.14423805285963	92.11132353535228	87.01989972802086	89.12018039237202	95.99005989612304	83.97545175588135	81.63265306122449	84.46652719665272	97.77777777777776	94.80308566788467	17.045454545454543	82.95454545454545	0.804953560371517	3.552631578947368
851689669	3278.07	403.46	1082.74	340.0	3.400197646711122	1.0226472222222225	1.7994804382324219	100.0	48.23041474654378	3.068359375		851689669.0	95.25478362658863	91.54374114582004	93.30532999917128	96.18162117578852	99.06986849643567	87.89048638462415	91.9819149579679	88.72895030785499	93.58542421346908	87.08423543142486	90.00406773879462	93.20112703535942	92.86403085824494	99.90557129367328	91.16473873155164	100.0	95.93284873658703	44.966442953020135	55.033557046979865	1.509516517173485	1.606805293005671
39183495	3555.61	647.5	1640.86	256.0	2.561528710554222	1.1675305555555555	1.6911430358886719	100.0	86.23404255319149	16.546875		39183495.0	94.8376435030943	94.05674875252592	94.22277204665828	99.82120923005424	98.57964748308083	94.36555944909706	96.11049923826644	95.7292984211706	73.56369984322943	72.58272666665027	76.48073550095334	144.59944583723455	89.6692679301375	98.59731151373464	72.42128121606949	100.0	96.97472026523	72.88135593220339	27.11864406779661	1.199400299850075	0.3556609365737996
434705002	3226.07	405.5	1050.3	345.0	3.457650195182329	1.0087694444444444	1.7494163513183594	100.0	48.11904761904762	3.068359375		434705002.0	94.94240329055688	91.89379603298264	93.32309915359964	96.85836546356424	96.91406433773888	95.21543245973164	95.9028704690492	98.39923391761248	90.26268227375228	79.94748665767911	84.11358995464823	88.69741862394453	89.2624085426142	94.86284289276809	84.64223385689354	100.0	95.14842711564025	28.87700534759358	71.12299465240642	0.8247422680412372	0.6309148264984227
110807250	3154.13	395.1	1014.11	349.0	3.4998471566200906	0.9858972222222222	1.7255096435546875	100.0	46.32512315270936	3.068359375		110807250.0	93.77705276468043	91.41507328795814	92.50284746510994	97.60612533781568	93.29581323397346	93.45059935337706	94.49113500963004	109.64228388362238	88.6176677518453	77.04402129453423	81.93583432982186	87.98252896825628	86.2463540498093	90.23479188900748	81.2062937062937	100.0	89.9843912591051	7.796610169491526	92.20338983050848	1.5608180839612489	3.607332939089297
840918177	3215.06	407.66	1054.39	343.0	3.435844421893227	1.0063111111111112	1.75042724609375	100.0	52.5260663507109	3.068359375		840918177.0	95.029417145898	93.43507450269122	94.1723213526633	98.37875297466816	95.27207419313652	91.08140172418386	92.52995305395868	95.83939278409544	91.2917785207549	81.79509058610893	85.6482440763749	89.8568642565553	88.07218309859155	89.94140625	85.72044866264021	97.19101123595506	95.00249875062468	75.72254335260115	24.277456647398843	0.4529441368897836	0.9771986970684038
954076577	3222.98	403.02	1052.86	344.0	3.443952662272287	1.0072222222222222	1.7661209106445312	100.0	45.611374407582936	3.087890625		954076577.0	96.76428916287466	93.76299196659106	95.19556970778584	96.9573050341182	98.7838259485868	93.42998990579724	95.72417276001538	94.57620415163288	91.95930876724614	83.95162175313175	87.81267223784596	92.86520100814612	93.55112431056428	99.23631735256684	87.15261958997722	97.53086419753086	96.30385487528343	63.92405063291139	36.07594936708861	0.2090956612650287	0.042753313381787
706362185	3081.46	377.86	987.97	350.0	3.501442351488405	0.9609222222222222	1.6748428344726562	100.0	52.54545454545455	3.068359375		706362185.0	89.48980043057979	92.69792177694072	90.72778902630505	105.53139330516504	97.48777273811892	93.52788564833745	95.15077777563904	96.04588234011872	75.49673609239758	83.90042046780343	82.01673524029046	134.06059313828015	80.04291845493562	95.06656225528585	66.88963210702342	100.0	97.18498659517428	70.83333333333334	29.166666666666668	2.9000000000000004	0.8237232289950577
778969369	3600.48	649.41	1685.78	252.0	2.5210229092764185	1.180525	1.7113037109375	100.0	84.65384615384616	16.625		778969369.0	92.04339833280648	94.92455560290324	93.52746752444368	104.5938821912989	97.93218586470728	94.7718849373335	96.15391948950138	96.9129485606242	66.26028390634177	76.24171478144245	74.5801557772713	2417.3925737212003	81.56923076923077	97.75561097256858	53.68509212730318	98.0392156862745	97.2086005281026	52.0	48.0	1.87207488299532	0.6122448979591837
398501727	3170.92	395.55	1017.24	350.0	3.506026109865912	0.9906861111111112	1.7223320007324219	100.0	49.32843137254902	3.068359375		398501727.0	92.6774314930085	90.8929424977284	91.83991570762396	98.51195128861424	95.02576175813182	91.89689498427433	93.0816166577353	97.74348844062888	88.72490961185491	84.01860429990802	86.36632832295888	96.55802810926131	82.52536640360766	90.11997177134792	78.77423822714681	83.07692307692308	96.47540983606558	55.55555555555556	44.44444444444444	0.5714285714285714	0.6264682850430697
433118444	3507.73	653.06	1664.42	249.0	2.499843789428149	1.155775	1.6699142456054688	100.0	84.51801801801801	16.5078125		433118444.0	94.19561220114318	91.09763614764458	92.41559049130956	97.54984688091145	98.20677280184428	96.25044179285574	97.2486217496216	99.7119077349892	79.23763892794949	70.80323629053525	76.9655646585645	174.08921246149623	87.18067812354853	99.07407407407408	71.10141766630316	100.0	96.43047416089505	31.25	68.75	0.3067484662576687	1.4443500424808835
571632794	3087.01	348.64	1000.41	343.0	3.434241960796074	0.9543472222222222	1.6991767883300781	100.0	50.37313432835821	3.068359375		571632794.0	91.42647211725516	94.88069141604176	93.28055550918133	116.40808886916712	98.44049675571608	95.47229947324946	97.22992951325364	97.97847372128344	57.2787363614452	72.26796631708359	71.9458580223961	217.75029514753564	73.71527777777777	99.14236706689536	32.60672116257947	100.0	98.02166745171928	43.333333333333336	56.66666666666666	2.785515320334262	0.1153402537485582
569302725	3517.97	640.58	1642.68	253.0	2.5315642730172643	1.155152777777778	1.7092056274414062	100.0	84.41033434650456	17.30859375		569302725.0	94.4004381949226	90.36748858733128	92.2080339898729	95.94693666419764	95.93447083445098	92.78738857777016	93.92899023207788	97.29766760032858	92.57273461101836	86.54630380312523	89.26519177587362	93.9799523137681	88.60294117647058	95.07936507936508	85.05423865006027	100.0	97.77711914641375	71.1864406779661	28.8135593220339	0.0472366556447803	1.252086811352254
510066456	3156.31	393.06	1000.83	354.0	3.5464264660331923	0.9859361111111112	1.7111091613769531	100.0	50.59203980099503	3.068359375		510066456.0	92.8490220199204	95.4763360872612	94.171118944752	103.88437440924154	98.77625976783123	92.98168996495524	95.37954665018108	94.13926653940038	70.10351179519766	74.81098124035746	77.50725867488254	165.89507781884126	82.47333525511675	99.90821477742084	48.817567567567565	100.0	95.77070954211814	77.35849056603774	22.641509433962263	1.2110726643598615	0.3674781809830041
577075359	3200.72	397.73	1010.76	356.0	3.560142862796312	0.9995694444444444	1.7142868041992188	100.0	48.51724137931034	3.068359375		577075359.0	94.23695517066002	93.4277812356628	93.6601755038519	99.69171172461968	98.27326967189164	94.05137976739204	95.6948690008455	95.93182859532592	75.38385292462134	64.0704758015351	74.490566149008	100.75243178450266	87.61116222017786	99.04040404040404	69.30596285434996	72.48062015503875	92.22961148057402	25.13368983957219	74.8663101604278	2.8208744710860367	0.7649158592554819
598317472	3108.85	381.09	1021.5	341.0	3.4164855604503184	0.9694277777777778	1.7177467346191406	100.0	51.655256723716384	3.068359375		598317472.0	93.7391692336003	93.82917621107548	93.8128934409286	101.47883015129244	96.94560891624094	92.68659382789797	94.76402496290544	95.61424112833409	83.12889802444593	79.66049437669331	81.18351331310055	123.679057158857	87.4015748031496	98.53390348197924	73.63571934798016	96.8503937007874	93.83783783783784	56.91056910569105	43.08943089430895	1.2512030798845042	2.1698698078115317
138991691	3487.4	577.11	1542.33	263.0	2.6353050255133468	1.1290305555555555	1.7835464477539062	100.0	71.92556634304208	16.546875		138991691.0	94.47060990639442	92.83843703719003	93.59305697673136	98.36236314644746	94.72534795984252	87.79708599703378	91.12799888157885	94.42217319797165	88.58931680086253	75.91842112819543	81.13214371834411	85.75627123185072	88.24557994948515	96.26654064272212	80.76347305389223	96.65738161559888	89.82826948480846	50.43227665706051	49.56772334293948	0.7877664504170527	4.810996563573884
797715128	3231.37	477.41	1276.3	290.0	2.905884196505524	1.0302166666666666	1.7196807861328125	100.0	70.05859375	16.46875		797715128.0	97.0158728440078	93.46109520146815	95.14526226393178	96.39327309999952	97.19491991869825	93.81945488794152	94.9423513191528	96.73751767936515	95.10297090725552	84.16641825151311	89.10750525643324	90.50465900342816	92.78320874065555	93.19816873773708	91.82424916573972	100.0	94.9798574527425	36.42384105960264	63.57615894039736	0.1211387038158691	0.631578947368421
520477284	3151.55	407.38	1003.27	354.0	3.547330230147418	0.9885916666666668	1.6914291381835938	100.0	49.91044776119403	3.068359375		520477284.0	87.9062706980855	93.13174341174371	90.67586171651736	108.7593745375646	97.3171117293148	94.27063086194276	95.93000616699123	101.65364068590306	72.7946782535324	83.05765106844	79.55641833039023	136.56861622414382	68.41155234657039	99.72164231036882	43.70290635091496	100.0	97.97713280562886	75.86206896551724	24.13793103448276	0.0	1.1863224005582695
581966102	3206.52	407.27	1069.4	337.0	3.37926874883112	1.0038305555555556	1.7537956237792969	100.0	44.59345794392523	3.068359375		581966102.0	94.43056913852467	96.22842071791456	95.25638890134312	102.1609592496162	98.47975590693564	93.7287858421054	95.62571767474982	95.19230389175928	63.445729156153725	67.97808317332247	77.73957130452506	189.21915666437727	77.67295597484278	98.4174508126604	41.6189111747851	100.0	96.82860998650472	70.73170731707317	29.268292682926827	0.8605851979345954	0.3042155584528466
314033317	3612.98	674.51	1740.21	246.0	2.463777360203653	1.1909694444444443	1.7683448791503906	100.0	82.32183908045977	16.5078125		314033317.0	95.09904419169528	91.80542914097548	93.36402618612544	96.67531735621336	98.2648593951655	94.36179670043678	96.0450865229109	96.24366967278957	87.03353792390357	79.52078535464925	83.50329384825245	94.43295124814938	87.21200591841048	98.88991674375578	76.39171068671273	100.0	96.21909840038778	53.70370370370371	46.2962962962963	1.276595744680851	1.1225444340505144
359856494	3172.49	378.05	1019.18	348.0	3.483722208049609	0.9862611111111113	1.7405815124511719	100.0	49.1078431372549	3.107421875		359856494.0	95.1428529315972	94.38442045108016	94.7005065216552	99.33917870142902	98.67237319765192	94.6853236275632	96.4571797175696	95.95797771598646	75.69100249878248	77.55267901947599	79.6168371221372	115.2915237000629	87.1531825600373	100.0	60.89425124201562	100.0	97.59229534510432	80.64516129032258	19.35483870967742	2.331002331002331	0.2838892831795599
881549524	3300.52	406.21	1153.9	321.0	3.212349423693561	1.0296472222222222	1.8770904541015625	100.0	46.05194805194805	3.068359375		881549524.0	96.01883703097349	92.83982451116194	94.37611446066715	96.7193044672939	96.33479398792235	86.2765002443384	90.22823312549194	89.96276733582947	93.88664804853676	82.86189523525665	87.71870352487414	88.29665601292575	93.02385557704709	94.4619540747411	91.8087399568881	100.0	92.375935680621	41.76334106728538	58.23665893271461	1.1312700106723588	3.145853193517636
996276687	3188.95	387.82	1059.83	337.0	3.3748525706953005	0.9935472222222222	1.77093505859375	100.0	49.66981132075472	3.068359375		996276687.0	97.15318528109938	93.99545629663304	95.45148263370372	96.8140676637578	98.53249369741788	95.60935687586556	96.899787440983	97.08271676055222	82.75328033098128	67.47533389170249	78.08907174858261	93.62855226526452	93.02592337692133	98.97044171371635	80.52057094878253	73.88535031847134	95.93094944512949	73.27586206896551	26.72413793103448	4.066736183524505	0.3355704697986577
711143523	3142.42	390.87	1019.59	346.0	3.465402759932914	0.9814694444444444	1.7227859497070312	100.0	51.00490196078432	3.087890625		711143523.0	92.03642608672612	91.7220178033664	91.7228881070174	100.1092224765016	96.9771282961236	93.47646798860112	95.11570480881112	97.4373914342718	74.15644222147967	72.61265874936845	78.10512928796878	116.7427674181335	82.67695582756785	94.39338235294116	64.8630594522378	96.47058823529412	96.04119729642744	84.14634146341463	15.853658536585366	2.368692070030896	0.8763388510223954
882249430	3586.56	675.67	1718.23	248.0	2.4805934013490623	1.1839527777777776	1.7271003723144531	100.0	82.72383720930233	16.56640625		882249430.0	93.3754370471717	92.8513502700274	93.05336780510198	99.60482501220802	95.23437884721592	95.16151341522657	95.25233749138242	101.77986285846868	89.9718432857552	88.9003113851637	89.60917501287003	100.19995641302826	80.98825614890318	87.79373368146214	77.30808251606358	100.0	99.15184678522571	62.5	37.5	0.3062117235345581	0.0
500592846	3154.45	402.86	1018.28	349.0	3.493449738775189	0.9881416666666668	1.6992416381835938	100.0	50.990196078431374	3.087890625		500592846.0	91.6612556276856	93.97819441691274	92.6666111587062	103.17834611468405	96.29404787279888	93.59691241511084	95.14977415157004	110.77950381241538	85.87378873847263	89.55915422131508	87.04656638841959	107.30272545206331	81.38697087961573	96.66993143976494	74.10873440285205	92.42424242424242	95.75802286978976	50.81967213114754	49.18032786885246	1.984365604329525	2.127659574468085
54996710	3302.46	405.55	1163.43	318.0	3.187136312455412	1.0300027777777778	1.8734245300292969	100.0	43.6824034334764	3.068359375		54996710.0	95.92906997213404	92.2659992870485	94.03555510573057	96.2053185442847	97.1629419202784	82.68397353225811	87.72786350026821	85.11949185202468	93.84112235879948	84.13905001738453	88.50030665394442	89.72451397168044	93.3085977482088	99.25883694412772	91.20055758843004	98.45201238390094	94.13135883724118	55.9748427672956	44.0251572327044	1.184562476117692	2.757036186099943
35462012	3086.8	381.5	1030.44	336.0	3.3658437172470013	0.9634166666666668	1.7352447509765625	100.0	50.21549636803874	3.068359375		35462012.0	95.21029916229908	95.31930022196772	95.22590023508428	100.2084202424062	97.85749147251832	95.86425858220058	96.72316670895864	98.1126605129454	89.31096296621992	89.59948400931565	89.65848071216662	104.43866897236302	91.64705882352942	97.42663656884876	84.99496475327291	100.0	98.66495507060333	51.02040816326531	48.97959183673469	0.1777251184834123	0.0
415416925	6507.79	805.06	2187.46	334.0	3.343078273431286	2.031347222222222	1.9701156616210938	100.0	47.9337899543379	3.068359375		415416925.0	92.64503349051414	94.96499918725664	93.64622147820369	103.70061104912791	98.70063982975516	93.74877915416108	95.79672837703173	94.99016187117849	72.91189492806848	79.105386861064	77.54018107246807	334.50929212501774	79.86713207972075	99.54863461972468	57.72573635924674	94.48051948051948	94.85408148879176	40.893470790378	59.106529209622	2.216645754914261	0.4760825209703015
96304274	6516.29	773.93	2146.31	339.0	3.3966295642288395	2.025061111111111	2.0093040466308594	100.0	45.87906976744186	3.068359375		96304274.0	96.83482568066889	93.67747456461466	95.20169655962744	96.7755718802757	98.04777075031043	91.5807853747951	93.9950626950982	93.4771850513646	92.85209763635984	82.46978101914688	86.79571440471457	88.81813493093907	93.3645511607054	99.52572919136828	88.15113719735876	100.0	94.55767794258884	45.65217391304348	54.34782608695652	1.0819808572617562	2.144388849177985
822523758	6502.67	797.14	2239.52	325.0	3.259542223333572	2.027725	2.08441162109375	100.0	46.37276785714285	3.068359375		822523758.0	95.83171751406402	93.50584654289597	94.60540587230652	97.6509220972548	97.97369032801224	94.39342985615244	95.87830811819993	96.4287905188267	90.78858802086224	82.95176613213387	86.10827415042982	92.1727486674541	91.42448359116516	98.67363344051448	84.89405331510595	97.46478873239435	94.9921752738654	66.76300578034682	33.23699421965318	2.15378421900161	1.2016293279022403
188799541	6241.74	741.14	2004.33	348.0	3.4838973622108136	1.939688888888889	1.7689857482910156	100.0	46.33665835411471	3.068359375		188799541.0	91.61184848107028	90.1942640688822	90.70771652410512	98.81438874933878	97.09928668212709	94.84165384920644	95.90144831381495	97.95560000970008	82.96830813406203	80.98065682111984	82.4266723615524	102.4736818836892	86.55807365439094	95.75140449438202	80.17930700266538	88.23529411764706	97.08721976763212	53.333333333333336	46.66666666666666	2.8709579933514657	0.2933626696002933
163398153	7190.62	1300.49	3447.51	246.0	2.462968925398331	2.3586416666666667	1.8168144226074219	100.0	84.39855072463769	16.64453125		163398153.0	93.18364502714796	92.40698576196029	92.96365111221608	99.82932191710069	98.12789286316657	92.26535199815194	94.75322882571004	94.12413037978168	77.49693410002116	76.03212276520486	80.76804028122103	107.57385676914345	80.77540437090998	100.0	60.76824583866838	91.77631578947368	93.61051666157138	71.32616487455196	28.673835125448026	2.2334597555836493	2.210796915167095
644363922	6374.06	765.87	2136.07	334.0	3.342554317040172	1.983313888888889	1.9028091430664062	100.0	47.61915887850467	3.068359375		644363922.0	93.67907224897075	91.81997128790736	92.61135844601128	98.21572237916617	98.02060071948542	93.89223047567914	95.63863708393193	95.83535123813672	78.66251213804591	73.39777316305323	78.18688813941993	110.47171333110644	83.42842967005706	97.70718891807977	66.39566395663957	100.0	95.926256318763	74.05405405405405	25.945945945945947	2.653061224489796	0.5866536299193351
476727767	6623.92	829.51	2404.01	310.0	3.100415555675725	2.0703972222222222	2.3625640869140625	100.0	43.35550935550936	3.087890625		476727767.0	95.34699672415977	91.09729661460317	93.1438309313657	95.585317284542	97.04306741364144	86.59845461367705	90.62331264205658	89.69360364233357	93.2118623905354	85.38537847378974	88.997165780473	91.64408528472325	87.78698546393153	97.75191748214758	83.73242113264918	99.7601918465228	95.46580006190034	83.17307692307693	16.826923076923077	1.112119836586473	1.948051948051948
85784643	6355.81	780.94	2207.65	323.0	3.2327361674178423	1.9824305555555557	1.9845161437988281	100.0	47.91628959276018	3.068359375		85784643.0	95.8260154716054	92.81062225518802	94.24950427969048	96.91495800621188	97.95552733103284	90.95366410668242	93.86221111757268	92.94309997637562	93.41384010637266	86.35782898071682	89.66936828675713	92.5394797393892	94.2403367776502	98.95238095238096	91.82940838598506	100.0	96.01015228426397	52.071005917159766	47.92899408284024	0.3440187646598905	1.0587102983638113
771067718	6341.4	779.15	2089.12	340.0	3.4083968369457	1.9779305555555555	1.9200935363769531	100.0	44.6578947368421	3.068359375		771067718.0	92.47998187563846	95.55116956717896	93.88967060710544	103.74683448154111	98.58000966658356	94.56262666778218	96.28894578093444	95.9493788031896	71.98088336330794	71.96679930343615	75.64115833393059	214.78943923645585	80.83362198360466	99.90964535803026	55.8862965942612	97.82178217821782	91.74403656620484	21.052631578947366	78.94736842105263	1.2476007677543186	1.3113271535157134
909988547	6514.51	964.33	2564.01	291.0	2.916852898389632	2.0774555555555554	1.7541580200195312	100.0	66.50877192982456	16.5078125		909988547.0	93.59262517358096	92.73198133369957	93.192904524612	100.24849050563482	98.85975431404326	93.86623165532204	95.8844989643171	94.96521810580934	84.89370167584096	82.77862147547026	84.70372408721909	104.60969903600328	84.31212170783576	99.56297179181566	74.50292397660819	56.81818181818182	97.74932091579356	83.0	17.0	0.1177394034536891	0.5187549880287311
707177822	6404.49	764.11	2103.17	340.0	3.408473875150368	1.9912777777777777	1.9170989990234375	100.0	48.14251781472685	3.068359375		707177822.0	93.7363206182649	92.18661968080144	92.86636060204944	98.53575268263197	94.17343663540257	88.0276399889956	91.18035007425958	126.49473328074076	90.27713968080366	82.6457415841251	85.49823105763805	91.91579616736196	87.50289552930276	88.57562408223201	86.19297537343562	97.8181818181818	95.93646591661152	64.31226765799256	35.68773234200744	0.8430913348946136	0.0663129973474801
730610640	6471.98	781.47	2143.6	338.0	3.3837702929651057	2.014847222222222	1.9507675170898438	100.0	47.98368298368298	3.068359375		730610640.0	94.74590593684891	93.75080322639649	94.16645059866032	99.38497647207426	97.20836564136026	90.78933475920364	93.13307544817094	93.56062578678127	92.11618531862436	87.35159312577493	89.23478415807642	95.73069431311396	88.9963167587477	97.17813051146383	84.17813178855901	99.3920972644377	95.2017589239524	31.804281345565748	68.19571865443424	0.1290322580645161	1.3793103448275863
804082805	7046.37	1186.12	3161.36	260.0	2.6040976035630234	2.286802777777777	1.8887443542480469	100.0	74.75829383886256	16.56640625		804082805.0	93.76002094524934	94.5852059032871	94.36289735976506	101.25454825135644	96.03414984797506	94.22661835647038	94.85189187151316	98.71320440881205	80.15309130878512	77.89837731344058	82.8416725966623	113.675149507054	81.51652452025586	88.7691955076782	68.91891891891892	100.0	95.17737452999836	52.156862745098046	47.84313725490196	1.256913021618904	0.3872966692486445
530501722	6447.1	834.84	2191.07	332.0	3.3234629655830257	2.0227611111111115	1.8683853149414062	100.0	58.98861047835991	16.33203125		530501722.0	94.71617554239396	93.59989929460548	94.07546343925485	98.99519972237218	97.6466711640773	91.27204222846012	94.2007173826613	93.73683805708102	82.63503807616016	80.32536365817329	83.4713219293031	109.27602551463087	86.09066253390158	96.02187966185976	73.76251788268956	100.0	94.92949294929493	79.64601769911505	20.35398230088496	3.95655546935609	0.2589331952356292
55712385	6619.88	758.88	2310.75	319.0	3.193231634750622	2.049655555555556	2.323455810546875	100.0	42.09719222462203	3.087890625		55712385.0	96.05709192866286	94.26986220956628	95.1274723730657	98.19504947088168	98.23434445172516	85.90370478431171	89.8707452800293	87.5830333082209	94.64407536530123	88.22923287031742	91.06148906325744	93.29586089599246	90.16844833171363	98.95833333333334	87.87846252952545	89.03345724907064	95.2667504939824	73.2776617954071	26.722338204592894	0.2199144777031154	1.214574898785425
730752338	6862.94	1028.57	2872.24	274.0	2.7475106537058185	2.1920861111111107	2.16949462890625	100.0	68.16173913043478	16.5078125		730752338.0	95.45008379727436	92.8162343152702	94.07199654314348	97.28402433944314	94.41411238204054	88.16018272405206	91.69090607798805	93.4104943557187	94.10120779444313	85.74875964139437	89.42566772942367	91.20414167733205	91.16362702286156	90.5023835716905	90.95958402268968	98.36734693877553	94.47731755424064	34.439834024896264	65.56016597510373	0.7925165648954138	1.8233387358184765
475810100	6415.57	774.25	2056.05	349.0	3.4969091218598765	1.997172222222222	1.7893295288085938	100.0	50.682038834951456	3.087890625		475810100.0	93.94506610895829	95.45158059362106	94.56971508440236	102.33141978438265	97.24523283690142	94.86090340114409	95.79319032108046	97.87822326207554	72.16578676613359	74.31336333525093	81.26825503420869	309.1319567407993	86.32546347646965	96.76375404530744	53.85612443292288	99.24812030075188	97.503671071953	49.24242424242424	50.75757575757576	0.4813477737665463	0.0
559636538	6427.95	802.92	2087.94	346.0	3.4631598609155434	2.008575	1.8387489318847656	100.0	48.5933014354067	3.087890625		559636538.0	94.14495336841632	94.64086315632257	94.25526037427156	101.1247936790988	98.1121823091168	95.75334534021285	96.76517079181949	97.61531513603596	86.60548541168124	85.07747218371644	87.16704800325383	106.89301231600103	88.28722778104768	97.85596481583288	80.75418000711491	48.99135446685879	96.9	68.23529411764706	31.76470588235294	0.7048458149779736	0.0
406424302	6830.94	778.35	2261.73	336.0	3.364367099521163	2.1136916666666665	2.2787513732910156	100.0	45.02207505518764	3.068359375		406424302.0	94.77041307278851	88.23416879239309	91.32523843897783	93.17699483205224	97.34171209123218	94.02394446260708	95.59117899623908	97.59526054139208	94.25116796133106	86.57266090246571	90.16708085151852	91.93670520289685	89.0415891496129	99.73935708079932	88.34559541636825	78.43137254901961	98.80029655590754	42.5	57.49999999999999	0.0810671383300169	4.094076655052264
666058199	6252.46	763.25	2067.38	339.0	3.3935270729135425	1.9488083333333333	1.7895164489746094	100.0	48.1256038647343	3.087890625		666058199.0	91.94476710555354	94.6068611842736	93.12529923342947	103.41012930176284	97.7388288743313	95.0932192890956	96.17250640121745	97.57105742668608	80.38991712228584	83.17445297477775	82.90731666223473	164.3951446303115	82.66144814090019	97.3816717019134	72.07327971403038	99.52380952380952	96.35416666666666	28.22966507177033	71.77033492822966	0.1859888406695598	0.5515339538090314
30133327	6534.83	798.42	2267.74	323.0	3.233726088528668	2.0370138888888887	2.1287689208984375	100.0	45.691629955947135	3.068359375		30133327.0	94.4714697078936	93.26930387638018	93.79577807073184	98.8535246247547	97.46003602828426	91.62870910228618	94.0343143142572	94.30637304575298	88.08949086225445	79.26643198128319	82.37144854443089	90.69085024789014	82.9971181556196	93.73353406097102	73.60014042478498	75.0	95.77020202020202	78.18181818181819	21.818181818181817	1.1924636298592892	0.4416783778357759
185700291	6432.18	741.87	2227.18	322.0	3.2211361452599254	1.9927916666666667	2.1691856384277344	100.0	46.24439461883408	3.087890625		185700291.0	92.3496332024388	91.34950780120548	91.76847755341518	99.21861783288286	98.02014809100616	84.69940877645466	89.41108449823065	86.36182002664974	86.82266644887792	77.44264847875792	81.37681619901991	89.4820536471768	79.21015091223065	99.00910551687198	73.86792452830188	53.30316742081448	92.56872037914692	61.12054329371816	38.87945670628184	2.2509578544061304	1.4606437652150392
118336671	6372.13	781.17	2097.5	341.0	3.410393325387366	1.9870277777777776	1.8483619689941406	100.0	45.85952380952381	3.068359375		118336671.0	96.21032451763658	93.72484753754668	94.83501197549106	97.59804186680545	96.9787972729084	91.22747272622226	93.39203840240916	95.15661407245666	89.35418115912724	78.25077809015986	84.759334679481	88.57879444813946	89.8464431212786	94.3852577022747	83.31479421579533	98.58490566037736	95.79700034879666	67.94258373205741	32.057416267942585	1.068090787716956	0.2440512507626601
234630208	6434.92	798.01	2095.09	345.0	3.452324243827234	2.0091472222222224	1.81256103515625	100.0	50.20047732696897	3.068359375		234630208.0	90.05968129735108	91.72218452467162	90.64100473967858	103.02002752932944	91.47191669869724	92.3369980840364	91.82086865628273	105.99954690029011	82.44853657788246	79.52987720213628	80.9271947501903	108.50046448393276	81.7146513115803	85.89995095635116	76.57733109994417	90.32258064516128	97.66677106169746	72.14285714285714	27.857142857142858	0.2916514764855997	0.0285469597487867
106549519	7202.67	1287.69	3407.6	249.0	2.49159525765935	2.3584333333333336	1.7913322448730469	100.0	82.0307917888563	16.5859375		106549519.0	94.67309605195685	93.25205950582657	93.83907012518722	98.67779488251855	96.76881792246546	94.89545684697292	95.61805703207558	98.4220302666289	85.2559147824284	80.34750674046076	83.94643726602159	122.63752221093551	86.73179955877718	94.03935185185183	76.34808478988472	100.0	95.83938953488372	74.6268656716418	25.37313432835821	0.0487092060399415	0.8307692307692307
396913821	7085.75	1315.06	3313.11	253.0	2.535626646866539	2.3335583333333334	1.7517166137695312	100.0	82.84917043740573	16.625		396913821.0	95.06186651805956	95.0287000081358	94.92831433142666	100.47336334762376	98.548368601819	94.93890457652428	96.5130864851062	96.44839009496307	79.68990511085421	85.46679687837265	84.7198337556681	121.63257857384755	87.22202612072009	98.29299363057324	61.89362945645821	83.33333333333334	98.76568191015784	88.0	12.0	3.3050047214353167	0.0259201658890616
39183495	7193.51	1320.01	3384.37	251.0	2.515540558508674	2.364866666666667	1.7147560119628906	100.0	84.32200886262925	16.64453125		39183495.0	94.69862262582252	93.9852084328856	94.34571748984597	100.33841842615112	98.57131018939558	94.6749798594378	96.27289827039876	96.10629322268088	75.14573157326161	74.78305065039515	78.12464406060563	141.68181719045862	89.40336749633968	98.72574572835217	71.84210526315789	100.0	97.25690890481064	72.97297297297297	27.027027027027028	0.8791208791208791	0.322675271340569
434705002	6479.1	782.13	2155.7	336.0	3.3683861390731558	2.017008333333333	1.9713401794433594	100.0	48.26157407407408	3.068359375		434705002.0	94.85131726864144	91.96008464141532	93.31516526176574	97.04859674030696	96.69792189564092	94.6085479081229	95.58750948755667	98.25147277206476	90.06909200710523	79.47300234949799	83.8273725881609	88.31503687914524	89.05942542306178	94.6656649135988	84.4167100017334	100.0	94.7083517454706	29.1044776119403	70.8955223880597	0.7597535934291582	1.058201058201058
110807250	6343.38	772.94	2059.63	345.0	3.455144856114933	1.9767555555555556	1.8328399658203125	100.0	48.900485436893206	3.068359375		110807250.0	93.8427599989871	91.4157043419972	92.51657555678835	97.66494740595842	93.26263371770304	93.25094950267388	94.47227535125954	188.62069698955145	88.8550509657863	77.08787898572992	82.19826126301805	87.52997475654651	86.19284744228158	89.92608814672872	81.48228645946534	100.0	90.17857142857144	7.903780068728522	92.09621993127148	1.4937316617764738	3.34855403348554
840918177	6459.55	808.23	2148.04	338.0	3.3834472356194487	2.018827777777778	1.9451904296875	100.0	48.6093023255814	3.068359375		840918177.0	94.99282470650702	93.1871404358434	94.0271685119803	98.169405662698	95.225225413346	90.9828226707576	92.6824927885851	95.95974983364668	91.13340991926344	81.13299703008883	85.19689540592837	89.24951123661971	88.32582169946136	89.88818667963054	86.26859236904505	97.38372093023256	95.04667081518356	74.92537313432835	25.07462686567164	0.5997001499250375	1.0546241211465657
954076577	6524.03	789.05	2155.47	339.0	3.392800642087341	2.0314111111111117	1.9936065673828125	100.0	46.99071925754061	3.068359375		954076577.0	96.68638717545092	93.53867988555226	95.03359631960096	96.81524861764449	98.77885350786156	93.13258897878472	95.54706711023066	94.27698063175366	91.76099484086004	83.23472138151834	87.29374380768715	92.90462068399508	93.53016414410573	99.29562433297758	87.00642791551883	97.65395894428153	96.07977207977208	64.86486486486487	35.13513513513514	0.1583113456464379	0.1074806534823731
138991691	7338.72	1365.52	3564.84	244.0	2.441691632724049	2.4178444444444445	2.0379981994628906	100.0	82.09677419354838	16.68359375		138991691.0	94.35660551266773	93.10111573544232	93.66472478524923	98.79783426417356	94.80663563365404	88.07406719809397	91.15893990889032	94.50283756151848	88.2473199487085	76.23118063179166	81.1032859624603	87.06206389496577	87.92126740278444	96.33665661952236	80.10722869291921	96.53679653679652	90.14961231844492	47.53363228699551	52.46636771300448	0.8539118393722595	4.717208182912154
797715128	7172.78	1323.72	3482.56	243.0	2.4397282458880825	2.360138888888889	1.8275337219238281	100.0	81.4361549497848	16.625		797715128.0	96.96539764836848	93.43079800855573	95.0900760398753	96.54976439759916	96.56900013213316	93.47776794488578	95.06303087234346	99.59678487421571	95.01905036753284	84.07212987296539	88.87605728681322	89.60113340568337	92.95896328293736	93.39684625492772	91.94630872483222	100.0	94.6096654275093	37.53846153846154	62.46153846153846	0.0608272506082725	0.7386563489271896
581966102	6492.58	780.45	2177.71	333.0	3.339760574181135	2.020286111111111	1.9660987854003906	100.0	46.11697247706422	3.068359375		581966102.0	94.23520997641108	96.26589092738725	95.1766423533202	102.40914062463172	98.35498112035948	94.18668140529896	95.9119063896946	95.79465071412258	62.96854998564429	68.5913150887381	78.27906445064922	194.2516325236936	77.18863991662323	98.34870255200516	41.57068062827225	100.0	96.9113924050633	68.91891891891892	31.08108108108108	1.5113350125944585	0.3706934147405146
314033317	7313.45	1339.61	3668.0	235.0	2.3590676117775358	2.403627777777777	2.018463134765625	100.0	83.90190735694823	16.5859375		314033317.0	95.0145336350541	91.72219217041932	93.27896135048576	96.68000858113363	98.28438129367404	94.5590976480769	96.30807576648458	96.3055824513005	86.74468236038133	79.23229211777415	83.4057280627379	94.38877170720174	87.03082407213252	98.76260311640696	76.20675784392598	100.0	96.56667871340802	55.44554455445545	44.55445544554456	1.1612562681446292	0.9048723897911832
881549524	6695.68	872.37	2436.56	310.0	3.106038841645599	2.102236111111111	2.4096527099609375	100.0	39.55327868852459	3.068359375		881549524.0	95.92783970017192	92.7954455442116	94.30841971426264	96.76739189526624	96.2952449245062	87.56612051747551	90.95570206272286	91.21768880628952	93.79550001825648	83.15062532657042	87.84685554879435	88.70661905671986	92.68710721767285	94.4333110665776	91.34190823574583	100.0	92.47311827956987	39.45497630331754	60.54502369668246	1.1244220260613704	3.489742985145013
996276687	6464.13	761.46	2198.39	328.0	3.2867644048599205	2.007108333333333	2.0392684936523438	100.0	47.08863636363636	3.068359375		996276687.0	97.19294735791732	93.99486558171816	95.46482739261124	96.76618077472124	98.55419617333398	95.65858637696064	96.94656613080068	97.09753092317644	82.89430525436606	68.53044310335241	77.84816938400785	92.79262080415252	93.14862044980292	98.87323943661973	80.71709663314385	73.02631578947368	96.04231487243312	76.57657657657657	23.423423423423426	4.333694474539545	0.2681414446120329
711143523	6329.51	813.19	2104.36	339.0	3.394238628371572	1.9840833333333336	1.8077201843261719	100.0	46.79334916864608	3.087890625		711143523.0	91.71404277852756	91.58300288648176	91.57629429223913	100.3435132762601	96.76237443847256	93.78817457264404	95.212950525663	98.53015841011256	73.5457864324494	72.7436456920769	78.1892658979031	117.80444237371483	82.2061191626409	94.16957026713123	64.04569892473118	97.07602339181284	95.82109043421482	78.3132530120482	21.686746987951807	2.623294858342077	0.986679822397632
882249430	7232.22	1280.5	3426.28	248.0	2.484537165672392	2.3646444444444445	1.8664016723632812	100.0	83.27696793002916	16.52734375		882249430.0	93.3805677282761	93.04352725582274	93.1427415258704	99.85962982861352	95.52045329682802	94.77971167078732	95.19969455502186	100.30170279377822	89.6429133397755	88.84404021448813	89.46378803692964	100.9480676781806	81.3780053428317	88.69874071682273	77.34201061825655	100.0	99.1109287375188	68.75	31.25	0.3764393268379096	0.0
500592846	6361.95	774.73	2039.56	349.0	3.499127262742945	1.9824111111111111	1.7554512023925781	100.0	50.98039215686274	3.068359375		500592846.0	91.86300630097882	94.08804237220112	92.8245374008247	103.01857378128824	96.99136655685793	93.71775216608007	95.16588527606132	103.50922038141871	85.75129768987436	89.10038359148591	87.00849312769915	106.7484677642531	81.51149086623452	97.16674407803066	73.56808558056608	94.5945945945946	95.6262425447316	56.42857142857143	43.57142857142857	1.9085125719478944	1.864244741873805
54996710	6737.14	796.71	2441.06	308.0	3.0863026717901243	2.092736111111112	2.4074478149414062	100.0	44.34969325153374	3.087890625		54996710.0	95.90052333892169	92.40162659333468	94.09282133501613	96.37469711385032	97.20293481945436	82.72590643971768	87.76026591541182	85.13132896716371	93.92831192944072	84.49232992135545	88.7401175731096	90.01582737962049	93.27351406389208	99.28632600628032	91.20574742491128	97.56838905775076	94.15296445384458	55.29595015576325	44.70404984423676	1.148334440542849	2.702702702702702
35462012	6231.5	754.11	2101.69	332.0	3.3238060798690574	1.9404472222222224	1.895660400390625	100.0	47.43638525564804	3.068359375		35462012.0	95.13845811815624	95.20897902895904	95.128491659431	100.17691594830308	97.78136560137158	95.4227146377176	96.4254242514236	97.6884842178535	89.22892475835334	89.26448959137151	89.18647239109752	103.02013937574192	91.23281231637093	96.82860998650472	84.68354430379746	100.0	98.44132423032332	48.67256637168141	51.32743362831859	0.2391629297458894	0.0
415416925	13186.69	1450.09	4551.0	321.0	3.2161678751922658	4.065772222222223	2.4544525146484375	100.0	45.613611416026345	3.068359375		415416925.0	92.57689224192396	95.05978329709428	93.66458277611189	103.7216806956998	98.76645456975142	93.50065198928422	95.67597706051372	94.67307437186231	72.8415870945907	79.000485768504	77.00155551952867	232.2670561711869	79.6340223652999	99.61625282167044	56.82373046875	94.64831804281346	94.53900709219856	42.64943457189014	57.35056542810986	2.2771213748657355	0.5098572399728076
188799541	12638.45	1448.04	4118.0	342.0	3.4207115104419623	3.912913888888889	2.1814422607421875	100.0	47.50364077669903	3.068359375		188799541.0	91.5941253345766	90.2606734642311	90.78492790007611	99.0314075691871	97.17056125732374	94.63407973403945	95.8483583354599	98.22245569690546	82.84077207825852	80.51454362738723	82.32640379199246	104.4084858005785	86.87401911827651	96.20610552320451	80.35998530672217	88.58695652173914	97.01100344884216	49.693251533742334	50.30674846625767	2.8035959165016	0.3118121790168745
644363922	13221.0	1385.27	4445.0	328.0	3.286	4.057297222222222	2.338939666748047	100.0	45.03712035995501	3.068359375		644363922.0	93.56952985136375	91.90263987424214	92.59135717859084	98.51434142370957	98.03033768118088	93.804882703088	95.70365585772736	95.7892480586536	78.76616224577359	73.68220191325992	78.17364576908872	110.72688960454728	83.42195808570536	97.88053949903662	66.04912858515164	100.0	95.8005249343832	73.60406091370558	26.39593908629442	2.3893621441928112	0.6274606299212598
476727767	13745.02	1524.38	5126.0	297.0	2.9788138899726886	4.2415	2.9502830505371094	100.0	41.46731707317073	3.068359375		476727767.0	95.37113420866372	91.22060842998384	93.22142324069176	95.690698245429	97.25073454630078	86.5355996110023	90.52484442806896	89.2581765599721	93.2056062428487	85.38204363809612	88.99938694893669	91.65121434886996	87.86220108788615	97.71617161716172	83.80210587047455	99.29988331388564	95.39773390959	82.02115158636897	17.97884841363102	1.113023522662077	1.8508511213185628
85784643	13487.75	1461.67	4610.0	324.0	3.242824295010846	4.152616666666667	2.4429702758789062	100.0	45.68763557483731	3.068359375		85784643.0	95.75247990497526	92.72203561209584	94.16607537435748	96.90174744940634	97.98924031509615	91.17482882098096	94.03233698538592	93.11458184165554	93.47331232337694	86.77847374401135	89.74750056782307	92.97814245314964	94.176237906877	98.90196078431372	91.75788795878944	100.0	96.22488740448358	53.56576862123613	46.43423137876387	0.3586744639376218	1.0943695479777953
771067718	13220.25	1489.03	4324.0	340.0	3.401776133209991	4.085911111111112	2.4232330322265625	100.0	46.39537572254335	3.087890625		771067718.0	92.61695746937951	95.50853467310606	93.94027994412652	103.57412519794268	98.58981835306834	94.60056860160982	96.3087732739904	95.96049788176713	71.93882292000104	71.37602785058266	76.24105070804654	207.1815325400884	81.13856561371324	99.95511165974638	56.557595105081134	98.0276134122288	91.83212039850208	19.3158953722334	80.6841046277666	1.2229539040451554	1.2349837206691363
909988547	14471.51	2394.34	6833.0	246.0	2.4682935752963555	4.684958333333333	2.148712158203125	100.0	83.32845647403073	16.625		909988547.0	93.61987433888297	92.61424879361194	93.16506714764144	99.75428178151674	98.79076664473058	93.8544058353298	95.90299177576942	94.98577634040018	85.27394950667372	82.97765507894478	85.05424432535277	104.13689212405824	84.91121839456673	99.4994994994995	75.59169449687818	59.29203539823009	97.83174327840416	84.5771144278607	15.422885572139302	0.0576258163657318	0.4225352112676055
559636538	13564.72	1452.04	4598.0	326.0	3.265933014354067	4.171322222222222	2.2850608825683594	100.0	52.96319018404908	6.171875		559636538.0	94.04251145734196	94.69717740896232	94.34063908030868	101.19660462178798	98.25861216569902	95.52689871912618	96.6797949858554	97.26624869598746	86.82206394921518	85.38483030898821	87.40186121668273	111.98389113688825	87.72613619649948	97.71778458112998	80.42365401588702	46.98795180722892	96.7558051806522	69.23076923076923	30.76923076923077	0.7901668129938543	0.0
406424302	14007.63	1403.14	5011.0	307.0	3.0753881460786268	4.280769444444444	2.8730621337890625	100.0	40.31206380857428	3.068359375		406424302.0	94.71843738548452	88.09980931897879	91.2273175529836	93.08743242636332	97.31183673381516	94.45854519961954	95.97561226655536	100.46721091582128	94.2126393002123	86.48705345136646	90.1009768788009	91.88462591139084	88.93458617273573	99.78494623655914	88.23337785451348	76.12456747404845	98.86919831223628	39.09090909090909	60.909090909090914	0.0886099316965109	3.922413793103448
30133327	13250.54	1553.82	4713.0	314.0	3.141175472098451	4.112322222222223	2.610553741455078	100.0	43.16012725344645	3.068359375		30133327.0	94.59838348536604	93.32303033952957	93.887066384591	98.77099836606509	97.3550442385377	91.60821727110104	93.94041223599156	94.20628229272576	88.26273950122871	79.27188229014655	82.61539726014136	91.70573058172072	83.05685648006302	93.38594513340848	73.93720232845298	75.4913294797688	95.889544688027	78.40735068912711	21.592649310872893	1.0378146248359774	0.4024144869215292
185700291	13365.58	1416.2	4655.0	317.0	3.175462943071966	4.10605	2.74658203125	100.0	40.567132116004295	3.068359375		185700291.0	92.29940160787471	91.25582448310576	91.74832355753144	99.30051480607024	98.03224446582938	85.3433595240981	89.85896621970265	86.99394424333778	86.51205887120938	77.6763328375778	81.38065408301604	90.11523239046235	79.08207629201165	99.02938439037362	73.45211846731422	53.23406235458352	92.70484749976096	58.74125874125874	41.25874125874126	2.401427876034399	1.154672395273899
396913821	14346.1	2321.97	6460.0	258.0	2.5801965944272447	4.630019444444445	2.249542236328125	100.0	80.17337461300309	16.546875		396913821.0	94.99461382680288	95.0574412111969	94.99868129274208	100.97139493465356	98.633131881687	95.04438851109686	96.61780259703444	96.46794234242373	78.86402503576355	84.99133155292675	84.46468101573421	122.63984789597995	87.00383008356546	98.55545785705311	60.32938457093325	92.42424242424242	98.78939469734868	85.24590163934425	14.754098360655735	2.7298850574712645	0.0382360438439969
138991691	14981.97	2205.85	6522.0	263.0	2.6353603189205765	4.774394444444444	2.475677490234375	100.0	76.41379310344827	16.68359375		138991691.0	94.22127455943112	92.94073638968533	93.51337406973543	98.78589752009218	95.11732257000484	88.30755751910678	91.22759918677284	93.87232942145096	87.67316497725473	75.87794788029038	80.87219892825632	87.83883988202548	87.69354991925525	96.47017707362536	79.86771767690496	95.39427773900908	90.22369062449222	45.866861741038775	54.13313825896123	0.8508224617129893	4.383528559352736
797715128	14190.36	2344.45	6463.0	255.0	2.5583800092836144	4.593002777777778	2.328716278076172	100.0	75.7122969837587	16.546875		797715128.0	96.95485196087895	93.3386632119484	95.0437706610772	96.40291995672295	96.62842029606983	93.62505800922274	95.12815111939624	100.08868840191404	94.49659863348934	83.49090566037289	88.61422045662378	89.50237897695573	92.772461076989	93.49044166117338	91.51773439648062	100.0	94.4880677444188	36.66666666666666	63.33333333333333	0.1051524710830704	0.8637405252952584
881549524	13790.11	1513.6	5206.0	293.0	2.939629273914714	4.251030555555555	3.0303306579589844	100.0	40.15163147792706	3.068359375		881549524.0	95.99214520340504	92.8353794762902	94.35992870179308	96.74637002825098	96.31287387934198	87.44727337329385	90.86905261109582	90.98267080084209	93.78646798609756	83.43679289603604	88.03454854801535	89.02324073175308	92.6993670886076	94.62007764836385	91.30766661895902	100.0	92.6876728228587	42.364532019704434	57.635467980295566	1.133810543915565	3.528722157092614
996276687	13422.64	1530.82	4533.0	329.0	3.298799911758217	4.153738888888888	2.6387367248535156	100.0	45.991179713340685	3.068359375		996276687.0	97.11813220439949	94.05838214979218	95.4612798710322	96.90903274956204	98.44567738502892	95.788793569299	97.00890895436125	97.38179607001604	82.98968074878596	68.95949439745844	78.23072747537105	109.03068052866831	92.86378428637845	98.7506205527056	79.7412848059636	72.72727272727273	96.30162703379224	76.47058823529412	23.52941176470588	3.79433599120154	0.3770423125261835
711143523	12737.03	1524.08	4299.0	331.0	3.317308676436381	3.9614194444444446	2.2472610473632812	100.0	47.9546511627907	3.068359375		711143523.0	91.51881316787224	91.60790926082802	91.421613895939	100.7850931250348	96.52508039571607	93.5373262917501	94.95948071042942	98.70030882481696	72.81597284858825	71.95724272265895	77.95563911396344	140.63868602376482	82.12961089756558	94.0887276132506	63.95545055686805	97.5	95.54150587076114	79.48717948717949	20.51282051282051	2.691292875989446	1.1196815128141329
54996710	13729.71	1579.15	5229.0	292.0	2.92768406961178	4.252461111111111	2.999053955078125	100.0	39.88910133843212	3.087890625		54996710.0	95.80277950579146	92.33032231096767	94.00809808233814	96.39935047998937	97.08766052140088	82.8035558882222	87.77009356311314	85.27333165052029	93.80766871666252	84.46312175825419	88.67392431144556	90.09501626501944	93.25935582334424	99.15290739411344	91.23397643402824	97.72209567198178	94.21090314002252	56.41025641025641	43.58974358974359	1.0502412716434857	2.736750651607298
35462012	12931.0	1377.06	4396.0	325.0	3.254790718835305	3.974461111111111	2.3614158630371094	100.0	46.69812393405344	3.068359375		35462012.0	95.08072870513612	95.23005925597744	95.10828362289392	100.28916691473606	97.69607357895435	95.57889910902357	96.52960967943798	98.2674974670131	89.07342535798679	89.38544776763891	89.1529382616733	103.60376913539793	91.22184061936083	96.4941569282137	85.05574345484153	100.0	98.56422691595942	50.71090047393365	49.28909952606635	0.2061855670103093	0.0
