seed	GPU ID	User CPU Time (s)	System CPU Time (s)	Wall-clock Time (s)	CPU Utilization (%)	Effective CPU Cores	Core-hours (h)	Peak RSS (GiB)	Peak GPU Utilization (%)	Average GPU Utilization (%)	Peak GPU Memory Usage (GiB)	Average GPU Memory Usage (GiB)	Genome Length (Mb)
415416925	1	23.91	5.87	16.15	184.0	1.843962848297214	0.0082722222222222	1.3109512329101562	94.0	38.0	2.205078125	0.716796875	10
188799541	0	23.02	4.95	14.65	190.0	1.9092150170648463	0.0077694444444444	1.3152656555175781	96.0	32.0	2.400390625	0.9388020833333334	10
96304274	0	23.48	5.87	15.36	191.0	1.9108072916666667	0.0081527777777777	1.3135032653808594	96.0	24.0	2.205078125	0.7216796875	10
873284698	2	25.14	6.47	19.0	166.0	1.6636842105263157	0.0087805555555555	1.3185844421386719	100.0	65.0	14.78515625	8.953125	10
951670089	0	22.18	4.73	15.95	168.0	1.6871473354231976	0.007475	1.3121910095214844	98.0	24.5	2.205078125	0.7216796875	10
822523758	0	23.06	4.81	14.52	191.0	1.9194214876033056	0.0077416666666666	1.3171424865722656	96.0	32.0	2.400390625	0.9388020833333334	10
348018141	2	25.04	7.25	20.68	156.0	1.561411992263056	0.0089694444444444	1.3146858215332031	100.0	79.2	15.46875	10.62265625	10
932204867	0	21.9	4.8	14.86	179.0	1.7967698519515478	0.0074166666666666	1.3197746276855469	95.0	32.0	2.419921875	0.9453125	10
481453754	1	23.87	5.76	16.32	181.0	1.815563725490196	0.0082305555555555	1.3181838989257812	97.0	48.5	2.224609375	0.7265625	10
605436607	2	23.1	5.74	16.39	176.0	1.7596095179987798	0.0080111111111111	1.3167877197265625	100.0	98.75	13.1640625	8.38671875	10
862276537	0	22.68	4.93	16.68	165.0	1.6552757793764987	0.0076694444444444	1.3161468505859375	100.0	48.75	2.94921875	1.28857421875	10
742696178	2	25.05	5.93	17.95	172.0	1.7259052924791087	0.0086055555555555	1.3209915161132812	100.0	74.75	12.5234375	8.3564453125	10
480091697	0	21.81	4.58	14.98	176.0	1.7616822429906542	0.0073305555555555	1.311614990234375	98.0	27.5	2.400390625	0.7041015625	10
23113594	1	23.58	4.98	14.76	193.0	1.934959349593496	0.0079333333333333	1.3118858337402344	96.0	32.0	2.400390625	0.9388020833333334	10
644363922	1	23.64	4.59	15.19	185.0	1.858459512837393	0.0078416666666666	1.3083381652832031	98.0	26.0	2.224609375	0.7265625	10
879800109	1	23.55	5.71	14.41	203.0	2.030534351145038	0.0081277777777777	1.3031730651855469	96.0	32.0	2.400390625	0.9388020833333334	10
476727767	0	23.71	5.11	15.56	185.0	1.852185089974293	0.0080055555555555	1.3180732727050781	94.0	23.5	2.224609375	0.7265625	10
163398153	2	25.3	6.9	19.42	165.0	1.658084449021627	0.0089444444444444	1.316314697265625	100.0	75.0	12.5	8.884765625	10
678718624	1	23.3	5.53	14.75	195.0	1.9545762711864407	0.0080083333333333	1.3170738220214844	91.0	30.666666666666668	2.400390625	0.9388020833333334	10
228607133	1	23.55	5.81	15.62	187.0	1.879641485275288	0.0081555555555555	1.3158645629882812	98.0	24.75	2.205078125	0.72900390625	10
478618057	1	24.77	5.93	15.43	198.0	1.9896305897602076	0.0085277777777777	1.321380615234375	77.0	20.0	2.224609375	0.83056640625	10
34104829	2	24.7	5.97	17.07	179.0	1.7967193907439951	0.0085194444444444	1.31866455078125	100.0	69.5	11.193359375	7.92822265625	10
583849043	2	24.5	6.02	19.55	156.0	1.5611253196930943	0.0084777777777777	1.3151741027832031	100.0	75.0	10.296875	7.7802734375	10
85784643	1	23.82	5.35	15.44	188.0	1.8892487046632127	0.0081027777777777	1.3121109008789062	95.0	24.5	2.205078125	0.82568359375	10
645934848	1	23.75	5.77	14.47	203.0	2.0400829302004144	0.0082	1.3038139343261719	97.0	32.333333333333336	2.400390625	0.9388020833333334	10
771067718	1	23.88	5.83	14.72	201.0	2.018342391304348	0.0082527777777777	1.3139381408691406	96.0	32.0	2.400390625	0.9388020833333334	10
909988547	2	25.35	5.68	18.09	171.0	1.7153123272526258	0.0086194444444444	1.3169708251953125	100.0	75.0	10.595703125	6.75634765625	10
413732528	2	23.66	5.97	16.72	177.0	1.7721291866028708	0.0082305555555555	1.3030509948730469	100.0	99.0	12.9765625	10.1982421875	10
269091714	1	23.68	5.79	16.0	184.0	1.841875	0.0081861111111111	1.3022689819335938	94.0	23.5	2.205078125	0.7216796875	10
707177822	0	22.6	5.03	15.11	182.0	1.8285903375248185	0.007675	1.3116798400878906	92.0	24.0	2.400390625	0.87451171875	10
475810100	1	23.42	5.7	14.49	200.0	2.0096618357487923	0.0080888888888888	1.3152999877929688	96.0	32.0	2.400390625	0.9388020833333334	10
730610640	0	22.76	4.75	14.98	183.0	1.8364485981308407	0.0076416666666666	1.3158187866210938	93.0	23.25	2.205078125	0.6552734375	10
804082805	2	23.68	5.74	16.18	181.0	1.8182941903584675	0.0081722222222222	1.3166618347167969	100.0	75.0	10.7890625	7.849609375	10
55712385	0	22.89	4.82	14.49	191.0	1.912353347135956	0.0076972222222222	1.3234519958496094	91.0	30.33333333333333	2.419921875	0.9453125	10
730752338	2	26.67	7.58	20.7	165.0	1.6545893719806763	0.0095138888888888	1.3062477111816406	100.0	80.0	15.44921875	10.59140625	10
530501722	2	22.24	5.19	14.7	186.0	1.8659863945578232	0.0076194444444444	1.2985992431640625	96.0	34.0	8.359375	6.8984375	10
869219610	2	24.95	6.07	17.79	174.0	1.7436762225969646	0.0086166666666666	1.3179588317871094	100.0	99.25	13.341796875	10.14501953125	10
339642122	2	24.23	6.28	17.34	175.0	1.7595155709342565	0.008475	1.3209114074707031	100.0	100.0	12.91796875	10.58935546875	10
620779198	0	22.07	5.17	16.19	168.0	1.682520074119827	0.0075666666666666	1.3154258728027344	96.0	30.5	2.205078125	0.7216796875	10
911033033	2	23.87	6.05	15.91	188.0	1.880578252671276	0.0083111111111111	1.3176803588867188	100.0	96.75	13.14453125	8.2197265625	10
452355066	1	21.53	5.69	15.35	177.0	1.7732899022801305	0.0075611111111111	1.3161163330078125	94.0	23.5	2.205078125	0.716796875	10
559636538	0	23.88	5.96	15.09	197.0	1.9774685222001325	0.0082888888888888	1.31976318359375	96.0	25.5	2.224609375	0.727294921875	10
602518943	2	24.18	6.39	18.48	165.0	1.6542207792207793	0.0084916666666666	1.3055343627929688	100.0	75.0	12.578125	8.962890625	10
406424302	0	24.64	6.08	19.33	158.0	1.589239524055872	0.0085333333333333	1.3140907287597656	77.0	19.25	2.693359375	0.77734375	10
82256758	1	24.1	5.73	16.42	181.0	1.8166869671132764	0.0082861111111111	1.3179244995117188	97.0	41.0	2.224609375	0.7265625	10
666058199	0	21.8	5.14	14.73	182.0	1.8289205702647655	0.0074833333333333	1.31695556640625	97.0	32.333333333333336	2.400390625	0.9388020833333334	10
719498251	2	23.43	6.11	17.55	168.0	1.683190883190883	0.0082055555555555	1.3166236877441406	100.0	100.0	10.783203125	7.84326171875	10
844578985	1	24.15	6.13	16.75	180.0	1.8077611940298504	0.0084111111111111	1.3141517639160156	85.0	21.25	2.205078125	0.716796875	10
867166048	1	23.85	5.54	17.3	169.0	1.698843930635838	0.0081638888888888	1.3151168823242188	81.0	20.25	1.970703125	0.6435546875	10
320110719	0	22.57	5.0	15.61	176.0	1.7661755285073673	0.0076583333333333	1.3179130554199219	96.0	24.0	2.224609375	0.7314453125	10
844010772	0	23.91	5.79	15.77	188.0	1.8833227647431832	0.00825	1.3148536682128906	95.0	23.75	2.400390625	0.87451171875	10
118336671	0	23.65	5.08	14.8	194.0	1.941216216216216	0.0079805555555555	1.3118324279785156	96.0	32.0	2.419921875	0.9453125	10
495695047	2	26.82	7.58	21.15	162.0	1.6264775413711583	0.0095555555555555	1.3155746459960938	100.0	80.0	13.515625	9.51328125	10
185700291	0	22.98	5.18	15.34	183.0	1.835723598435463	0.0078222222222222	1.3165969848632812	93.0	23.25	2.205078125	0.7216796875	10
396913821	2	25.96	7.08	20.3	162.0	1.6275862068965516	0.0091777777777777	1.3146896362304688	100.0	60.0	15.5078125	9.321875	10
30133327	1	24.17	5.74	15.13	197.0	1.976867151354924	0.0083083333333333	1.3170394897460938	98.0	24.5	2.205078125	0.7216796875	10
616171128	0	22.32	4.93	14.44	188.0	1.8871191135734076	0.0075694444444444	1.3088645935058594	95.0	31.666666666666668	2.400390625	0.9388020833333334	10
106549519	2	24.1	5.8	17.78	168.0	1.6816647919010124	0.0083055555555555	1.3167800903320312	100.0	66.75	13.322265625	9.99755859375	10
234630208	1	23.84	4.89	15.3	187.0	1.8777777777777775	0.0079805555555555	1.3155364990234375	96.0	25.5	2.205078125	0.7216796875	10
329333415	0	23.97	5.28	15.98	183.0	1.8304130162703376	0.008125	1.3177299499511719	96.0	24.0	2.205078125	0.7216796875	10
68587432	0	22.71	4.95	14.51	190.0	1.9062715368711236	0.0076833333333333	1.3193397521972656	96.0	32.0	2.419921875	0.9453125	10
521776911	2	21.47	4.93	15.06	175.0	1.7529880478087647	0.0073333333333333	1.3162345886230469	91.0	23.25	8.359375	6.8193359375	10
860252322	1	22.29	4.5	14.46	185.0	1.8526970954356845	0.0074416666666666	1.3112144470214844	96.0	32.0	2.400390625	0.9388020833333334	10
851689669	1	22.88	5.85	14.78	194.0	1.9438430311231392	0.0079805555555555	1.3149681091308594	91.0	30.33333333333333	2.400390625	0.9388020833333334	10
433118444	2	24.48	6.75	18.15	172.0	1.7206611570247936	0.008675	1.3049087524414062	100.0	75.0	14.82421875	9.001953125	10
778969369	2	23.56	5.48	15.69	185.0	1.850860420650096	0.0080666666666666	1.3148918151855469	100.0	97.25	12.62109375	9.5927734375	10
434705002	1	23.95	5.7	14.51	204.0	2.0434183321847	0.0082361111111111	1.3066139221191406	83.0	27.666666666666668	2.419921875	0.9453125	10
39183495	2	25.33	6.74	19.49	164.0	1.645459209851206	0.0089083333333333	1.3191795349121094	100.0	75.0	12.59765625	8.8935546875	10
954076577	0	23.08	4.96	14.32	195.0	1.9581005586592175	0.0077888888888888	1.3117103576660156	96.0	32.0	2.400390625	0.9388020833333334	10
110807250	0	23.49	5.06	14.88	191.0	1.9186827956989243	0.0079305555555555	1.31732177734375	98.0	32.666666666666664	2.400390625	0.9388020833333334	10
706362185	1	23.96	5.86	15.19	196.0	1.963133640552996	0.0082833333333333	1.3043174743652344	95.0	23.75	2.205078125	0.7216796875	10
840918177	1	23.79	5.73	15.59	189.0	1.8935214881334188	0.0082	1.3130302429199219	92.0	23.0	2.224609375	0.7265625	10
510066456	0	22.99	5.08	15.14	185.0	1.8540290620871864	0.0077972222222222	1.315521240234375	93.0	24.25	2.400390625	0.87451171875	10
398501727	0	22.34	5.27	15.12	182.0	1.8260582010582007	0.0076694444444444	1.3011970520019531	96.0	24.5	2.205078125	0.82568359375	10
174982440	0	22.97	5.26	15.61	180.0	1.8084561178731584	0.0078416666666666	1.3147659301757812	96.0	24.0	2.205078125	0.7216796875	10
571632794	0	22.7	5.36	15.24	184.0	1.8412073490813647	0.0077944444444444	1.3192710876464844	96.0	24.0	2.205078125	0.82568359375	10
598317472	1	23.85	5.75	14.66	201.0	2.019099590723056	0.0082222222222222	1.3200187683105469	95.0	31.666666666666668	2.419921875	0.9453125	10
569302725	2	22.13	4.99	15.59	173.0	1.7395766516998077	0.0075333333333333	1.31573486328125	100.0	49.0	8.14453125	6.662109375	10
843952890	1	23.58	5.57	15.27	190.0	1.9089718402095608	0.0080972222222222	1.3115272521972656	96.0	24.0	2.205078125	0.82080078125	10
518242117	0	22.29	4.93	15.57	174.0	1.7482337829158638	0.0075611111111111	1.3189430236816406	96.0	24.0	2.224609375	0.7265625	10
577075359	0	24.43	5.66	15.1	199.0	1.9927152317880796	0.0083583333333333	1.316253662109375	96.0	24.0	2.205078125	0.716796875	10
881549524	0	21.72	5.35	15.31	176.0	1.7681254082299152	0.0075194444444444	1.3181495666503906	96.0	24.0	2.205078125	0.82080078125	10
797715128	2	25.99	6.79	18.73	175.0	1.7501334757074212	0.0091055555555555	1.31842041015625	100.0	100.0	12.578125	9.4951171875	10
138991691	2	24.57	5.67	16.38	184.0	1.8461538461538465	0.0084	1.31402587890625	100.0	98.25	13.22265625	8.4501953125	10
143493819	2	26.96	7.48	20.76	165.0	1.658959537572254	0.0095666666666666	1.3149757385253906	100.0	80.0	15.41015625	10.19375	10
314033317	2	23.36	5.82	14.5	201.0	2.0124137931034483	0.0081055555555555	1.3150787353515625	96.0	34.0	8.359375	6.8984375	10
520477284	1	22.78	4.97	15.16	183.0	1.8304749340369395	0.0077083333333333	1.3136749267578125	92.0	23.25	2.419921875	0.87939453125	10
359856494	1	23.56	5.88	14.44	203.0	2.038781163434903	0.0081777777777777	1.3184280395507812	96.0	32.0	2.400390625	0.9388020833333334	10
581966102	1	23.69	5.6	14.3	204.0	2.048251748251748	0.0081361111111111	1.3133964538574219	88.0	29.33333333333333	2.400390625	0.9388020833333334	10
729924895	2	26.34	7.33	20.81	161.0	1.6179721287842386	0.0093527777777777	1.3148765563964844	100.0	79.6	13.30078125	9.3140625	10
753442690	1	23.94	5.94	16.38	182.0	1.8241758241758244	0.0083	1.3176498413085938	94.0	41.0	2.224609375	0.7265625	10
92261022	1	23.9	5.68	16.0	184.0	1.84875	0.0082166666666666	1.3214454650878906	97.0	24.25	2.224609375	0.7265625	10
426046672	2	22.36	5.35	16.89	164.0	1.640615748963884	0.0076972222222222	1.3157691955566406	100.0	49.75	12.736328125	8.19091796875	10
711143523	0	22.97	5.38	15.57	182.0	1.8208092485549128	0.007875	1.3146095275878906	95.0	24.5	2.224609375	0.83056640625	10
54996710	1	24.7	5.93	15.46	198.0	1.9812419146183695	0.0085083333333333	1.3040046691894531	83.0	20.75	2.419921875	0.87939453125	10
996276687	0	22.54	4.84	14.3	191.0	1.9146853146853144	0.0076055555555555	1.3116607666015625	96.0	32.0	2.400390625	0.9388020833333334	10
35462012	0	23.71	5.03	14.44	199.0	1.9903047091412744	0.0079833333333333	1.3043060302734375	96.0	32.0	2.400390625	0.9388020833333334	10
882249430	2	22.58	5.48	15.19	184.0	1.847267939433838	0.0077944444444444	1.3053092956542969	100.0	63.25	12.50390625	8.46484375	10
500592846	1	24.04	6.14	15.59	193.0	1.935856318152662	0.0083833333333333	1.3174705505371094	92.0	23.5	2.400390625	0.87451171875	10
753339391	2	24.07	6.68	18.09	169.0	1.6998341625207296	0.0085416666666666	1.3092765808105469	100.0	75.0	15.451171875	9.46142578125	10
415416925	1	27.38	7.09	19.51	176.0	1.7667862634546383	0.009575	1.6590614318847656	93.0	41.75	2.341796875	0.765869140625	20
188799541	0	24.38	5.4	18.88	157.0	1.5773305084745763	0.0082722222222222	1.6739654541015625	97.0	30.0	2.341796875	0.8623046875	20
96304274	0	24.67	5.54	19.59	154.0	1.542113323124043	0.0083916666666666	1.6706924438476562	93.0	25.25	2.107421875	0.701171875	20
873284698	2	26.17	5.73	18.64	171.0	1.71137339055794	0.0088611111111111	1.6707382202148438	92.0	23.0	8.28125	6.80908203125	20
951670089	0	24.82	5.53	19.14	158.0	1.5856844305120168	0.0084305555555555	1.6671409606933594	95.0	47.25	2.341796875	0.869140625	20
822523758	0	25.06	6.51	18.8	167.0	1.679255319148936	0.0087694444444444	1.6735610961914062	92.0	23.0	2.341796875	0.8642578125	20
348018141	2	25.56	6.32	21.43	148.0	1.4876341577228185	0.0088555555555555	1.6726799011230469	100.0	80.0	12.46484375	10.700390625	20
932204867	0	25.25	5.84	18.84	165.0	1.650212314225053	0.0086361111111111	1.6755561828613281	90.0	22.5	2.341796875	0.888671875	20
481453754	1	25.7	5.26	18.7	165.0	1.6556149732620322	0.0086	1.67535400390625	97.0	24.25	2.341796875	0.8642578125	20
605436607	2	24.85	5.58	18.68	162.0	1.629014989293362	0.0084527777777777	1.6713104248046875	94.0	37.25	8.28125	6.80908203125	20
862276537	0	26.09	5.98	19.28	166.0	1.663381742738589	0.0089083333333333	1.6721611022949219	92.0	42.0	2.341796875	0.76025390625	20
742696178	2	30.15	8.0	21.69	175.0	1.758875057630244	0.0105972222222222	1.6779823303222656	100.0	66.6	10.80859375	7.677734375	20
480091697	0	27.33	6.6	18.47	183.0	1.8370330265295076	0.009425	1.6556167602539062	88.0	22.25	2.341796875	0.869140625	20
23113594	1	25.38	5.83	18.9	165.0	1.6513227513227515	0.0086694444444444	1.6670112609863281	94.0	23.5	2.341796875	0.869140625	20
644363922	1	25.7	6.06	18.24	174.0	1.7412280701754386	0.0088222222222222	1.6724777221679688	98.0	40.25	3.1015625	1.46484375	20
879800109	1	25.03	5.83	18.95	162.0	1.6284960422163588	0.0085722222222222	1.6715126037597656	94.0	46.5	2.341796875	0.86376953125	20
476727767	0	24.98	5.99	18.43	168.0	1.6804123711340206	0.0086027777777777	1.6615142822265625	90.0	22.5	2.341796875	0.8642578125	20
163398153	2	24.65	5.75	18.3	166.0	1.6612021857923496	0.0084444444444444	1.6709442138671875	98.0	24.5	9.041015625	7.40478515625	20
678718624	1	24.98	6.02	19.18	161.0	1.616266944734098	0.0086111111111111	1.6562690734863281	96.0	24.0	2.341796875	0.869140625	20
228607133	1	28.48	7.36	20.82	172.0	1.7214217098943323	0.0099555555555555	1.6743583679199219	73.0	15.6	2.341796875	0.783203125	20
478618057	1	27.16	6.99	21.62	157.0	1.579555966697502	0.0094861111111111	1.6781539916992188	98.0	19.6	2.830078125	0.8203125	20
34104829	2	29.54	8.97	25.67	150.0	1.5001947798987143	0.0106972222222222	1.6696586608886719	100.0	66.66666666666667	15.390625	9.951822916666666	20
583849043	2	27.56	7.15	21.7	159.0	1.5995391705069126	0.0096416666666666	1.6713638305664062	100.0	60.0	12.5234375	8.016796875	20
85784643	1	27.69	6.83	18.72	184.0	1.8440170940170943	0.0095888888888888	1.6695175170898438	96.0	24.0	3.12109375	1.4697265625	20
645934848	1	27.53	6.81	18.83	182.0	1.8236856080722252	0.0095388888888888	1.6727523803710938	97.0	29.25	2.341796875	0.8642578125	20
771067718	1	24.4	5.55	19.06	157.0	1.5713536201469045	0.0083194444444444	1.6687393188476562	95.0	47.25	2.341796875	0.86181640625	20
909988547	2	27.73	7.12	21.3	163.0	1.636150234741784	0.0096805555555555	1.6758499145507812	100.0	99.2	12.50390625	9.915625	20
413732528	2	27.07	6.67	20.17	167.0	1.672781358453148	0.0093722222222222	1.6748390197753906	100.0	79.4	13.03515625	9.939453125	20
269091714	1	27.53	6.42	18.74	181.0	1.8116328708644611	0.0094305555555555	1.6723175048828125	94.0	45.0	2.341796875	0.8603515625	20
707177822	0	24.66	5.68	19.02	159.0	1.5951629863301788	0.0084277777777777	1.6746788024902344	95.0	27.25	2.341796875	0.869140625	20
475810100	1	24.91	5.81	19.07	161.0	1.610907184058731	0.0085333333333333	1.6718978881835938	95.0	47.0	2.341796875	0.8642578125	20
730610640	0	27.0	6.59	18.09	185.0	1.8568269762299612	0.0093305555555555	1.6726226806640625	98.0	37.5	3.103515625	1.46533203125	20
804082805	2	25.23	5.55	17.95	171.0	1.7147632311977716	0.00855	1.6710319519042969	100.0	51.5	9.060546875	7.40966796875	20
55712385	0	25.12	5.4	18.48	165.0	1.6515151515151516	0.0084777777777777	1.6768951416015625	94.0	24.25	2.341796875	0.8642578125	20
730752338	2	23.86	5.87	19.44	152.0	1.529320987654321	0.0082583333333333	1.6707878112792969	80.0	32.5	8.28125	6.70068359375	20
530501722	2	25.33	5.36	18.16	168.0	1.6899779735682818	0.008525	1.6655120849609375	89.0	22.75	9.060546875	7.40966796875	20
869219610	2	25.59	6.36	19.62	162.0	1.628440366972477	0.008875	1.65673828125	89.0	22.25	8.28125	6.80419921875	20
339642122	2	26.64	5.58	18.85	170.0	1.709283819628647	0.00895	1.6691360473632812	89.0	22.25	8.28125	6.80908203125	20
620779198	0	26.08	5.96	19.24	166.0	1.665280665280665	0.0089	1.6659278869628906	96.0	37.5	2.341796875	0.765869140625	20
911033033	2	27.92	6.78	18.55	187.0	1.8706199460916444	0.0096388888888888	1.6698837280273438	89.0	24.5	8.26171875	6.78369140625	20
452355066	1	28.17	6.78	18.47	189.0	1.8922577152138609	0.0097083333333333	1.6805191040039062	100.0	49.0	3.12109375	1.4697265625	20
559636538	0	27.46	6.59	18.2	187.0	1.870879120879121	0.0094583333333333	1.6792564392089844	98.0	37.0	3.103515625	1.46533203125	20
602518943	2	29.09	7.98	23.48	157.0	1.5787904599659284	0.0102972222222222	1.6665382385253906	100.0	97.8	13.513671875	10.822265625	20
406424302	0	28.2	6.85	20.25	173.0	1.730864197530864	0.0097361111111111	1.6743278503417969	100.0	23.2	3.025390625	1.19765625	20
82256758	1	25.96	5.79	18.7	169.0	1.697860962566845	0.0088194444444444	1.6700706481933594	89.0	24.25	2.341796875	0.8642578125	20
666058199	0	24.93	5.19	18.71	161.0	1.6098343132014965	0.0083666666666666	1.67578125	90.0	22.5	2.341796875	0.869140625	20
719498251	2	27.93	6.83	19.64	177.0	1.7698574338085538	0.0096555555555555	1.6692008972167969	100.0	77.0	10.7890625	7.322265625	20
844578985	1	26.08	5.91	19.7	162.0	1.6238578680203046	0.0088861111111111	1.6707954406738281	94.0	37.5	2.341796875	0.8642578125	20
867166048	1	24.54	6.19	19.49	157.0	1.5767060030785018	0.0085361111111111	1.6697654724121094	88.0	22.0	2.341796875	0.76513671875	20
320110719	0	26.08	5.94	18.74	170.0	1.7086446104589113	0.0088944444444444	1.6711273193359375	96.0	41.0	2.341796875	0.869140625	20
844010772	0	27.53	6.72	20.16	169.0	1.6989087301587302	0.0095138888888888	1.6741561889648438	100.0	23.2	3.025390625	1.19375	20
118336671	0	26.31	5.82	18.32	175.0	1.7538209606986896	0.0089249999999999	1.6716690063476562	98.0	30.75	3.12109375	1.4697265625	20
495695047	2	25.06	6.26	18.82	166.0	1.6641870350690755	0.0087	1.6732139587402344	88.0	22.5	8.28125	6.80908203125	20
185700291	0	25.9	5.8	18.46	171.0	1.7172264355362945	0.0088055555555555	1.6690292358398438	91.0	23.75	2.341796875	0.8642578125	20
396913821	2	28.87	7.5	23.02	157.0	1.5799304952215467	0.0101027777777777	1.6714744567871094	100.0	97.2	13.357421875	9.394921875	20
30133327	1	27.4	6.7	19.21	177.0	1.7751171264966163	0.0094722222222222	1.6721954345703125	90.0	34.75	2.341796875	0.76513671875	20
616171128	0	26.45	6.53	18.53	178.0	1.7798165137614677	0.0091611111111111	1.6699867248535156	89.0	22.5	2.341796875	0.869140625	20
106549519	2	24.63	5.37	19.12	156.0	1.5690376569037656	0.0083333333333333	1.6698532104492188	96.0	47.75	8.28125	6.80419921875	20
234630208	1	25.05	5.9	19.65	157.0	1.5750636132315523	0.0085972222222222	1.6770973205566406	100.0	27.0	2.107421875	0.6962890625	20
329333415	0	24.91	6.18	19.48	159.0	1.5959958932238192	0.0086361111111111	1.6718482971191406	40.0	14.25	2.341796875	0.76513671875	20
68587432	0	26.08	5.89	18.31	174.0	1.7460404150737303	0.0088805555555555	1.6576080322265625	90.0	26.75	2.341796875	0.966796875	20
521776911	2	30.24	8.69	23.5	165.0	1.656595744680851	0.0108138888888888	1.6710891723632812	100.0	97.8	13.4375	10.404296875	20
860252322	1	27.37	6.83	18.36	186.0	1.862745098039216	0.0095	1.6675643920898438	90.0	22.5	3.12109375	1.4697265625	20
851689669	1	26.32	6.07	18.32	176.0	1.7680131004366813	0.0089972222222222	1.6728744506835938	92.0	23.0	3.12109375	1.4697265625	20
433118444	2	26.07	5.6	18.66	169.0	1.697213290460879	0.0087972222222222	1.6760635375976562	89.0	25.25	8.28125	6.80908203125	20
778969369	2	24.83	5.83	18.97	161.0	1.6162361623616237	0.0085166666666666	1.671234130859375	94.0	24.0	8.28125	6.802734375	20
434705002	1	24.93	5.46	19.72	154.0	1.541075050709939	0.0084416666666666	1.6765708923339844	100.0	25.0	2.341796875	0.759765625	20
39183495	2	24.71	6.1	19.07	161.0	1.6156266386995282	0.0085583333333333	1.6725997924804688	85.0	23.25	8.28125	6.70556640625	20
954076577	0	26.95	6.44	19.16	174.0	1.7426931106471817	0.009275	1.6771888732910156	95.0	49.5	2.341796875	0.859375	20
110807250	0	24.74	5.3	19.55	153.0	1.5365728900255753	0.0083444444444444	1.6759796142578125	98.0	24.5	2.341796875	0.759765625	20
706362185	1	24.53	5.54	19.77	152.0	1.5209914011127972	0.0083527777777777	1.6730575561523438	88.0	22.0	2.341796875	0.76513671875	20
840918177	1	26.31	5.65	18.51	172.0	1.7266342517558075	0.0088777777777777	1.6783714294433594	90.0	22.5	2.341796875	0.8642578125	20
510066456	0	25.86	6.99	20.4	161.0	1.610294117647059	0.009125	1.6718101501464844	96.0	38.4	2.341796875	0.8625	20
398501727	0	24.64	5.49	18.11	166.0	1.6637217007178355	0.0083694444444444	1.6712265014648438	96.0	29.75	3.12109375	1.4697265625	20
174982440	0	24.07	5.74	19.46	153.0	1.5318602261048304	0.0082805555555555	1.6707954406738281	96.0	45.0	2.341796875	0.76025390625	20
571632794	0	27.06	6.67	18.06	186.0	1.8676633444075303	0.0093694444444444	1.6721458435058594	100.0	51.0	3.103515625	1.46533203125	20
598317472	1	24.92	5.38	19.22	157.0	1.5764828303850158	0.0084166666666666	1.67388916015625	95.0	47.25	2.341796875	0.8642578125	20
569302725	2	28.28	7.55	22.41	159.0	1.5988398036590807	0.0099527777777777	1.6599159240722656	100.0	98.8	15.625	9.9390625	20
843952890	1	24.93	5.99	19.81	156.0	1.5608278647147906	0.0085888888888888	1.6567459106445312	91.0	30.25	2.341796875	0.759765625	20
518242117	0	24.1	5.72	19.72	151.0	1.5121703853955375	0.0082833333333333	1.67376708984375	79.0	25.25	2.341796875	0.7548828125	20
577075359	0	27.58	6.56	18.78	181.0	1.817891373801917	0.0094833333333333	1.6588554382324219	96.0	27.75	2.341796875	0.765869140625	20
881549524	0	25.62	5.92	18.16	173.0	1.736784140969163	0.0087611111111111	1.674407958984375	96.0	38.25	3.12109375	1.4697265625	20
797715128	2	25.19	5.82	18.44	168.0	1.6816702819956617	0.0086138888888888	1.6761703491210938	92.0	23.75	8.28125	6.80419921875	20
138991691	2	28.45	7.39	22.04	162.0	1.6261343012704172	0.0099555555555555	1.672149658203125	100.0	98.2	13.474609375	9.49375	20
143493819	2	24.98	5.4	19.02	159.0	1.5972660357518402	0.0084388888888888	1.6734161376953125	90.0	35.5	8.28125	6.70556640625	20
314033317	2	25.33	5.33	18.67	164.0	1.6422067487948575	0.0085166666666666	1.6697769165039062	98.0	24.5	8.28125	6.80908203125	20
520477284	1	24.3	5.28	18.49	159.0	1.5997836668469445	0.0082166666666666	1.6766738891601562	89.0	22.75	2.341796875	0.8642578125	20
359856494	1	25.96	5.53	18.84	167.0	1.671443736730361	0.0087472222222222	1.6676788330078125	90.0	24.5	2.341796875	0.8642578125	20
581966102	1	25.56	5.81	18.75	167.0	1.6730666666666665	0.0087138888888888	1.6713409423828125	89.0	22.25	2.341796875	0.869140625	20
729924895	2	24.69	5.58	19.37	156.0	1.5627258647392877	0.0084083333333333	1.6692123413085938	87.0	34.75	8.28125	6.70556640625	20
753442690	1	24.68	5.8	18.26	166.0	1.6692223439211389	0.0084666666666666	1.6736946105957031	96.0	36.5	3.1015625	1.46484375	20
92261022	1	27.54	6.89	18.73	183.0	1.8382274426054457	0.0095638888888888	1.6734733581542969	97.0	26.25	2.341796875	0.8642578125	20
426046672	2	28.45	7.62	23.15	155.0	1.558099352051836	0.0100194444444444	1.6690521240234375	100.0	97.0	13.376953125	8.399609375	20
711143523	0	26.54	5.66	18.72	171.0	1.7200854700854704	0.0089444444444444	1.6770973205566406	95.0	31.25	2.341796875	0.8642578125	20
54996710	1	27.95	6.91	18.99	183.0	1.835703001579779	0.0096833333333333	1.6700592041015625	95.0	46.5	3.103515625	1.46533203125	20
996276687	0	25.46	5.91	18.05	173.0	1.7379501385041551	0.0087138888888888	1.6738777160644531	96.0	44.5	3.103515625	1.46533203125	20
35462012	0	24.84	5.82	18.64	164.0	1.6448497854077253	0.0085166666666666	1.6710205078125	98.0	26.5	2.341796875	0.869140625	20
882249430	2	26.69	5.62	18.58	173.0	1.7389666307857914	0.008975	1.6698341369628906	96.0	24.0	8.28125	6.80908203125	20
500592846	1	24.32	5.25	19.21	153.0	1.5393024466423737	0.0082138888888888	1.6714286804199219	95.0	49.5	2.341796875	0.8603515625	20
753339391	2	24.67	5.43	18.43	163.0	1.6332067281606075	0.0083611111111111	1.6686286926269531	90.0	24.5	8.28125	6.80908203125	20
415416925	1	38.23	10.97	31.51	156.0	1.5614090764836557	0.0136666666666666	2.580341339111328	100.0	43.57142857142857	3.453125	1.575613839285714	50
188799541	0	37.78	10.11	30.05	159.0	1.5936772046589018	0.0133027777777777	2.583160400390625	100.0	41.85714285714285	3.240234375	1.336495535714286	50
96304274	0	36.75	9.76	29.35	158.0	1.5846678023850085	0.0129194444444444	2.5763626098632812	100.0	49.66666666666666	2.556640625	0.9602864583333334	50
873284698	2	45.5	16.9	46.87	133.0	1.3313420098143802	0.0173333333333333	2.584674835205078	100.0	98.1	14.74609375	11.1708984375	50
951670089	0	35.85	10.26	30.04	153.0	1.534953395472703	0.0128083333333333	2.5697784423828125	100.0	41.85714285714285	3.453125	1.581612723214286	50
822523758	0	36.16	10.48	30.61	152.0	1.523685070238484	0.0129555555555555	2.5723342895507812	100.0	42.142857142857146	3.58984375	1.6573660714285714	50
348018141	2	42.25	14.95	39.39	145.0	1.4521452145214522	0.0158888888888888	2.5995101928710938	100.0	73.0	16.9921875	9.278076171875	50
932204867	0	35.6	10.47	30.19	152.0	1.5260019874130506	0.0127972222222222	2.5799407958984375	100.0	40.85714285714285	3.240234375	1.3309151785714286	50
481453754	1	37.11	11.39	30.78	157.0	1.5756985055230668	0.0134722222222222	2.586078643798828	100.0	41.71428571428572	3.58984375	1.564453125	50
605436607	2	42.97	15.06	41.87	138.0	1.3859565321232388	0.0161194444444444	2.581043243408203	100.0	88.22222222222223	14.609375	10.718967013888891	50
862276537	0	37.46	10.59	29.28	164.0	1.6410519125683058	0.0133472222222222	2.5732040405273438	100.0	45.66666666666666	2.556640625	0.9671223958333334	50
742696178	2	43.9	15.84	41.54	143.0	1.4381319210399617	0.0165944444444444	2.8547096252441406	100.0	76.88888888888889	16.603515625	9.907552083333334	50
480091697	0	37.48	10.09	30.58	155.0	1.555591890124264	0.0132138888888888	2.579761505126953	100.0	41.85714285714285	3.453125	1.5811941964285714	50
23113594	1	36.84	10.14	31.06	151.0	1.512556342562782	0.01305	2.5779953002929688	100.0	42.285714285714285	3.453125	1.575613839285714	50
644363922	1	35.97	9.95	31.13	147.0	1.475104400899454	0.0127555555555555	2.6050643920898438	100.0	31.285714285714285	3.58984375	1.6573660714285714	50
879800109	1	36.9	11.24	30.85	156.0	1.560453808752026	0.0133722222222222	2.580982208251953	100.0	41.71428571428572	3.58984375	1.5979352678571428	50
476727767	0	36.61	10.27	29.61	158.0	1.5832489023978384	0.0130222222222222	2.5871200561523438	100.0	41.333333333333336	2.556640625	0.9671223958333334	50
163398153	2	45.66	17.07	44.47	141.0	1.4106138970092197	0.017425	2.5822486877441406	100.0	85.44444444444444	14.279296875	10.37890625	50
678718624	1	37.4	11.37	30.77	158.0	1.5849853753656158	0.0135472222222222	2.583568572998047	100.0	37.285714285714285	3.58984375	1.5616629464285714	50
228607133	1	38.35	11.28	29.83	166.0	1.663761314113309	0.0137861111111111	2.5987319946289062	100.0	49.16666666666666	3.240234375	1.3352864583333333	50
478618057	1	38.57	11.27	31.59	157.0	1.5777144666033556	0.0138444444444444	2.842548370361328	100.0	28.571428571428573	3.43359375	1.5421316964285714	50
34104829	2	38.47	11.14	30.28	163.0	1.6383751651254952	0.0137805555555555	2.5839881896972656	100.0	40.85714285714285	9.083984375	7.537109375	50
583849043	2	49.39	19.61	49.36	139.0	1.3978930307941653	0.0191666666666666	2.5847740173339844	100.0	99.8	16.81640625	12.9482421875	50
85784643	1	34.74	10.41	31.58	142.0	1.4297023432552252	0.0125416666666666	2.5986900329589844	100.0	31.285714285714285	3.43359375	1.5788225446428572	50
645934848	1	37.89	10.51	29.58	163.0	1.636240703177823	0.0134444444444444	2.587238311767578	100.0	37.333333333333336	2.556640625	0.9671223958333334	50
771067718	1	37.53	10.72	32.68	147.0	1.4764381884944922	0.0134027777777777	2.5884475708007812	79.0	11.285714285714286	3.044921875	1.165457589285714	50
909988547	2	35.39	9.87	31.45	143.0	1.4391096979332274	0.0125722222222222	2.5694351196289062	100.0	42.85714285714285	9.82421875	7.930524553571429	50
413732528	2	41.22	14.26	38.28	144.0	1.4493207941483803	0.0154111111111111	2.838970184326172	100.0	52.875	14.103515625	8.19482421875	50
269091714	1	37.82	10.42	29.61	162.0	1.6291793313069909	0.0134	2.588470458984375	100.0	33.5	2.556640625	0.9537760416666666	50
707177822	0	38.4	10.37	31.11	156.0	1.5676631308261009	0.0135472222222222	2.574115753173828	100.0	33.57142857142857	3.58984375	1.6032366071428572	50
475810100	1	37.58	10.97	29.44	164.0	1.6491168478260867	0.0134861111111111	2.5806427001953125	100.0	43.66666666666666	2.556640625	0.9736328125	50
730610640	0	37.82	11.64	33.83	146.0	1.46201596216376	0.0137388888888888	2.6054954528808594	100.0	56.0	6.146484375	2.71875	50
804082805	2	37.76	10.21	31.38	152.0	1.52868068833652	0.013325	2.572856903076172	100.0	38.85714285714285	9.82421875	8.025948660714286	50
55712385	0	35.4	10.13	29.63	153.0	1.5366182922713467	0.0126472222222222	2.6080856323242188	100.0	49.66666666666666	3.259765625	1.4765625	50
730752338	2	40.72	14.08	39.82	137.0	1.376192867905575	0.0152222222222222	2.5850753784179688	100.0	87.5	16.9921875	11.233642578125	50
530501722	2	39.26	11.77	33.58	151.0	1.5196545562835022	0.014175	2.584758758544922	100.0	70.28571428571429	13.798828125	8.581752232142858	50
869219610	2	41.78	13.2	37.02	148.0	1.485143165856294	0.0152722222222222	2.581920623779297	100.0	75.125	16.427734375	10.19921875	50
339642122	2	45.19	16.2	45.14	135.0	1.3599911386796633	0.0170527777777777	2.583995819091797	100.0	70.5	16.662109375	10.1349609375	50
620779198	0	36.96	10.77	32.05	148.0	1.4892355694227772	0.0132583333333333	2.591949462890625	100.0	27.714285714285715	3.43359375	1.2419084821428572	50
911033033	2	40.65	12.38	34.38	154.0	1.5424665503199533	0.0147305555555555	2.5823822021484375	100.0	71.42857142857143	15.666015625	8.812220982142858	50
452355066	1	37.98	11.1	29.59	165.0	1.658668469077391	0.0136333333333333	2.5849952697753906	100.0	48.333333333333336	2.556640625	0.9638671875	50
559636538	0	38.11	10.05	30.57	157.0	1.575400719659797	0.0133777777777777	2.845623016357422	100.0	43.71428571428572	3.58984375	1.65234375	50
602518943	2	41.52	13.71	38.94	141.0	1.418335901386749	0.0153416666666666	2.5801010131835938	100.0	51.625	14.55078125	9.373779296875	50
406424302	0	38.31	10.02	29.39	164.0	1.6444368832936371	0.013425	2.5614662170410156	100.0	48.66666666666666	3.240234375	1.2626953125	50
82256758	1	37.53	11.07	31.42	154.0	1.5467854869509865	0.0135	2.5909690856933594	100.0	42.0	3.58984375	1.6007254464285714	50
666058199	0	36.38	9.46	29.27	156.0	1.5661086436624532	0.0127333333333333	2.5820693969726562	100.0	38.66666666666666	2.556640625	0.9606119791666666	50
719498251	2	34.96	9.98	29.92	150.0	1.5020053475935826	0.0124833333333333	2.596027374267578	98.0	50.333333333333336	8.947265625	7.344401041666667	50
844578985	1	37.67	11.08	29.96	162.0	1.62716955941255	0.0135416666666666	2.5875091552734375	100.0	49.16666666666666	3.240234375	1.3352864583333333	50
867166048	1	37.48	11.13	30.51	159.0	1.593248115372009	0.0135027777777777	2.5911903381347656	100.0	43.0	3.58984375	1.66015625	50
320110719	0	36.34	10.09	30.11	154.0	1.542012620391897	0.0128972222222222	2.6057357788085938	100.0	41.42857142857143	3.240234375	1.5290178571428572	50
844010772	0	38.57	10.54	30.37	161.0	1.617056305564702	0.0136416666666666	2.584056854248047	100.0	41.57142857142857	3.43359375	1.5760323660714286	50
118336671	0	36.53	9.94	29.77	156.0	1.5609674168626133	0.0129083333333333	2.5810394287109375	100.0	47.333333333333336	3.240234375	1.2594401041666667	50
495695047	2	43.19	14.82	40.84	142.0	1.4204211557296766	0.0161138888888888	2.589000701904297	100.0	77.77777777777777	16.9140625	10.634331597222223	50
185700291	0	37.26	10.9	30.33	158.0	1.5878667985492911	0.0133777777777777	2.5918922424316406	100.0	39.57142857142857	3.58984375	1.66015625	50
396913821	2	41.8	12.78	36.78	148.0	1.483958673191952	0.0151611111111111	2.60284423828125	100.0	85.75	13.740234375	10.945556640625	50
30133327	1	36.78	10.69	29.08	163.0	1.6323933975240716	0.0131861111111111	2.6006317138671875	100.0	48.0	2.556640625	0.9671223958333334	50
616171128	0	36.83	10.16	30.16	155.0	1.558023872679045	0.0130527777777777	2.5825233459472656	100.0	42.0	3.453125	1.640625	50
106549519	2	40.1	13.41	37.58	142.0	1.4238956891963812	0.0148638888888888	2.57708740234375	100.0	75.25	16.349609375	10.1552734375	50
234630208	1	37.49	11.24	29.54	164.0	1.649627623561273	0.0135361111111111	2.60614013671875	100.0	49.333333333333336	2.556640625	0.9671223958333334	50
329333415	0	36.42	10.57	31.14	150.0	1.5089916506101475	0.0130527777777777	2.5795745849609375	100.0	42.0	3.453125	1.5811941964285714	50
68587432	0	37.4	9.94	31.04	152.0	1.5251288659793814	0.0131499999999999	2.5883712768554688	100.0	29.142857142857142	3.43359375	1.6043526785714286	50
521776911	2	45.74	15.25	43.87	139.0	1.3902439024390243	0.0169416666666666	2.585193634033203	100.0	88.66666666666667	14.62890625	10.866536458333334	50
860252322	1	38.21	10.77	29.75	164.0	1.6463865546218488	0.0136055555555555	2.5770797729492188	100.0	47.5	3.240234375	1.3385416666666667	50
851689669	1	37.86	11.0	29.83	163.0	1.6379483741200136	0.0135722222222222	2.586750030517578	100.0	48.333333333333336	3.240234375	1.3352864583333333	50
433118444	2	43.98	15.18	42.09	140.0	1.4055595153243048	0.0164333333333333	2.6015548706054688	100.0	98.88888888888889	14.66796875	11.283637152777777	50
778969369	2	35.7	10.25	29.11	157.0	1.578495362418413	0.0127638888888888	2.5673980712890625	100.0	41.833333333333336	8.849609375	7.266927083333333	50
434705002	1	36.17	10.42	31.08	149.0	1.499034749034749	0.0129416666666666	2.600994110107422	100.0	42.0	3.58984375	1.5979352678571428	50
39183495	2	40.91	13.65	37.66	144.0	1.4487519915029208	0.0151555555555555	2.5845413208007812	100.0	75.25	14.318359375	8.98828125	50
954076577	0	37.27	10.27	30.47	156.0	1.560223170331474	0.0132055555555555	2.5704994201660156	100.0	42.57142857142857	3.240234375	1.3420758928571428	50
110807250	0	36.11	10.28	30.27	153.0	1.5325404691113311	0.0128861111111111	2.6030540466308594	100.0	42.0	3.58984375	1.5979352678571428	50
706362185	1	38.14	11.36	31.17	158.0	1.588065447545717	0.01375	2.5789031982421875	100.0	42.285714285714285	3.453125	1.5811941964285714	50
840918177	1	37.84	11.23	31.62	155.0	1.551865907653384	0.0136305555555555	2.585407257080078	100.0	42.142857142857146	3.43359375	1.575613839285714	50
510066456	0	38.04	10.31	30.47	158.0	1.5868066951099442	0.0134305555555555	2.6014633178710938	100.0	42.142857142857146	3.58984375	1.65625	50
398501727	0	35.21	10.11	29.15	155.0	1.5547169811320756	0.0125888888888888	2.5773468017578125	100.0	49.66666666666666	3.240234375	1.3287760416666667	50
174982440	0	36.25	10.46	30.84	151.0	1.514591439688716	0.012975	2.5873451232910156	100.0	42.0	3.58984375	1.5979352678571428	50
571632794	0	36.96	9.95	29.64	158.0	1.5826585695006743	0.0130305555555555	2.6043930053710938	100.0	48.333333333333336	3.259765625	1.3352864583333333	50
598317472	1	37.59	11.13	29.97	162.0	1.6256256256256258	0.0135333333333333	2.594165802001953	100.0	49.5	3.259765625	1.3352864583333333	50
569302725	2	45.72	16.73	46.83	133.0	1.3335468716634638	0.0173472222222222	2.6021766662597656	100.0	70.0	14.53125	10.356640625	50
843952890	1	36.33	10.45	30.99	150.0	1.5095191997418522	0.0129944444444444	2.6002845764160156	100.0	37.0	3.453125	1.5811941964285714	50
518242117	0	35.94	10.77	30.61	152.0	1.5259719046063376	0.0129749999999999	2.585338592529297	100.0	43.71428571428572	3.58984375	1.564453125	50
577075359	0	37.31	10.3	28.11	169.0	1.6937033084311632	0.013225	2.5786972045898438	100.0	33.0	2.556640625	0.9606119791666666	50
881549524	0	36.72	10.52	29.87	158.0	1.5815199196518244	0.0131222222222222	2.583282470703125	100.0	47.16666666666666	3.240234375	1.3287760416666667	50
797715128	2	39.89	13.15	35.36	150.0	1.5	0.0147333333333333	2.5785560607910156	100.0	75.0	15.880859375	9.017333984375	50
138991691	2	43.15	14.37	40.05	143.0	1.4362047440699126	0.0159777777777777	2.5866241455078125	100.0	66.44444444444444	16.603515625	10.279079861111109	50
143493819	2	40.18	12.41	34.53	152.0	1.5230234578627282	0.0146083333333333	2.5889434814453125	100.0	56.85714285714285	14.82421875	8.190011160714286	50
314033317	2	44.9	16.05	44.87	135.0	1.358368620459104	0.0169305555555555	2.572101593017578	100.0	99.66666666666669	16.77734375	11.429036458333334	50
520477284	1	37.11	11.16	31.49	153.0	1.532867577008574	0.0134083333333333	2.5887985229492188	100.0	28.571428571428573	3.5703125	1.5616629464285714	50
359856494	1	37.42	10.78	30.59	157.0	1.5756783262504088	0.0133888888888888	2.5897865295410156	100.0	41.71428571428572	3.58984375	1.5979352678571428	50
581966102	1	38.57	11.57	32.22	155.0	1.5561762880198635	0.0139277777777777	2.577617645263672	100.0	28.571428571428573	3.43359375	1.5393415178571428	50
729924895	2	40.68	13.17	36.96	145.0	1.4569805194805194	0.0149583333333333	2.599529266357422	100.0	89.25	14.8046875	9.6314697265625	50
753442690	1	37.71	10.82	30.59	158.0	1.586466165413534	0.0134805555555555	2.585315704345703	100.0	42.285714285714285	3.58984375	1.5616629464285714	50
92261022	1	36.88	11.26	30.77	156.0	1.5645108872278193	0.0133722222222222	2.6035919189453125	100.0	43.57142857142857	3.58984375	1.5979352678571428	50
426046672	2	45.61	16.88	47.53	131.0	1.3147485798443088	0.0173583333333333	2.574962615966797	100.0	77.8	16.623046875	11.1091796875	50
711143523	0	38.52	10.97	31.0	159.0	1.5964516129032258	0.0137472222222222	2.5984840393066406	100.0	29.142857142857142	3.58984375	1.6238839285714286	50
54996710	1	37.67	11.26	32.31	151.0	1.5143918291550602	0.0135916666666666	2.5895957946777344	100.0	28.571428571428573	3.43359375	1.5421316964285714	50
996276687	0	36.6	10.18	30.85	151.0	1.5163695299837925	0.0129944444444444	2.5919265747070312	100.0	28.571428571428573	3.58984375	1.5979352678571428	50
35462012	0	35.24	11.09	31.63	146.0	1.4647486563389187	0.0128694444444444	2.5694007873535156	100.0	29.142857142857142	3.43359375	1.5421316964285714	50
882249430	2	44.82	15.65	43.76	138.0	1.381855575868373	0.0167972222222222	2.5822830200195312	100.0	87.88888888888889	14.6484375	10.736762152777777	50
500592846	1	36.76	10.8	29.57	160.0	1.6083868785931688	0.0132111111111111	2.58148193359375	100.0	40.16666666666666	2.970703125	1.1116536458333333	50
753339391	2	46.9	17.91	48.21	134.0	1.3443269031321303	0.0180027777777777	2.5959434509277344	100.0	98.9	14.66796875	11.425	50
415416925	1	45.26	14.46	39.63	150.0	1.506939187484229	0.0165888888888888	3.5197486877441406	100.0	37.25	3.806640625	1.939697265625	75
188799541	0	47.84	16.91	48.87	132.0	1.3249437282586454	0.0179861111111111	3.500476837158203	100.0	47.6	7.359375	2.865625	75
96304274	0	44.37	14.15	41.16	142.0	1.4217687074829932	0.0162555555555555	3.5189781188964844	100.0	44.55555555555556	4.201171875	2.756944444444445	75
873284698	2	47.85	17.2	49.01	132.0	1.327280146908794	0.0180694444444444	3.517314910888672	100.0	71.42857142857143	10.6513671875	9.132393973214286	75
951670089	0	45.85	13.24	42.14	140.0	1.4022306597057428	0.0164138888888888	3.5194320678710938	100.0	25.33333333333333	3.810546875	1.4576822916666667	75
822523758	0	48.48	17.82	49.5	133.0	1.3393939393939394	0.0184166666666666	3.5167236328125	100.0	48.4	7.359375	3.2271484375	75
348018141	2	66.45	30.0	76.91	125.0	1.2540631907424262	0.0267916666666666	3.528308868408203	100.0	97.1875	18.4560546875	13.453857421875	75
932204867	0	50.2	17.78	49.86	136.0	1.363417569193743	0.0188833333333333	3.504016876220703	100.0	59.0	6.96875	3.325390625	75
481453754	1	45.91	16.26	42.09	147.0	1.4770729389403658	0.0172694444444444	3.521331787109375	100.0	66.66666666666667	5.619140625	3.433376736111111	75
605436607	2	59.97	24.3	67.6	124.0	1.2465976331360946	0.0234083333333333	3.5058364868164062	100.0	93.0	18.4951171875	12.877999441964286	75
862276537	0	44.83	13.93	41.9	140.0	1.4023866348448688	0.0163222222222222	3.5187416076660156	100.0	43.22222222222222	5.345703125	2.1512586805555554	75
742696178	2	69.07	32.17	82.2	123.0	1.2316301703163015	0.0281222222222222	3.5201187133789062	100.0	93.6470588235294	17.1083984375	13.182387408088234	75
480091697	0	44.81	14.04	40.5	145.0	1.4530864197530864	0.0163472222222222	3.5260543823242188	100.0	33.22222222222222	4.169921875	1.7690972222222228	75
23113594	1	50.55	19.61	51.93	135.0	1.35104948969767	0.0194888888888888	3.5116729736328125	100.0	63.45454545454545	6.28515625	3.6990411931818183	75
644363922	1	44.43	14.36	40.4	145.0	1.4551980198019805	0.0163305555555555	3.543079376220703	100.0	59.11111111111112	4.1796875	2.6684027777777777	75
879800109	1	46.27	14.52	40.83	148.0	1.488856233161891	0.0168861111111111	3.5135459899902344	100.0	40.0	4.994140625	2.1764322916666665	75
476727767	0	43.64	13.67	41.12	139.0	1.3937256809338523	0.0159194444444444	3.514801025390625	100.0	26.454545454545453	3.41796875	1.87890625	75
163398153	2	63.82	28.69	76.41	121.0	1.210705405051695	0.0256972222222222	3.5261878967285156	100.0	89.0	18.6513671875	13.07611083984375	75
678718624	1	47.51	16.31	45.33	140.0	1.4078976395323184	0.0177277777777777	3.5155296325683594	100.0	59.8	6.94921875	3.276171875	75
228607133	1	44.96	14.95	40.33	148.0	1.4854946689809074	0.0166416666666666	3.5140380859375	100.0	43.44444444444444	3.787109375	2.2398003472222228	75
478618057	1	44.51	15.0	38.8	153.0	1.5337628865979382	0.0165305555555555	3.515766143798828	100.0	32.25	4.298828125	1.49365234375	75
34104829	2	53.59	19.79	55.17	132.0	1.330070690592713	0.0203833333333333	3.5121307373046875	100.0	84.83333333333333	18.2392578125	12.661458333333334	75
583849043	2	67.97	32.38	83.88	119.0	1.196351931330472	0.0278749999999999	3.5372848510742188	100.0	99.82352941176472	18.3974609375	14.454044117647058	75
85784643	1	47.45	15.73	47.26	133.0	1.3368599238256456	0.01755	3.51220703125	100.0	48.85	7.4375	2.996435546875	75
645934848	1	48.31	17.2	50.83	128.0	1.2888058233326778	0.0181972222222222	3.519561767578125	100.0	53.81818181818182	7.3203125	3.417436079545454	75
771067718	1	45.33	14.52	40.23	148.0	1.487695749440716	0.0166249999999999	3.519573211669922	100.0	32.888888888888886	3.873046875	1.7361111111111112	75
909988547	2	61.83	26.4	71.77	122.0	1.229343736937439	0.0245083333333333	3.5284347534179688	100.0	86.66666666666667	20.3681640625	13.29404296875	75
413732528	2	57.22	21.71	60.81	129.0	1.297977306364085	0.021925	3.519580841064453	100.0	98.3125	18.8056640625	13.243896484375	75
269091714	1	46.17	14.01	40.74	147.0	1.4771723122238585	0.0167166666666666	3.52593994140625	100.0	35.27272727272727	4.650390625	2.7349076704545454	75
707177822	0	49.15	17.25	49.41	134.0	1.343857518720907	0.0184444444444444	3.519451141357422	89.0	17.8	3.126953125	0.957421875	75
475810100	1	49.62	17.82	47.75	141.0	1.4123560209424084	0.0187333333333333	3.5384445190429688	100.0	69.53846153846153	7.59375	3.9475661057692313	75
730610640	0	43.38	13.96	41.19	139.0	1.3920854576353483	0.0159277777777777	3.5165443420410156	100.0	50.75	3.806640625	2.47412109375	75
804082805	2	62.81	28.62	74.05	123.0	1.234706279540851	0.0253972222222222	3.516490936279297	100.0	92.53333333333332	18.0439453125	12.918684895833334	75
55712385	0	47.77	16.9	46.85	138.0	1.3803628601921023	0.0179638888888888	3.5131378173828125	100.0	59.2	7.4375	3.7896484375	75
730752338	2	65.49	29.02	76.88	122.0	1.229318418314256	0.0262527777777777	3.527141571044922	100.0	99.625	18.4560546875	13.5914306640625	75
530501722	2	69.12	32.06	83.94	120.0	1.2053847986657138	0.0281055555555555	3.5080718994140625	100.0	63.4	11.8701171875	8.6666015625	75
869219610	2	58.97	25.68	67.53	125.0	1.2535169554272176	0.0235138888888888	3.545318603515625	100.0	100.0	19.6064453125	14.021623883928571	75
339642122	2	51.61	19.49	54.5	130.0	1.3045871559633029	0.0197499999999999	3.5361671447753906	100.0	90.9090909090909	18.2001953125	11.598810369318182	75
620779198	0	44.44	14.72	43.25	136.0	1.3678612716763006	0.0164333333333333	3.5124435424804688	100.0	36.11111111111112	4.357421875	1.9175347222222228	75
911033033	2	55.19	21.93	56.34	136.0	1.3688320908768192	0.0214222222222222	3.4982833862304688	100.0	91.66666666666669	18.3369140625	12.292073567708334	75
452355066	1	44.8	14.27	39.02	151.0	1.5138390568939002	0.0164083333333333	3.5155067443847656	100.0	45.875	3.884765625	1.930908203125	75
559636538	0	49.01	18.85	48.6	139.0	1.396296296296296	0.01885	3.5300254821777344	100.0	58.8	6.63671875	3.4013671875	75
602518943	2	61.32	25.78	69.01	126.0	1.262135922330097	0.0241944444444444	3.5123863220214844	100.0	92.5	21.2294921875	14.4130859375	75
406424302	0	45.94	15.43	43.53	140.0	1.4098322995635193	0.0170472222222222	3.506450653076172	100.0	63.0	6.91015625	3.6375868055555554	75
82256758	1	44.25	14.33	40.12	146.0	1.4601196410767698	0.0162722222222222	3.5327835083007812	100.0	50.0	4.3359375	2.6490885416666665	75
666058199	0	46.08	14.88	45.66	133.0	1.335085413929041	0.0169333333333333	3.521392822265625	100.0	60.2	6.8125	3.4017578125	75
719498251	2	61.82	26.39	69.58	126.0	1.267749353262432	0.0245027777777777	3.5278701782226562	100.0	92.85714285714286	19.5283203125	12.494907924107142	75
844578985	1	45.43	14.37	40.65	147.0	1.4710947109471095	0.0166111111111111	3.5073471069335938	100.0	65.44444444444444	4.916015625	3.157552083333333	75
867166048	1	45.53	14.75	42.63	141.0	1.4140276800375322	0.0167444444444444	3.5280494689941406	100.0	33.333333333333336	4.236328125	2.292751736111111	75
320110719	0	44.73	14.01	40.93	143.0	1.4351331541656485	0.0163166666666666	3.5112648010253906	100.0	32.888888888888886	4.201171875	1.7701822916666667	75
844010772	0	44.34	13.67	39.77	145.0	1.4586371636912243	0.0161138888888888	3.515666961669922	100.0	36.625	4.201171875	1.71826171875	75
118336671	0	49.51	16.99	47.53	139.0	1.3991163475699555	0.0184722222222222	3.5194549560546875	100.0	59.7	6.28515625	3.9509765625	75
495695047	2	65.14	31.51	78.65	122.0	1.2288620470438651	0.0268472222222222	3.5254974365234375	100.0	94.42105263157896	20.7412109375	13.567485608552634	75
185700291	0	44.55	14.01	40.42	144.0	1.4487877288471052	0.0162666666666666	3.5277862548828125	100.0	33.0	4.583984375	2.0826822916666665	75
396913821	2	51.74	19.29	53.36	133.0	1.3311469265367315	0.0197305555555555	3.513092041015625	100.0	74.54545454545455	15.3076171875	11.005948153409092	75
30133327	1	51.86	19.37	51.97	137.0	1.3705984221666347	0.0197861111111111	3.539379119873047	100.0	62.81818181818182	6.265625	3.7576349431818183	75
616171128	0	44.19	13.4	41.11	140.0	1.4008756993432254	0.0159972222222222	3.5129318237304688	100.0	75.5	5.755859375	3.3943359375	75
106549519	2	60.37	25.1	66.74	128.0	1.2806412945759664	0.0237416666666666	3.524768829345703	100.0	85.42857142857143	17.8505859375	12.776436941964286	75
234630208	1	44.6	14.32	39.45	149.0	1.4935361216730036	0.0163666666666666	3.5252418518066406	100.0	60.5	4.357421875	2.4892578125	75
329333415	0	47.17	15.13	45.37	137.0	1.373154066563809	0.0173055555555555	3.5186691284179688	100.0	49.6	7.14453125	2.6009765625	75
68587432	0	44.03	13.25	40.54	141.0	1.4129255056734091	0.0159111111111111	3.520526885986328	100.0	26.444444444444443	3.416015625	1.7424045138888888	75
521776911	2	65.07	28.76	74.96000000000001	125.0	1.2517342582710778	0.0260638888888888	3.5128555297851562	100.0	99.0	18.3955078125	12.794075520833331	75
860252322	1	44.44	14.51	39.36	149.0	1.4977134146341462	0.0163749999999999	3.5226058959960938	100.0	29.5	3.787109375	1.6953125	75
851689669	1	46.36	14.95	42.44	144.0	1.4446277097078228	0.0170305555555555	3.5069427490234375	100.0	34.666666666666664	3.416015625	1.380859375	75
433118444	2	58.86	25.01	66.87	125.0	1.2542246149244802	0.0232972222222222	3.5133590698242188	100.0	71.5	19.4306640625	11.588727678571429	75
778969369	2	60.83	26.04	71.25	121.0	1.2192280701754383	0.0241305555555555	3.5085792541503906	100.0	86.86666666666666	16.6083984375	11.462109375	75
434705002	1	45.84	14.35	40.66	148.0	1.4803246433841617	0.0167194444444444	3.526611328125	100.0	42.888888888888886	4.818359375	2.1519097222222228	75
39183495	2	58.47	23.94	64.4	127.0	1.2796583850931675	0.0228916666666666	3.5216064453125	100.0	92.3076923076923	18.6884765625	14.626201923076923	75
954076577	0	48.38	17.17	48.1	136.0	1.362785862785863	0.0182083333333333	3.513317108154297	100.0	50.8	7.45703125	2.8853515625	75
110807250	0	43.78	14.38	39.71	146.0	1.4646184840090657	0.0161555555555555	3.5307540893554688	100.0	36.75	3.787109375	1.6171875	75
706362185	1	46.48	15.25	43.58	141.0	1.4164754474529602	0.0171472222222222	3.5201454162597656	100.0	47.0	5.287109375	2.464192708333333	75
840918177	1	45.71	14.07	40.57	147.0	1.4735025881193	0.0166055555555555	3.5207138061523438	100.0	35.27272727272727	3.7890625	2.1658380681818183	75
510066456	0	43.61	13.77	39.76	144.0	1.443158953722334	0.0159388888888888	3.5303382873535156	100.0	62.125	4.916015625	3.329345703125	75
398501727	0	43.02	13.41	40.86	138.0	1.3810572687224671	0.015675	3.511516571044922	100.0	38.888888888888886	4.177734375	2.351779513888889	75
174982440	0	44.67	13.94	40.84	143.0	1.43511263467189	0.0162805555555555	3.531566619873047	100.0	69.44444444444444	4.513671875	3.0711805555555554	75
571632794	0	43.94	13.86	41.49	139.0	1.393106772716317	0.0160555555555555	3.5116500854492188	100.0	43.66666666666666	5.306640625	2.1219618055555554	75
598317472	1	45.53	14.08	41.82	142.0	1.4253945480631276	0.0165583333333333	3.532726287841797	100.0	33.44444444444444	3.416015625	1.6156684027777777	75
569302725	2	64.04	27.19	72.93	125.0	1.250925545043192	0.0253416666666666	3.515178680419922	100.0	87.2	18.5341796875	14.113151041666669	75
843952890	1	48.83	16.91	47.58	138.0	1.3816729718369063	0.0182611111111111	3.5114364624023438	100.0	49.2	7.30078125	2.8203125	75
518242117	0	44.62	14.28	39.68	148.0	1.484375	0.0163611111111111	3.529712677001953	100.0	37.25	4.162109375	1.720703125	75
577075359	0	44.95	13.67	40.2	145.0	1.4582089552238806	0.0162833333333333	3.524242401123047	100.0	32.888888888888886	4.220703125	1.8168402777777777	75
881549524	0	50.08	17.53	51.25	131.0	1.319219512195122	0.0187805555555555	3.5235023498535156	100.0	58.63636363636363	6.98828125	3.6147017045454546	75
797715128	2	63.24	28.15	75.43	121.0	1.211586901763224	0.0253861111111111	3.5170440673828125	100.0	95.63157894736842	19.1982421875	14.741416529605264	75
138991691	2	61.67	27.77	73.2	122.0	1.2218579234972675	0.0248444444444444	3.512317657470703	100.0	93.33333333333331	18.7099609375	13.497135416666667	75
143493819	2	53.6	21.72	56.93	132.0	1.3230282803442823	0.0209222222222222	3.5187911987304688	100.0	100.0	18.8056640625	15.433902138157894	75
314033317	2	65.52	29.44	79.48	119.0	1.1947659788626068	0.0263777777777777	3.4944229125976562	100.0	100.0	20.8583984375	14.873046875	75
520477284	1	46.95	15.99	42.68	147.0	1.4746954076850984	0.0174833333333333	3.5170135498046875	100.0	71.55555555555556	5.365234375	3.6976996527777772	75
359856494	1	45.41	16.17	42.55	144.0	1.4472385428907169	0.0171055555555555	3.5304183959960938	100.0	33.0	3.416015625	1.4069010416666667	75
581966102	1	49.93	18.87	49.57	138.0	1.3879362517651803	0.0191111111111111	3.5274391174316406	100.0	60.0	6.94921875	3.709765625	75
729924895	2	59.14	24.51	66.18	126.0	1.263977032336053	0.0232361111111111	3.5217971801757812	100.0	95.64285714285714	17.3525390625	11.990513392857142	75
753442690	1	45.56	14.74	41.01	147.0	1.47037307973665	0.01675	3.5230026245117188	100.0	44.0	4.544921875	2.0321180555555554	75
92261022	1	44.93	15.05	42.14	142.0	1.4233507356430946	0.0166611111111111	3.5254783630371094	100.0	36.44444444444444	3.787109375	1.8793402777777777	75
426046672	2	61.26	26.42	72.81	120.0	1.204230188160967	0.0243555555555555	3.531829833984375	100.0	71.66666666666667	14.8115234375	10.476953125	75
711143523	0	44.72	14.06	41.61	141.0	1.4126411920211488	0.0163277777777777	3.5190162658691406	100.0	32.888888888888886	4.818359375	2.0625	75
54996710	1	47.1	16.07	44.08	143.0	1.433076225045372	0.0175472222222222	3.5126609802246094	100.0	48.2	6.353515625	2.9703125	75
996276687	0	46.29	16.28	46.62	134.0	1.3421278421278422	0.0173805555555555	3.5199012756347656	100.0	53.7	7.22265625	3.150390625	75
35462012	0	44.29	14.18	42.07	139.0	1.3898264796767292	0.0162416666666666	3.5121803283691406	100.0	29.55555555555556	4.203125	2.015407986111111	75
882249430	0	44.99	15.08	41.0	146.0	1.4651219512195122	0.0166861111111111	3.507549285888672	100.0	33.666666666666664	3.787109375	1.5926649305555556	75
500592846	1	44.83	14.29	40.16	147.0	1.4721115537848606	0.0164222222222222	3.517444610595703	100.0	54.888888888888886	4.099609375	2.581380208333333	75
753339391	2	52.81	20.93	57.36	128.0	1.2855648535564854	0.0204833333333333	3.5002098083496094	100.0	91.66666666666669	18.5322265625	13.361083984375	75
415416925	1	55.86	19.34	53.79	139.0	1.3980293734894962	0.0208888888888888	4.211051940917969	100.0	63.18181818181818	7.02734375	3.288352272727273	100
188799541	0	55.87	19.54	54.92	137.0	1.3730881281864529	0.0209472222222222	4.211387634277344	100.0	45.09090909090909	7.02734375	2.4692826704545454	100
96304274	0	51.7	16.39	49.71	136.0	1.3697445182055925	0.0189138888888888	4.209079742431641	100.0	49.5	4.19921875	2.6953125	100
873284698	2	72.8	31.76	85.15	122.0	1.2279506752789195	0.0290444444444444	4.205677032470703	100.0	88.44444444444444	18.0458984375	12.654893663194445	100
951670089	0	52.55	16.71	49.43	140.0	1.401173376492009	0.0192388888888888	4.199222564697266	100.0	49.5	3.552734375	2.38515625	100
822523758	0	55.41	17.84	52.75	138.0	1.3886255924170616	0.0203472222222222	4.213401794433594	100.0	54.81818181818182	6.578125	3.029296875	100
348018141	2	63.31	24.13	67.71	129.0	1.291389750406144	0.0242888888888888	4.207221984863281	100.0	82.92857142857143	17.2919921875	12.535226004464286	100
932204867	0	53.25	16.88	50.4	139.0	1.391468253968254	0.0194805555555555	4.191734313964844	100.0	52.63636363636363	4.255859375	2.647904829545454	100
481453754	1	56.18	18.94	53.82	139.0	1.395763656633222	0.0208666666666666	4.2063140869140625	100.0	44.72727272727273	6.94921875	2.603515625	100
605436607	2	56.32	19.38	56.45	134.0	1.341009743135518	0.0210277777777777	4.218852996826172	100.0	99.16666666666669	17.1142578125	11.509602864583334	100
862276537	0	53.73	18.17	50.2	143.0	1.4322709163346614	0.0199722222222222	4.209461212158203	100.0	26.90909090909091	4.333984375	1.6745383522727273	100
742696178	2	70.55	29.96	77.48	129.0	1.297237996902426	0.0279194444444444	4.231342315673828	100.0	87.5	18.3369140625	11.80181884765625	100
480091697	0	52.51	17.05	49.23	141.0	1.4129595774933985	0.0193222222222222	4.20831298828125	100.0	49.6	3.552734375	2.235546875	100
23113594	1	52.89	16.72	48.88	142.0	1.4240998363338788	0.0193361111111111	4.202106475830078	100.0	29.8	3.572265625	1.6318359375	100
644363922	1	54.91	17.94	50.41	144.0	1.4451497718706603	0.0202361111111111	4.212127685546875	100.0	23.818181818181817	3.572265625	1.4899680397727273	100
879800109	1	59.96	22.26	60.05	136.0	1.3691923397169026	0.0228388888888888	4.188262939453125	100.0	47.76923076923077	8.12109375	3.3279747596153846	100
476727767	0	53.71	17.31	50.91	139.0	1.3950108033785111	0.0197277777777777	4.212917327880859	0.0	0.0	2.205078125	2.205078125	100
163398153	2	66.09	27.64	72.86	128.0	1.286439747460884	0.0260361111111111	4.204917907714844	100.0	88.06666666666666	18.4365234375	13.072981770833334	100
678718624	1	54.02	18.11	51.25	140.0	1.4074146341463414	0.0200361111111111	4.2007598876953125	100.0	32.81818181818182	4.197265625	2.294921875	100
228607133	1	54.24	18.26	51.08	141.0	1.4193422083007048	0.0201388888888888	4.196987152099609	100.0	53.72727272727273	4.333984375	2.5237926136363638	100
478618057	1	55.67	18.43	49.59	149.0	1.494252873563218	0.0205833333333333	4.219875335693359	100.0	29.1	3.572265625	1.4091796875	100
34104829	2	57.75	20.26	52.79	147.0	1.4777419965902634	0.0216694444444444	4.213890075683594	100.0	44.18181818181818	15.375	9.326704545454545	100
583849043	2	70.67	31.5	77.56	131.0	1.3173027333677152	0.0283805555555555	4.210735321044922	100.0	93.75	17.7578125	11.98931884765625	100
85784643	1	52.82	16.49	50.51	137.0	1.3722035240546429	0.0192527777777777	4.207588195800781	100.0	33.333333333333336	4.333984375	2.890625	100
645934848	1	60.28	22.32	61.51	134.0	1.3428710778735164	0.0229444444444444	4.220134735107422	100.0	62.30769230769231	6.28515625	3.58984375	100
771067718	1	54.36	18.23	52.18	139.0	1.3911460329628211	0.0201638888888888	4.201347351074219	100.0	40.54545454545455	4.197265625	2.0427911931818183	100
909988547	2	58.85	21.1	61.09	130.0	1.308724832214765	0.0222083333333333	4.202747344970703	100.0	80.0	14.923828125	11.540234375	100
413732528	2	68.43	28.9	76.77	126.0	1.267812947766055	0.0270361111111111	4.220481872558594	100.0	100.0	13.7353515625	13.154017857142858	100
269091714	1	53.69	17.82	50.18	142.0	1.4250697489039457	0.0198638888888888	4.2224578857421875	100.0	28.571428571428573	4.650390625	3.038783482142857	100
707177822	0	57.49	20.31	58.93	132.0	1.3202104191413542	0.0216111111111111	4.220436096191406	89.0	14.833333333333334	3.126953125	1.1653645833333333	100
475810100	1	59.99	22.04	60.15	136.0	1.3637572734829593	0.0227861111111111	4.2107391357421875	100.0	75.61538461538461	7.59375	4.229867788461538	100
730610640	0	57.1	20.1	57.31	134.0	1.3470598499389286	0.0214444444444444	4.207836151123047	100.0	58.333333333333336	7.65234375	3.400390625	100
804082805	2	70.0	30.22	80.66	124.0	1.2424993801140591	0.0278388888888888	4.213520050048828	100.0	93.82352941176472	18.4560546875	13.5751953125	100
55712385	0	56.32	20.17	57.67	132.0	1.3263395179469395	0.0212472222222222	4.241111755371094	100.0	57.91666666666666	7.359375	3.135091145833333	100
730752338	2	70.65	31.68	83.43	122.0	1.226537216828479	0.028425	4.251110076904297	100.0	92.88235294117646	18.6513671875	12.988970588235293	100
530501722	2	76.0	36.69	94.93	118.0	1.1870852206889286	0.0313027777777777	4.196521759033203	100.0	52.833333333333336	11.8701171875	8.677571614583334	100
869219610	2	66.99	28.04	74.83	127.0	1.269945209140719	0.0263972222222222	4.2186279296875	100.0	92.13333333333334	18.4560546875	12.851888020833334	100
339642122	2	63.14	24.27	68.18	128.0	1.2820475212672335	0.0242805555555555	4.203033447265625	100.0	89.64285714285714	18.4736328125	13.414899553571429	100
620779198	0	52.79	17.21	49.64	141.0	1.4101531023368252	0.0194444444444444	4.216182708740234	100.0	58.2	4.798828125	2.7025390625	100
911033033	2	65.43	24.92	66.73	135.0	1.3539637344522704	0.0250972222222222	4.211132049560547	100.0	92.28571428571428	17.09375	11.017159598214286	100
452355066	1	54.41	17.98	49.84	145.0	1.4524478330658106	0.0201083333333333	4.225990295410156	100.0	49.4	4.298828125	2.3359375	100
559636538	0	53.44	17.29	48.81	144.0	1.449088301577545	0.0196472222222222	4.702140808105469	100.0	36.3	4.1015625	1.734375	100
602518943	2	65.2	26.52	72.72	126.0	1.2612761276127613	0.0254777777777777	4.213626861572266	100.0	82.0	15.255859375	10.1390625	100
406424302	0	54.46	17.8	48.37	149.0	1.493901178416374	0.0200722222222222	4.209114074707031	100.0	38.1	4.197265625	1.65859375	100
82256758	1	54.04	18.29	50.74	142.0	1.425502562081198	0.0200916666666666	4.2055206298828125	100.0	45.09090909090909	4.3359375	2.3794389204545454	100
666058199	0	53.73	18.66	52.18	138.0	1.38731314679954	0.0201083333333333	4.211040496826172	100.0	50.72727272727273	6.8125	3.087890625	100
719498251	2	67.6	29.92	78.89	123.0	1.2361516034985425	0.0270888888888888	4.208301544189453	100.0	99.1875	18.5341796875	13.4976806640625	100
844578985	1	56.67	19.64	54.98	138.0	1.3879592579119682	0.0211972222222222	4.208492279052734	100.0	44.583333333333336	7.0078125	2.579915364583333	100
867166048	1	53.64	18.3	50.1	143.0	1.4359281437125748	0.0199833333333333	4.1999053955078125	100.0	35.36363636363637	4.916015625	2.1756036931818183	100
320110719	0	52.88	16.94	51.49	135.0	1.3559914546513887	0.0193944444444444	4.199150085449219	100.0	53.63636363636363	4.564453125	2.874467329545454	100
844010772	0	53.97	17.67	48.96	146.0	1.463235294117647	0.0199	4.211433410644531	100.0	59.4	4.220703125	2.6048828125	100
118336671	0	54.56	18.25	56.75	128.0	1.2829955947136564	0.020225	4.2113189697265625	100.0	79.33333333333333	6.67578125	3.9166666666666665	100
495695047	2	78.17	35.33	93.47	121.0	1.2142933561570557	0.0315277777777777	4.205715179443359	100.0	100.0	15.2578125	11.813058035714286	100
185700291	0	57.66	20.95	58.93	133.0	1.333955540471746	0.0218361111111111	4.224628448486328	100.0	50.16666666666666	6.98828125	3.3390299479166665	100
396913821	2	69.36	30.56	82.74	120.0	1.20763838530336	0.0277555555555555	4.206516265869141	100.0	82.94117647058823	21.2294921875	12.901999080882353	100
30133327	1	54.95	18.37	54.23	135.0	1.3520191775769872	0.0203666666666666	4.208621978759766	100.0	64.81818181818181	6.578125	2.966796875	100
616171128	0	52.72	16.46	48.68	142.0	1.421117502054232	0.0192166666666666	4.211540222167969	100.0	94.6	5.755859375	4.0455078125	100
106549519	2	69.88	29.99	80.48	124.0	1.2409294234592445	0.0277416666666666	4.214714050292969	100.0	93.17647058823528	18.0439453125	12.951688878676471	100
234630208	1	52.81	17.39	50.76	138.0	1.3829787234042554	0.0195	4.214191436767578	100.0	53.72727272727273	4.357421875	2.612215909090909	100
329333415	0	52.55	16.79	50.56	137.0	1.3714398734177216	0.0192611111111111	4.216453552246094	100.0	48.90909090909091	4.525390625	2.6109730113636362	100
68587432	0	53.79	17.1	51.61	137.0	1.373571013369502	0.0196916666666666	4.197551727294922	100.0	53.63636363636363	4.177734375	2.3439275568181817	100
521776911	2	72.31	30.95	82.32	125.0	1.2543731778425655	0.0286833333333333	4.207538604736328	100.0	93.82352941176472	18.4560546875	12.558938419117647	100
860252322	1	54.15	18.36	53.11	136.0	1.3652796083600074	0.0201416666666666	4.214183807373047	100.0	54.54545454545455	4.197265625	2.2652698863636362	100
851689669	1	54.9	17.84	47.44	153.0	1.5333052276559864	0.0202055555555555	4.2126007080078125	100.0	33.0	4.099609375	1.5732421875	100
433118444	2	82.04	38.09	101.07	118.0	1.188582170772732	0.0333694444444444	4.219573974609375	100.0	95.23809523809524	20.0380859375	14.214099702380953	100
778969369	2	66.95	27.02	73.64	127.0	1.2760727865290602	0.0261027777777777	4.203479766845703	100.0	86.86666666666666	16.6083984375	11.344075520833334	100
434705002	1	54.67	18.13	53.02	137.0	1.3730667672576384	0.0202222222222222	4.201488494873047	100.0	59.81818181818182	4.564453125	2.6214488636363638	100
39183495	2	67.79	29.3	78.55	123.0	1.236028007638447	0.0269694444444444	4.206123352050781	100.0	93.75	18.6884765625	13.22216796875	100
954076577	0	58.27	19.98	57.37	136.0	1.3639532856893848	0.0217361111111111	4.213245391845703	100.0	57.583333333333336	7.515625	3.224609375	100
110807250	0	56.46	19.49	56.05	135.0	1.3550401427297056	0.0210972222222222	4.214366912841797	100.0	48.5	7.45703125	3.16943359375	100
706362185	1	54.41	17.79	50.92	141.0	1.4179104477611937	0.0200555555555555	4.202800750732422	100.0	53.0	4.798828125	2.9280894886363638	100
840918177	1	53.66	18.26	51.76	138.0	1.3894899536321486	0.0199777777777777	4.211494445800781	0.0	0.0	2.599609375	2.3837890625	100
510066456	0	52.38	17.17	49.82	139.0	1.396025692492975	0.0193194444444444	4.2294158935546875	100.0	54.5	4.298828125	2.567578125	100
398501727	0	59.61	22.18	60.78	134.0	1.345672918723264	0.0227194444444444	4.202320098876953	100.0	46.15384615384615	6.96875	3.2319711538461533	100
174982440	0	50.58	16.7	49.59	135.0	1.3567251461988303	0.0186888888888888	4.202198028564453	100.0	42.6	4.650390625	2.385546875	100
571632794	0	53.74	17.44	50.5	140.0	1.4095049504950496	0.0197722222222222	4.20452880859375	100.0	53.36363636363637	4.23828125	2.6136363636363638	100
598317472	1	53.85	17.99	50.65	141.0	1.4183613030602171	0.0199555555555555	4.21539306640625	100.0	45.09090909090909	4.236328125	2.5101207386363638	100
569302725	2	69.63	29.53	78.5	126.0	1.263184713375796	0.0275444444444444	4.206642150878906	100.0	93.125	17.58203125	12.43695068359375	100
843952890	1	54.43	18.28	51.7	140.0	1.4063829787234043	0.0201972222222222	4.207256317138672	100.0	49.18181818181818	4.197265625	2.2736150568181817	100
518242117	0	55.11	17.83	51.72	141.0	1.410286156225831	0.0202611111111111	4.219058990478516	100.0	44.54545454545455	4.236328125	2.6097301136363638	100
577075359	0	54.8	18.39	50.06	146.0	1.4620455453455852	0.0203305555555555	4.215023040771484	100.0	26.818181818181817	3.552734375	1.2645596590909092	100
881549524	0	59.42	20.4	59.91	133.0	1.3323318310799532	0.0221722222222222	4.197257995605469	100.0	48.75	7.57421875	3.122395833333333	100
797715128	2	78.62	38.05	96.09	121.0	1.2141742116765533	0.0324083333333333	4.216999053955078	100.0	95.85	19.1982421875	14.314013671875	100
138991691	2	59.91	21.74	62.04	131.0	1.3160863958736295	0.0226805555555555	4.198635101318359	100.0	76.76923076923077	15.3076171875	10.859900841346152	100
143493819	2	79.02	36.39	95.16	121.0	1.2127994955863808	0.0320583333333333	4.213459014892578	100.0	100.0	18.8056640625	16.796595982142858	100
314033317	2	73.83	34.99	88.28	123.0	1.2326687811508834	0.0302277777777777	4.209964752197266	100.0	94.44444444444444	20.8583984375	14.164822048611109	100
520477284	1	54.7	18.33	51.31	142.0	1.4233092964334435	0.0202861111111111	4.2176513671875	100.0	57.09090909090909	5.365234375	2.9781605113636362	100
359856494	1	55.47	18.9	53.14	139.0	1.399510726383139	0.0206583333333333	4.2305908203125	100.0	53.81818181818182	5.404296875	2.9509943181818183	100
581966102	1	54.35	18.01	51.07	141.0	1.4168787938124143	0.0201	4.210308074951172	100.0	47.54545454545455	5.287109375	2.981711647727273	100
729924895	2	77.19	36.39	93.78	121.0	1.2111324376199617	0.03155	4.207317352294922	100.0	98.3157894736842	19.6064453125	13.906301398026317	100
753442690	1	55.3	18.55	51.29	144.0	1.43985182296744	0.0205138888888888	4.212028503417969	100.0	54.0	4.333984375	2.882279829545454	100
92261022	1	54.96	17.48	50.18	144.0	1.443603029095257	0.0201222222222222	4.220703125	100.0	27.09090909090909	4.236328125	1.7144886363636362	100
426046672	2	75.42	36.07	91.64	121.0	1.21660846791794	0.0309694444444444	4.2084197998046875	100.0	99.47368421052632	18.3974609375	14.074475740131579	100
711143523	0	52.89	16.87	49.61	140.0	1.4061681112678897	0.0193777777777777	4.206859588623047	100.0	49.6	4.23828125	2.716796875	100
54996710	1	58.76	21.81	61.71	130.0	1.3056230756765514	0.0223805555555555	4.193637847900391	0.0	0.0	2.205078125	2.205078125	100
996276687	0	59.61	23.41	62.5	132.0	1.32832	0.0230611111111111	4.229377746582031	100.0	38.61538461538461	6.98828125	3.2647235576923075	100
35462012	0	52.78	16.09	50.84	135.0	1.3546420141620772	0.0191305555555555	4.206172943115234	100.0	33.333333333333336	4.236328125	2.893880208333333	100
882249430	2	84.22	42.12	105.68	119.0	1.1954958364875097	0.0350944444444444	4.216278076171875	100.0	95.45454545454544	21.5615234375	15.714488636363637	100
500592846	1	59.89	23.17	62.33	133.0	1.3325846301941282	0.0230722222222222	4.215263366699219	100.0	48.53846153846154	6.94921875	3.1963641826923075	100
753339391	2	78.06	36.4	93.59	122.0	1.2229939096057272	0.0317944444444444	4.204429626464844	100.0	89.47368421052632	19.5283203125	13.112767269736844	100
415416925	1	75.0	24.43	72.46000000000001	137.0	1.3722053546784432	0.0276194444444444	6.0751190185546875	100.0	31.6	4.9609375	1.8270833333333332	150
188799541	0	70.53	23.53	70.2	133.0	1.33988603988604	0.0261277777777777	6.088954925537109	100.0	31.266666666666666	4.9609375	2.014778645833333	150
96304274	0	73.29	28.17	74.65	135.0	1.35914266577361	0.0281833333333333	6.068752288818359	100.0	53.93333333333333	4.82421875	2.315625	150
873284698	2	91.56	41.69	109.08	122.0	1.2215804913824715	0.0370138888888888	6.081996917724609	100.0	83.0909090909091	17.267578125	11.540749289772727	150
951670089	0	70.25	22.67	66.79	139.0	1.3912262314717772	0.0258111111111111	6.065338134765625	100.0	29.928571428571427	4.82421875	2.0831473214285716	150
822523758	0	70.64	24.35	68.39	138.0	1.3889457523029685	0.0263861111111111	6.080314636230469	100.0	33.57142857142857	4.84375	2.101283482142857	150
348018141	2	89.67	39.74	102.52	126.0	1.2622902848224735	0.0359472222222222	6.077701568603516	100.0	71.0	18.341796875	11.099190848214286	150
932204867	0	69.68	23.81	67.31	138.0	1.3889466646857822	0.0259694444444444	6.056560516357422	100.0	28.571428571428573	4.8046875	2.0859375	150
481453754	1	69.92	26.86	69.62	139.0	1.3901177822464807	0.0268833333333333	6.092277526855469	100.0	34.07142857142857	4.9609375	1.9620535714285714	150
605436607	2	77.64	27.55	78.72	133.0	1.336255081300813	0.0292194444444444	6.076499938964844	100.0	51.1875	16.42578125	9.3389892578125	150
862276537	0	71.59	26.57	71.42	137.0	1.3744049285914308	0.0272666666666666	6.0834197998046875	100.0	30.133333333333333	4.9609375	1.99765625	150
742696178	2	83.04	33.17	88.85	130.0	1.3079347214406305	0.0322805555555555	6.091339111328125	100.0	65.77777777777777	18.322265625	10.928276909722223	150
480091697	0	71.02	24.69	68.49	139.0	1.3974302817929625	0.0265861111111111	6.0966796875	100.0	35.357142857142854	4.82421875	1.819614955357143	150
23113594	1	70.3	25.07	69.74	136.0	1.3675078864353314	0.0264916666666666	6.069766998291016	100.0	36.85714285714285	4.9609375	1.9633091517857144	150
644363922	1	70.62	24.93	68.89	138.0	1.386993758165191	0.0265416666666666	6.102874755859375	100.0	39.07142857142857	4.78515625	2.0984933035714284	150
879800109	1	74.37	25.2	71.59	139.0	1.390836709037575	0.0276583333333333	6.073421478271484	100.0	32.53333333333333	4.9609375	1.853125	150
476727767	0	71.79	23.51	69.12	137.0	1.3787615740740742	0.0264722222222222	6.082080841064453	100.0	35.57142857142857	4.98046875	1.9635184151785714	150
163398153	2	93.92	42.38	108.72	125.0	1.2536791758646064	0.0378611111111111	6.078636169433594	100.0	81.5	18.283203125	11.769797585227273	150
678718624	1	70.3	24.76	69.24	137.0	1.372905834777585	0.0264055555555555	6.081394195556641	100.0	36.35714285714285	4.98046875	2.0262276785714284	150
228607133	1	73.42	26.17	71.14	139.0	1.3999156592634243	0.0276638888888888	6.077709197998047	100.0	32.8	4.9609375	2.0015625	150
478618057	1	74.12	23.68	69.39	140.0	1.4094249891915265	0.0271666666666666	6.091960906982422	100.0	35.42857142857143	4.82421875	2.005301339285715	150
34104829	2	83.34	35.66	89.61	132.0	1.3279767883048768	0.0330555555555555	6.080615997314453	100.0	61.11111111111112	17.287109375	10.041232638888891	150
583849043	2	90.16	40.55	104.55	125.0	1.250215208034433	0.0363083333333333	6.055217742919922	100.0	70.95238095238095	18.400390625	11.63774181547619	150
85784643	1	68.97	23.12	70.5	130.0	1.306241134751773	0.0255805555555555	6.075584411621094	100.0	33.13333333333333	4.9609375	2.0263020833333334	150
645934848	1	72.02	24.35	69.67	138.0	1.383235251901823	0.0267694444444444	6.079677581787109	100.0	35.642857142857146	4.98046875	1.970424107142857	150
771067718	1	73.84	25.96	71.49	139.0	1.3959994404811864	0.0277222222222222	6.07843017578125	100.0	36.4	4.9609375	2.0184895833333334	150
909988547	2	80.8	28.19	81.01	134.0	1.3453894580915935	0.030275	6.078083038330078	100.0	72.70588235294117	14.00390625	10.298368566176471	150
413732528	2	91.32	40.46	104.77	125.0	1.2578028061467976	0.0366055555555555	6.085453033447266	100.0	84.38095238095238	17.0234375	11.351841517857142	150
269091714	1	71.86	25.07	70.59	137.0	1.373140671483213	0.026925	6.0920562744140625	100.0	32.93333333333333	4.98046875	2.031510416666667	150
707177822	0	81.15	32.95	90.67	125.0	1.258409617293482	0.0316944444444444	6.086032867431641	100.0	85.0	5.515625	3.0255962171052633	150
475810100	1	68.68	24.42	69.87	133.0	1.3324745956776871	0.0258611111111111	6.077968597412109	100.0	34.0	4.9609375	1.9591238839285714	150
730610640	0	73.16	23.73	70.12	138.0	1.3817741015402167	0.0269138888888888	6.076641082763672	100.0	34.733333333333334	4.98046875	1.8510416666666667	150
804082805	2	88.51	36.72	97.61	128.0	1.2829628111873783	0.0347861111111111	6.089424133300781	100.0	73.65	17.599609375	11.291796875	150
55712385	0	70.76	23.67	67.18	140.0	1.4056266746055373	0.0262305555555555	6.081188201904297	100.0	28.571428571428573	4.84375	2.101283482142857	150
730752338	2	92.94	41.75	109.46	123.0	1.230495158048602	0.0374138888888888	6.078845977783203	100.0	80.22727272727273	18.400390625	11.929421164772727	150
530501722	2	81.49	34.61	95.05	122.0	1.221462388216728	0.03225	6.056610107421875	100.0	91.45	17.365234375	11.68388671875	150
869219610	2	81.21	34.01	90.45	127.0	1.273852957435047	0.0320055555555555	6.085979461669922	100.0	84.21052631578948	16.30859375	10.609375	150
339642122	2	94.57	41.48	109.38	124.0	1.243828853538124	0.0377916666666666	6.100982666015625	100.0	89.68181818181819	17.384765625	12.449396306818182	150
620779198	0	73.0	24.68	71.4	136.0	1.3680672268907563	0.0271333333333333	6.0782012939453125	100.0	33.06666666666667	4.9609375	1.8440104166666669	150
911033033	2	90.8	37.71	99.19	129.0	1.2955943139429378	0.0356972222222222	6.072254180908203	100.0	70.0	18.380859375	10.7369140625	150
452355066	1	72.03	25.46	69.18	140.0	1.4092223185891877	0.0270805555555555	6.077793121337891	100.0	35.57142857142857	4.84375	1.9833984375	150
559636538	0	81.88	33.1	88.22	130.0	1.303332577646792	0.0319388888888888	6.083293914794922	100.0	87.0	5.515625	3.0560980902777777	150
602518943	2	85.81	34.24	93.69	128.0	1.2813533995090192	0.0333472222222222	6.078022003173828	100.0	84.21052631578948	16.34765625	10.388569078947366	150
406424302	0	69.91	23.43	66.58	140.0	1.4019224992490238	0.0259277777777777	6.077583312988281	100.0	33.357142857142854	4.82421875	1.957589285714286	150
82256758	1	72.58	24.77	69.83	139.0	1.3940999570385222	0.0270416666666666	6.080318450927734	100.0	35.285714285714285	4.98046875	1.970424107142857	150
666058199	0	80.05	33.8	87.3	130.0	1.3041237113402062	0.031625	6.076473236083984	100.0	90.22222222222224	7.52734375	3.2578125	150
719498251	2	85.58	39.59	100.58	124.0	1.2444820043746272	0.0347694444444444	6.0862884521484375	100.0	82.0952380952381	17.443359375	11.577287946428571	150
844578985	1	73.37	24.37	71.91	135.0	1.3591989987484356	0.02715	6.084178924560547	100.0	31.53333333333333	4.84375	1.8322916666666669	150
867166048	1	70.98	24.82	70.57	135.0	1.3575173586509852	0.0266111111111111	6.080181121826172	100.0	33.13333333333333	4.98046875	2.0419270833333334	150
320110719	0	75.22	22.93	70.09	140.0	1.4003424168925669	0.0272638888888888	6.086769104003906	100.0	34.4	4.98046875	1.8497395833333332	150
844010772	0	69.89	23.96	67.56	138.0	1.3891355831853167	0.0260694444444444	6.083343505859375	100.0	28.571428571428573	4.82421875	2.0606166294642856	150
118336671	0	71.85	23.64	68.28	139.0	1.3985061511423549	0.026525	6.092594146728516	100.0	36.35714285714285	4.82421875	2.0908203125	150
495695047	2	93.93	43.24	111.26	123.0	1.2328779435556356	0.0381027777777777	6.0917205810546875	100.0	77.8695652173913	18.380859375	11.250424592391305	150
185700291	0	71.0	24.42	69.48	137.0	1.3733448474381116	0.0265055555555555	6.087677001953125	100.0	35.142857142857146	4.9609375	1.9818638392857144	150
396913821	2	94.37	42.15	110.5	123.0	1.235475113122172	0.0379222222222222	6.080070495605469	100.0	85.95652173913044	17.365234375	12.016304347826088	150
30133327	1	71.34	23.79	70.06	135.0	1.357836140451042	0.0264249999999999	6.073600769042969	100.0	28.933333333333334	4.9609375	1.8037760416666664	150
616171128	0	69.91	23.36	67.14	138.0	1.3891867739052726	0.0259083333333333	6.088066101074219	100.0	35.0	4.82421875	2.0859375	150
106549519	2	87.05	37.16	97.06	127.0	1.2797238821347618	0.0345027777777777	6.0852813720703125	100.0	83.2	17.443359375	11.06337890625	150
234630208	1	73.82	27.86	74.39	136.0	1.36685038311601	0.0282444444444444	6.0711822509765625	100.0	33.06666666666667	4.82421875	1.81796875	150
329333415	0	70.98	23.77	70.25	134.0	1.3487544483985765	0.0263194444444444	6.069026947021484	100.0	33.06666666666667	4.9609375	2.0106770833333334	150
68587432	0	67.96	23.68	67.11	136.0	1.365519296677097	0.0254555555555555	6.0784149169921875	100.0	35.214285714285715	4.82421875	2.0859375	150
521776911	2	83.88	34.18	91.28	129.0	1.2933829973707274	0.0327944444444444	6.078945159912109	100.0	85.47368421052632	16.4453125	11.486430921052634	150
860252322	1	72.19	25.26	69.4	140.0	1.404178674351585	0.0270694444444444	6.077602386474609	100.0	33.07142857142857	4.98046875	1.9730747767857144	150
851689669	1	73.14	26.44	68.96000000000001	144.0	1.444025522041763	0.0276611111111111	6.101367950439453	100.0	28.571428571428573	4.84375	2.0984933035714284	150
433118444	2	87.42	37.29	97.23	128.0	1.2826288182659675	0.0346416666666666	6.085639953613281	100.0	84.95	18.341796875	11.61796875	150
778969369	2	90.3	40.26	104.02	125.0	1.2551432416842914	0.0362666666666666	6.090503692626953	100.0	80.80952380952381	18.283203125	11.598028273809524	150
434705002	1	70.0	24.96	69.96000000000001	135.0	1.357347055460263	0.0263777777777777	6.0853118896484375	100.0	40.285714285714285	4.82421875	2.049246651785715	150
39183495	2	90.45	45.6	102.99	132.0	1.3210020390329158	0.0377916666666666	6.079578399658203	100.0	84.71428571428571	16.328125	10.761811755952383	150
954076577	0	67.68	24.11	66.57	137.0	1.3788493315307198	0.0254972222222222	6.087085723876953	100.0	35.5	5.0390625	2.1222098214285716	150
110807250	0	72.34	23.66	66.91	143.0	1.434763114631595	0.0266666666666666	6.0772247314453125	100.0	33.5	4.84375	2.097098214285715	150
706362185	1	71.01	24.38	71.05	134.0	1.3425756509500353	0.0264972222222222	6.097614288330078	100.0	32.333333333333336	4.9609375	1.8270833333333332	150
840918177	1	71.22	22.63	67.24	139.0	1.3957465794170136	0.0260694444444444	6.089008331298828	100.0	33.5	4.82421875	2.0604073660714284	150
510066456	0	71.67	23.8	69.03	138.0	1.3830218745472982	0.0265194444444444	6.084831237792969	100.0	34.57142857142857	4.82421875	1.8533761160714286	150
398501727	0	69.88	24.45	67.25	140.0	1.4026765799256504	0.0262027777777777	6.0799407958984375	100.0	28.571428571428573	4.82421875	2.099888392857143	150
174982440	0	71.15	24.54	68.81	139.0	1.390640895218718	0.0265805555555555	6.07275390625	100.0	35.285714285714285	4.82421875	1.8238699776785714	150
571632794	0	68.03	23.21	66.46	137.0	1.372855853144749	0.0253444444444444	6.089267730712891	100.0	31.714285714285715	4.82421875	2.0859375	150
598317472	1	70.82	24.45	69.96000000000001	136.0	1.36177815894797	0.0264638888888888	6.093585968017578	100.0	35.5	4.98046875	1.967494419642857	150
569302725	2	80.5	32.58	84.78	133.0	1.33380514272234	0.0314111111111111	6.0930328369140625	100.0	63.0	18.341796875	10.348805147058824	150
843952890	1	70.28	24.02	69.44	135.0	1.3580069124423964	0.0261944444444444	6.079578399658203	100.0	34.92857142857143	4.82421875	1.8321707589285714	150
518242117	0	69.74	23.97	67.9	138.0	1.3801178203240057	0.0260305555555555	6.102405548095703	100.0	40.0	4.82421875	2.095005580357143	150
577075359	0	72.36	24.23	67.55	142.0	1.4299037749814951	0.0268305555555555	6.079227447509766	100.0	35.214285714285715	4.82421875	2.037109375	150
881549524	0	71.46	23.26	69.18	136.0	1.3691818444637176	0.0263111111111111	6.091144561767578	100.0	35.285714285714285	4.82421875	1.823800223214286	150
797715128	2	87.45	35.29	94.15	130.0	1.303664365374403	0.0340944444444444	6.078681945800781	100.0	75.05263157894737	17.208984375	10.942331414473683	150
138991691	2	84.53	35.42	96.0	124.0	1.2494791666666667	0.0333194444444444	6.071895599365234	100.0	80.15	17.423828125	11.80185546875	150
143493819	2	78.74	28.62	79.4	135.0	1.3521410579345088	0.0298222222222222	6.0770111083984375	100.0	57.5625	16.26953125	9.7349853515625	150
314033317	2	72.95	29.43	78.66	130.0	1.3015509788965167	0.0284388888888888	6.056415557861328	100.0	74.375	14.1015625	9.550048828125	150
520477284	1	69.47	29.0	70.56	139.0	1.3955498866213152	0.0273527777777777	6.0762481689453125	100.0	32.86666666666667	4.98046875	2.0328125	150
359856494	1	70.54	24.8	70.41	135.0	1.3540690242863231	0.0264833333333333	6.085716247558594	100.0	36.86666666666667	4.98046875	2.0328125	150
581966102	1	72.58	25.01	71.03	137.0	1.3739265099253837	0.0271083333333333	6.0898284912109375	100.0	33.06666666666667	4.9609375	2.0328125	150
729924895	2	91.65	40.25	105.69	124.0	1.2479894029709528	0.0366388888888888	6.057209014892578	100.0	82.31818181818181	18.244140625	11.636363636363637	150
753442690	1	72.22	24.5	69.05	140.0	1.400724112961622	0.0268666666666666	6.092357635498047	100.0	28.571428571428573	4.82421875	2.0604073660714284	150
92261022	1	69.64	24.5	68.38	137.0	1.376718338695525	0.02615	6.082691192626953	100.0	28.571428571428573	4.82421875	2.0659877232142856	150
426046672	2	89.94	39.72	103.42	125.0	1.253722684200348	0.0360166666666666	6.087890625	100.0	76.28571428571429	17.384765625	11.779296875	150
711143523	0	70.84	24.28	68.43	139.0	1.390033610989332	0.0264222222222222	6.099338531494141	100.0	29.285714285714285	4.84375	2.097098214285715	150
54996710	1	69.96	24.04	68.16	137.0	1.3791079812206573	0.0261111111111111	6.0820465087890625	100.0	37.85714285714285	4.84375	2.0673828125	150
996276687	0	69.89	23.85	68.14	137.0	1.375697094217787	0.0260388888888888	6.079277038574219	100.0	28.642857142857142	4.82421875	2.1026785714285716	150
35462012	0	76.42	28.72	81.68	128.0	1.2872184133202742	0.0292055555555555	6.084926605224609	100.0	81.6470588235294	5.3203125	2.5334329044117645	150
882249430	2	85.74	37.17	97.31	126.0	1.2630767649779056	0.0341416666666666	6.086662292480469	100.0	71.15	17.287109375	10.62919921875	150
500592846	1	72.54	24.57	69.4	139.0	1.399279538904899	0.026975	6.072345733642578	100.0	35.0	4.82421875	1.872628348214286	150
753339391	2	75.98	29.74	79.03	133.0	1.337719853220296	0.0293666666666666	6.088466644287109	100.0	74.25	13.779296875	9.4378662109375	150
415416925	1	94.67	28.97	89.32	138.0	1.3842364532019706	0.0343444444444444	7.520854949951172	100.0	32.55555555555556	6.54296875	2.575412326388889	200
188799541	0	89.66	29.29	86.4	137.0	1.376736111111111	0.0330416666666666	7.4610748291015625	100.0	37.94444444444444	6.54296875	2.6689453125	200
96304274	0	87.64	28.91	88.16	132.0	1.3220281306715065	0.032375	7.474143981933594	100.0	32.94444444444444	6.54296875	2.4486762152777777	200
873284698	2	93.8	34.36	99.74	128.0	1.2849408462001202	0.0356	7.518714904785156	100.0	88.4	14.27734375	10.1802734375	200
951670089	0	91.26	28.05	86.26	138.0	1.3831439833062833	0.0331416666666666	7.516429901123047	100.0	38.77777777777778	6.54296875	2.6689453125	200
822523758	0	90.74	27.51	86.57	136.0	1.3659466327827192	0.0328472222222222	7.475318908691406	100.0	38.05555555555556	6.54296875	2.667100694444445	200
348018141	2	112.79	48.06	129.08	124.0	1.2461264332197088	0.0446805555555555	7.498863220214844	100.0	80.76923076923077	17.228515625	11.577073317307692	200
932204867	0	88.85	28.41	85.68	136.0	1.368580765639589	0.0325722222222222	7.511878967285156	100.0	38.61111111111112	6.5234375	2.6656901041666665	200
481453754	1	90.77	30.29	90.42	133.0	1.3388630833886308	0.0336277777777777	7.520931243896484	100.0	31.57894736842105	6.5234375	2.639185855263158	200
605436607	2	102.98	38.61	110.39	128.0	1.2826342965848356	0.0393305555555555	7.520465850830078	100.0	73.30434782608695	16.974609375	10.823539402173912	200
862276537	0	88.63	27.15	85.01	136.0	1.361957416774497	0.0321611111111111	7.506488800048828	100.0	40.66666666666666	6.54296875	2.4310980902777777	200
742696178	2	110.76	43.74	121.14	127.0	1.2753838533927686	0.0429166666666666	7.525249481201172	100.0	82.88	17.169921875	10.901015625	200
480091697	0	92.75	28.04	88.28	136.0	1.3682600815586767	0.0335527777777777	7.502017974853516	100.0	27.61111111111111	6.54296875	2.4486762152777777	200
23113594	1	93.83	26.94	89.23	135.0	1.3534685643841755	0.0335472222222222	7.512783050537109	100.0	33.27777777777778	6.015625	2.5092230902777777	200
644363922	1	88.77	30.26	87.44	136.0	1.3612763037511435	0.0330638888888888	7.510475158691406	100.0	32.55555555555556	6.5234375	2.446506076388889	200
879800109	1	93.77	29.9	89.07	138.0	1.3884585157741105	0.0343527777777777	7.506187438964844	100.0	32.5	6.5234375	2.507052951388889	200
476727767	0	88.48	29.49	86.92	135.0	1.357225034514496	0.0327694444444444	7.512474060058594	100.0	33.666666666666664	6.54296875	2.6689453125	200
163398153	2	115.1	48.24	133.07	122.0	1.227474261666792	0.0453722222222222	7.516452789306641	100.0	87.92592592592592	19.025390625	11.972222222222223	200
678718624	1	92.34	29.57	88.27	138.0	1.3811034326498244	0.0338638888888888	7.518199920654297	100.0	32.666666666666664	6.54296875	2.4266493055555554	200
228607133	1	92.23	29.36	88.36	137.0	1.3760751471253962	0.033775	7.479335784912109	100.0	32.611111111111114	6.5625	2.428819444444445	200
478618057	1	90.32	29.15	88.53	134.0	1.3494860499265786	0.0331861111111111	7.524425506591797	100.0	32.666666666666664	6.5234375	2.427734375	200
34104829	2	121.78	49.68	137.76	124.0	1.2446283391405344	0.0476277777777777	7.480205535888672	100.0	81.75	17.150390625	11.873674665178571	200
583849043	2	121.75	49.96	135.4	126.0	1.2681683899556868	0.0476972222222222	7.506465911865234	100.0	74.78571428571429	19.064453125	11.626883370535714	200
85784643	1	88.61	28.22	87.39	133.0	1.3368806499599497	0.0324527777777777	7.513324737548828	100.0	33.0	6.54296875	2.4266493055555554	200
645934848	1	92.89	29.97	92.79	132.0	1.3240650932212523	0.0341277777777777	7.516147613525391	100.0	28.473684210526315	6.54296875	2.472039473684211	200
771067718	1	91.12	27.67	89.18	133.0	1.3320251177394034	0.0329972222222222	7.516639709472656	100.0	32.94444444444444	6.54296875	2.574327256944445	200
909988547	2	102.16	41.2	113.47	126.0	1.2634176434299815	0.0398222222222222	7.502414703369141	100.0	60.52173913043478	19.044921875	10.083305027173912	200
413732528	2	119.77	49.78	136.0	124.0	1.2466911764705884	0.0470972222222222	7.483882904052734	100.0	74.85714285714286	19.123046875	11.736397879464286	200
269091714	1	92.99	30.04	91.0	135.0	1.351978021978022	0.034175	7.509376525878906	100.0	31.57894736842105	6.5234375	2.6432976973684217	200
707177822	0	90.33	26.89	84.16	139.0	1.3928231939163498	0.0325611111111111	7.502132415771484	100.0	40.88235294117647	6.54296875	2.600873161764706	200
475810100	1	89.26	29.37	88.3	134.0	1.343488108720272	0.0329527777777777	7.480289459228516	100.0	31.38888888888889	6.5625	2.429904513888889	200
730610640	0	86.2	29.3	86.03	134.0	1.342554922701383	0.0320833333333333	7.515022277832031	100.0	37.333333333333336	6.54296875	2.6689453125	200
804082805	2	111.28	40.05	119.59	126.0	1.2654068065891797	0.0420361111111111	7.504131317138672	100.0	82.875	19.064453125	11.780924479166666	200
55712385	0	91.1	28.12	87.24	136.0	1.366574965612105	0.0331166666666666	7.515918731689453	100.0	38.66666666666666	6.54296875	2.671115451388889	200
730752338	2	106.75	43.95	120.51	125.0	1.2505186291594057	0.0418611111111111	7.482578277587891	100.0	63.88	17.033203125	10.636875	200
530501722	2	117.54	50.31	136.06	123.0	1.2336469204762606	0.046625	7.502223968505859	100.0	85.46428571428571	17.189453125	11.538922991071429	200
869219610	2	116.36	49.07	131.73	125.0	1.2558263113945192	0.0459527777777777	7.525245666503906	100.0	84.70370370370371	16.955078125	11.909143518518519	200
339642122	2	115.07	45.88	130.62	123.0	1.2322002756086357	0.0447083333333333	7.514778137207031	100.0	88.88888888888889	18.986328125	12.021195023148149	200
620779198	0	90.41	27.2	87.87	133.0	1.3384545351086832	0.0326694444444444	7.515514373779297	100.0	27.77777777777778	6.5625	2.428819444444445	200
911033033	2	119.81	52.55	140.45	122.0	1.227198291206835	0.0478777777777777	7.510276794433594	100.0	78.27586206896552	19.162109375	12.215247844827585	200
452355066	1	90.66	29.07	86.52	138.0	1.383841886269071	0.0332583333333333	7.487041473388672	100.0	38.77777777777778	6.5234375	2.672200520833333	200
559636538	0	90.11	30.22	88.94	135.0	1.3529345626264897	0.0334249999999999	7.513801574707031	100.0	35.166666666666664	6.5234375	2.5941840277777777	200
602518943	2	100.47	36.12	103.3	132.0	1.322265246853824	0.0379416666666666	7.472404479980469	100.0	76.19047619047619	14.2578125	9.91313244047619	200
406424302	0	91.04	26.11	84.31	138.0	1.389514885541454	0.0325416666666666	7.518871307373047	100.0	34.76470588235294	6.58203125	2.590188419117647	200
82256758	1	91.86	30.02	89.3	136.0	1.3648376259798431	0.0338555555555555	7.485958099365234	100.0	33.333333333333336	6.015625	2.516818576388889	200
666058199	0	91.69	25.43	83.08	140.0	1.4097255657197882	0.0325333333333333	7.4778289794921875	100.0	34.47058823529412	6.54296875	2.4756433823529416	200
719498251	2	105.3	39.68	111.84	129.0	1.296316165951359	0.0402722222222222	7.50640869140625	100.0	64.78260869565217	19.064453125	11.228006114130435	200
844578985	1	91.28	27.74	88.36	134.0	1.346989588048891	0.0330611111111111	7.517124176025391	100.0	30.666666666666668	6.54296875	2.574327256944445	200
867166048	1	91.27	29.55	90.26	133.0	1.33857744294261	0.0335611111111111	7.503166198730469	100.0	31.210526315789476	6.54296875	2.4185855263157894	200
320110719	0	91.36	30.04	88.88	136.0	1.365886588658866	0.0337222222222222	7.5191650390625	100.0	38.27777777777778	6.54296875	2.671115451388889	200
844010772	0	89.88	28.32	86.52	136.0	1.366158113730929	0.0328333333333333	7.5106201171875	100.0	38.77777777777778	6.54296875	2.6689453125	200
118336671	0	90.62	29.15	87.93	136.0	1.3621062208575003	0.0332694444444444	7.511386871337891	100.0	27.444444444444443	6.54296875	2.4486762152777777	200
495695047	2	110.26	45.51	123.47	126.0	1.2616020085850814	0.0432694444444444	7.467639923095703	100.0	72.92	17.423828125	11.383671875	200
185700291	0	89.52	31.16	88.64	136.0	1.3614620938628157	0.0335222222222222	7.508739471435547	100.0	32.5	6.5234375	2.4508463541666665	200
396913821	2	111.8	45.57	123.89	127.0	1.27023972879167	0.0437138888888888	7.516727447509766	100.0	85.76	17.287109375	11.626015625	200
30133327	1	94.27	29.0	89.21000000000001	138.0	1.38179576280686	0.0342416666666666	7.483013153076172	100.0	32.833333333333336	6.54296875	2.5048828125	200
616171128	0	92.34	29.15	89.07	136.0	1.3639833838553947	0.0337472222222222	7.459636688232422	100.0	32.111111111111114	6.54296875	2.4486762152777777	200
106549519	2	113.34	42.13	122.13	127.0	1.272987799885368	0.0431861111111111	7.5118408203125	100.0	84.0	17.248046875	11.58921875	200
234630208	1	92.28	28.4	89.78999999999999	134.0	1.3440249470987862	0.0335222222222222	7.504169464111328	100.0	33.333333333333336	6.54296875	2.575412326388889	200
329333415	0	91.39	28.9	87.85	136.0	1.3692657939669892	0.0334138888888888	7.508369445800781	100.0	38.388888888888886	6.54296875	2.64599609375	200
68587432	0	89.5	30.33	89.16	134.0	1.3439883355764917	0.0332861111111111	7.511028289794922	100.0	33.05555555555556	6.54296875	2.4486762152777777	200
521776911	2	121.08	49.7	138.24	123.0	1.2353877314814814	0.0474388888888888	7.459526062011719	100.0	78.14285714285714	17.091796875	11.471819196428571	200
860252322	1	92.96	27.09	88.18	136.0	1.3614198230891357	0.0333472222222222	7.5121002197265625	100.0	36.833333333333336	6.54296875	2.574327256944445	200
851689669	1	93.05	27.92	86.24	140.0	1.402713358070501	0.0336027777777777	7.487800598144531	100.0	37.888888888888886	6.015625	2.6266276041666665	200
433118444	2	118.41	51.43	137.09	123.0	1.2388941571230578	0.0471777777777777	7.510490417480469	100.0	74.53571428571429	19.005859375	11.838239397321429	200
778969369	2	105.97	41.73	114.19	129.0	1.2934582713022156	0.0410277777777777	7.465301513671875	100.0	82.08695652173913	16.857421875	10.852751358695652	200
434705002	1	90.02	26.89	86.49	135.0	1.3517169614984392	0.032475	7.5149688720703125	100.0	37.16666666666666	6.54296875	2.645833333333333	200
39183495	2	113.56	46.14	129.23	123.0	1.2357811653640796	0.0443611111111111	7.5152587890625	100.0	88.11538461538461	17.267578125	11.794921875	200
954076577	0	86.99	29.91	84.94	137.0	1.376265599246527	0.0324722222222222	7.479301452636719	100.0	39.64705882352941	6.54296875	2.600873161764706	200
110807250	0	87.05	26.77	84.6	134.0	1.345390070921986	0.0316166666666666	7.485477447509766	100.0	41.0	6.54296875	2.600873161764706	200
706362185	1	93.86	28.71	88.52	138.0	1.3846588341617714	0.0340472222222222	7.5148773193359375	100.0	32.55555555555556	6.015625	2.389756944444445	200
840918177	1	93.39	26.54	85.9	139.0	1.3961583236321304	0.0333138888888888	7.514350891113281	100.0	37.72222222222222	6.54296875	2.645833333333333	200
510066456	0	91.91	29.67	88.0	138.0	1.381590909090909	0.0337722222222222	7.518623352050781	100.0	33.111111111111114	6.58203125	2.464952256944445	200
398501727	0	92.69	30.38	89.61	137.0	1.3733958263586652	0.0341861111111111	7.518253326416016	100.0	27.5	6.54296875	2.4497612847222228	200
174982440	0	92.04	30.35	90.01	135.0	1.3597378069103434	0.0339972222222222	7.516139984130859	100.0	28.789473684210527	6.54296875	2.46484375	200
571632794	0	90.27	27.98	85.25	138.0	1.3870967741935485	0.0328472222222222	7.513500213623047	100.0	33.22222222222222	6.015625	2.6070963541666665	200
598317472	1	93.92	29.06	91.11	134.0	1.3497969487432775	0.0341611111111111	7.478492736816406	100.0	31.57894736842105	6.5234375	2.6432976973684217	200
569302725	2	95.59	32.86	97.88	131.0	1.3123212096444623	0.0356805555555555	7.509067535400391	100.0	74.7	14.296875	9.764453125	200
843952890	1	91.58	29.06	87.3	138.0	1.381901489117984	0.0335111111111111	7.477481842041016	100.0	33.0	6.54296875	2.425564236111111	200
518242117	0	87.56	28.13	84.57	136.0	1.3679791888376494	0.0321361111111111	7.520233154296875	100.0	40.94117647058823	6.5234375	2.5974264705882355	200
577075359	0	94.36	27.2	86.01	141.0	1.413324032089292	0.0337666666666666	7.506980895996094	100.0	37.05555555555556	6.5234375	2.6656901041666665	200
881549524	0	91.73	26.3	85.88	137.0	1.3743595714951096	0.0327861111111111	7.465435028076172	100.0	38.55555555555556	6.54296875	2.64599609375	200
797715128	2	116.71	49.29	132.76	125.0	1.250376619463694	0.0461111111111111	7.511287689208984	100.0	88.88888888888889	19.083984375	12.164496527777777	200
138991691	2	108.38	44.15	121.43	125.0	1.256114633945483	0.0423694444444444	7.5073089599609375	100.0	85.56	17.169921875	12.214921875	200
143493819	2	106.39	44.99	119.15	127.0	1.2704993705413343	0.04205	7.480812072753906	100.0	79.33333333333333	17.775390625	10.52734375	200
314033317	2	103.48	39.69	113.86	125.0	1.25742139469524	0.0397694444444444	7.4724884033203125	100.0	69.47826086956522	18.986328125	10.958559782608695	200
520477284	1	90.75	25.74	85.35	136.0	1.3648506151142354	0.0323583333333333	7.477378845214844	100.0	38.388888888888886	6.54296875	2.6480034722222228	200
359856494	1	89.72	31.06	89.4	135.0	1.351006711409396	0.03355	7.515995025634766	100.0	38.72222222222222	6.54296875	2.575412326388889	200
581966102	1	91.83	28.15	86.88	138.0	1.3809852670349907	0.0333277777777777	7.477806091308594	100.0	38.5	6.54296875	2.645833333333333	200
729924895	2	106.94	41.31	115.65	128.0	1.2818849978383051	0.0411805555555555	7.507656097412109	100.0	76.5	15.060546875	10.317545572916666	200
753442690	1	96.07	28.35	91.6	135.0	1.358296943231441	0.0345611111111111	7.513282775878906	100.0	32.94736842105263	6.54296875	2.6417557565789473	200
92261022	1	92.37	27.91	87.81	136.0	1.369775651975857	0.0334111111111111	7.516777038574219	100.0	32.888888888888886	6.54296875	2.425564236111111	200
426046672	2	114.7	49.05	134.04	122.0	1.2216502536556253	0.0454861111111111	7.479244232177734	100.0	77.77777777777777	19.142578125	11.593605324074074	200
711143523	0	87.76	29.53	88.53999999999999	132.0	1.3247119945787216	0.0325805555555555	7.500514984130859	100.0	27.77777777777778	6.5625	2.451388888888889	200
54996710	1	87.59	28.59	86.17	134.0	1.3482650574445862	0.0322722222222222	7.514453887939453	100.0	38.72222222222222	6.5625	2.6512586805555554	200
996276687	0	88.7	28.41	87.5	133.0	1.3384	0.0325305555555555	7.522617340087891	100.0	38.44444444444444	6.5234375	2.6678602430555554	200
35462012	0	91.75	29.06	92.06	131.0	1.312296328481425	0.0335583333333333	7.498210906982422	100.0	31.894736842105264	6.54296875	2.398848684210526	200
882249430	2	119.06	50.04	136.47	123.0	1.2391001685352092	0.0469722222222222	7.5218658447265625	100.0	76.32142857142857	19.103515625	11.548060825892858	200
500592846	1	93.56	29.33	88.59	138.0	1.3871768822666215	0.0341361111111111	7.512977600097656	100.0	36.5	6.54296875	2.574327256944445	200
753339391	2	110.57	43.44	122.09	126.0	1.2614464739126872	0.0427805555555555	7.498409271240234	100.0	76.2	19.240234375	11.56265625	200
415416925	1	105.46	31.95	101.81	134.0	1.3496709557017974	0.0381694444444444	9.900646209716797	100.0	38.095238095238095	8.009765625	3.466238839285715	250
188799541	0	107.89	38.14	107.87	135.0	1.3537591545378695	0.0405638888888888	9.895584106445312	100.0	33.5	7.990234375	3.0783025568181817	250
96304274	0	107.14	36.37	107.02	134.0	1.3409643057372451	0.0398638888888888	9.900611877441406	100.0	36.18181818181818	7.990234375	3.042879971590909	250
873284698	2	141.58	63.64	169.81	120.0	1.2085271774336024	0.0570055555555555	9.905853271484375	100.0	78.91176470588235	18.541015625	12.203642003676471	250
951670089	0	110.11	35.17	106.62	136.0	1.3625961358094163	0.0403555555555555	9.896312713623047	100.0	34.90909090909091	7.970703125	3.075639204545454	250
822523758	0	113.22	46.03	112.02	142.0	1.4216211390823066	0.0442361111111111	9.907424926757812	100.0	30.08695652173913	8.009765625	3.0778702445652173	250
348018141	2	128.91	52.86	147.26	123.0	1.2343474127393723	0.0504916666666666	9.891105651855469	100.0	73.5	18.404296875	11.727213541666666	250
932204867	0	108.24	35.82	108.29	133.0	1.330316742081448	0.0400166666666666	9.906150817871094	100.0	39.31818181818182	8.009765625	3.2222123579545454	250
481453754	1	109.51	39.7	111.85	133.0	1.334018775145284	0.0414472222222222	9.9080810546875	100.0	29.782608695652176	8.009765625	3.0597826086956523	250
605436607	2	124.26	47.28	131.39	130.0	1.3055788111728446	0.04765	9.904525756835938	100.0	77.44444444444444	18.462890625	11.602647569444445	250
862276537	0	106.12	32.1	102.15	135.0	1.353108174253549	0.0383944444444444	9.89874267578125	100.0	33.04761904761905	7.990234375	2.970703125	250
742696178	2	134.3	52.43	147.2	126.0	1.2685461956521742	0.0518694444444444	9.917163848876953	100.0	73.03333333333333	20.552734375	12.240885416666666	250
480091697	0	107.26	36.7	108.33	132.0	1.3289024277670085	0.0399888888888888	9.892845153808594	100.0	35.54545454545455	7.970703125	3.1810191761363638	250
23113594	1	105.11	39.07	105.87	136.0	1.3618588835364125	0.04005	9.899593353271484	100.0	31.63636363636364	8.009765625	3.080078125	250
644363922	1	114.03	33.7	110.27	133.0	1.3397116169402377	0.0410361111111111	9.918079376220703	100.0	35.0	8.029296875	2.8576766304347823	250
879800109	1	110.74	36.4	109.47	134.0	1.344112542249018	0.0408722222222222	9.869922637939453	100.0	35.04545454545455	7.970703125	3.143821022727273	250
476727767	0	106.4	36.66	106.52	134.0	1.3430341719864811	0.0397388888888888	9.89474868774414	100.0	31.5	7.990234375	3.0783025568181817	250
163398153	2	135.12	56.95	157.62	121.0	1.2185636340565915	0.0533527777777777	9.904163360595703	100.0	84.09375	18.384765625	12.20562744140625	250
678718624	1	112.29	33.27	107.45	135.0	1.3546765937645415	0.0404333333333333	9.906558990478516	100.0	36.22727272727273	8.009765625	3.056729403409091	250
228607133	1	108.82	34.86	107.58	133.0	1.3355642312697529	0.0399111111111111	9.90786361694336	100.0	36.22727272727273	8.009765625	3.0611683238636362	250
478618057	1	112.82	38.11	110.0	137.0	1.3720909090909092	0.041925	9.877086639404297	100.0	39.04545454545455	8.009765625	3.205965909090909	250
34104829	2	132.14	55.95	152.61	123.0	1.2324880414127513	0.0522472222222222	9.90560531616211	100.0	83.25806451612904	18.462890625	12.163810483870968	250
583849043	2	133.85	57.58	153.2	124.0	1.249543080939948	0.053175	9.894554138183594	100.0	80.48387096774194	20.513671875	11.956086189516128	250
85784643	1	110.78	44.43	108.97	142.0	1.4243369734789393	0.0431138888888888	9.882476806640625	100.0	35.68181818181818	8.009765625	3.056729403409091	250
645934848	1	112.23	32.88	106.84	135.0	1.35819917633845	0.0403083333333333	9.89858627319336	100.0	35.72727272727273	7.990234375	3.0640092329545454	250
771067718	1	112.69	34.56	108.7	135.0	1.3546458141674331	0.0409027777777777	9.901256561279297	100.0	37.5	8.009765625	3.17578125	250
909988547	2	130.52	50.66	141.62	127.0	1.279339076401638	0.0503277777777777	9.908897399902344	100.0	77.72413793103448	20.591796875	11.559940732758621	250
413732528	2	121.39	42.51	131.26	124.0	1.248666768246229	0.0455277777777777	9.90566635131836	100.0	80.88888888888889	18.443359375	11.544053819444445	250
269091714	1	109.87	37.18	109.29	134.0	1.3455027907402326	0.0408472222222222	9.907283782958984	100.0	36.04545454545455	8.009765625	3.196200284090909	250
707177822	0	110.12	35.47	105.64	137.0	1.378171147292692	0.0404416666666666	9.882213592529297	100.0	34.68181818181818	7.990234375	3.3253728693181817	250
475810100	1	111.71	37.13	109.93	135.0	1.353952515236969	0.0413444444444444	9.90218734741211	100.0	33.54545454545455	7.990234375	3.200639204545454	250
730610640	0	109.98	36.18	108.78	134.0	1.3436293436293436	0.0406	9.90188217163086	100.0	31.818181818181817	8.009765625	3.09765625	250
804082805	2	143.78	65.79	165.2	126.0	1.268583535108959	0.0582138888888888	9.882133483886719	100.0	81.61764705882354	18.345703125	11.630916819852942	250
55712385	0	109.62	37.79	104.84	140.0	1.4060473101869515	0.0409472222222222	9.904556274414062	100.0	33.142857142857146	8.009765625	2.972749255952381	250
730752338	2	121.19	44.19	128.86	128.0	1.2834083501474467	0.0459388888888888	9.908000946044922	100.0	78.6923076923077	18.384765625	11.371243990384615	250
530501722	2	122.34	47.45	134.83	125.0	1.259289475635986	0.0471638888888888	9.891742706298828	100.0	73.22222222222223	18.462890625	11.761646412037035	250
869219610	2	128.9	51.59	144.05	125.0	1.2529677195418256	0.0501361111111111	9.91064453125	100.0	77.10344827586206	18.462890625	11.757745150862071	250
339642122	2	135.71	62.18	161.67000000000002	122.0	1.2240366178016948	0.0549694444444444	9.885196685791016	100.0	77.93939393939394	18.658203125	11.612186316287879	250
620779198	0	104.93	38.95	109.64	131.0	1.3122947829259397	0.0399666666666666	9.897499084472656	100.0	37.90909090909091	7.970703125	3.1845703125	250
911033033	2	134.58	52.04	146.07	127.0	1.2776066269596769	0.0518388888888888	9.881183624267578	100.0	74.83333333333333	20.494140625	12.294921875	250
452355066	1	110.34	33.55	103.87	138.0	1.3852893039376142	0.0399694444444444	9.909893035888672	100.0	33.333333333333336	8.009765625	3.3046875	250
559636538	0	104.83	34.11	104.35	133.0	1.3314805941542884	0.0385944444444444	9.885948181152344	100.0	31.476190476190474	8.009765625	3.245163690476191	250
602518943	2	134.54	56.0	154.09	123.0	1.2365500681419948	0.0529277777777777	9.902656555175781	100.0	83.61290322580645	20.572265625	12.454889112903226	250
406424302	0	107.71	45.7	114.18	134.0	1.3435803117884042	0.0426138888888888	9.879810333251953	100.0	32.34782608695652	8.009765625	2.943783967391304	250
82256758	1	107.82	34.36	107.98	131.0	1.316725319503612	0.0394944444444444	9.909881591796875	100.0	36.09090909090909	8.009765625	3.0611683238636362	250
666058199	0	108.26	36.95	105.38	137.0	1.3779654583412413	0.0403361111111111	9.9034423828125	100.0	35.04545454545455	8.009765625	3.5539772727272734	250
719498251	2	143.19	65.45	172.41	121.0	1.210138623049707	0.0579555555555555	9.883926391601562	100.0	88.57142857142857	18.443359375	12.707198660714285	250
844578985	1	109.8	34.44	108.79	132.0	1.325857155988602	0.0400666666666666	9.881656646728516	100.0	37.77272727272727	7.990234375	3.3064630681818183	250
867166048	1	108.66	34.29	109.15	130.0	1.3096655978011909	0.0397083333333333	9.900348663330078	100.0	40.09090909090909	7.990234375	3.200639204545454	250
320110719	0	112.63	37.69	112.27	133.0	1.3389151153469314	0.0417555555555555	9.902488708496094	100.0	30.0	8.009765625	2.946161684782609	250
844010772	0	105.2	35.25	102.47	137.0	1.3706450668488337	0.0390138888888888	9.882823944091797	100.0	42.523809523809526	7.990234375	3.3530505952380953	250
118336671	0	109.91	32.55	103.42	137.0	1.377489847224908	0.0395722222222222	9.893325805664062	100.0	33.42857142857143	8.009765625	3.161458333333333	250
495695047	2	131.6	50.11	145.02	125.0	1.2529995862639631	0.0504749999999999	9.884925842285156	100.0	79.43333333333334	20.748046875	11.863020833333334	250
185700291	0	108.03	33.19	105.57	133.0	1.3376906318082789	0.0392277777777777	9.908565521240234	100.0	31.681818181818183	8.009765625	3.080078125	250
396913821	2	137.67	63.18	167.78	119.0	1.1971033496245085	0.0557916666666666	9.910369873046875	100.0	78.26470588235294	18.423828125	13.134420955882353	250
30133327	1	107.75	36.81	106.63	135.0	1.3557160273844135	0.0401555555555555	9.909713745117188	100.0	31.0	8.009765625	3.062943892045454	250
616171128	0	110.06	35.24	107.46	135.0	1.3521310254978596	0.0403611111111111	9.901599884033203	100.0	35.72727272727273	8.009765625	3.0845170454545454	250
106549519	2	129.7	48.91	141.53	126.0	1.2619939235497772	0.0496138888888888	9.888179779052734	100.0	78.44827586206897	18.404296875	11.674838362068964	250
234630208	1	111.45	35.72	110.49	133.0	1.331975744411259	0.0408805555555555	9.906982421875	100.0	30.43478260869565	8.009765625	3.233016304347826	250
329333415	0	107.22	34.87	105.31	134.0	1.3492545817111383	0.0394694444444444	9.900367736816406	100.0	31.40909090909091	7.990234375	3.1181640625	250
68587432	0	105.94	40.22	112.06	130.0	1.3043012671782972	0.0406	9.90109634399414	100.0	31.26086956521739	7.990234375	2.9627207880434776	250
521776911	2	128.52	50.47	140.85	127.0	1.2707845225417111	0.0497194444444444	9.89712142944336	100.0	75.24137931034483	18.365234375	11.542766702586206	250
860252322	1	106.25	33.78	105.7	132.0	1.324787133396405	0.0388972222222222	9.905315399169922	100.0	32.95454545454545	8.009765625	3.308682528409091	250
851689669	1	106.09	38.16	106.79	135.0	1.3507819084183914	0.0400694444444444	9.917694091796875	100.0	36.27272727272727	8.029296875	3.0962357954545454	250
433118444	2	120.25	48.47	132.52	127.0	1.2731663145185632	0.0468666666666666	9.915386199951172	100.0	77.4074074074074	20.533203125	11.262080439814815	250
778969369	2	130.48	55.64	150.57	123.0	1.2361028093245667	0.0517	9.876914978027344	100.0	83.61290322580645	18.40234375	12.27734375	250
434705002	1	109.25	36.15	109.93	132.0	1.3226598744655689	0.0403888888888888	9.880374908447266	100.0	36.04545454545455	8.009765625	3.2033025568181817	250
39183495	2	128.25	50.09	140.7	126.0	1.2675195451314856	0.0495388888888888	9.906143188476562	100.0	75.65517241379311	18.443359375	11.465719288793103	250
954076577	0	107.09	38.14	108.25	134.0	1.3416166281755195	0.0403416666666666	9.903045654296875	100.0	36.13636363636363	7.990234375	3.0783025568181817	250
110807250	0	108.25	34.56	105.95	134.0	1.3478999528079283	0.0396694444444444	9.890213012695312	100.0	31.318181818181817	8.009765625	3.08203125	250
706362185	1	110.67	36.15	106.2	138.0	1.3824858757062146	0.0407833333333333	9.900436401367188	100.0	31.772727272727277	7.990234375	3.0613458806818183	250
840918177	1	110.66	35.44	110.07	132.0	1.3273371490869448	0.0405833333333333	9.906314849853516	100.0	35.30434782608695	7.990234375	3.052904211956522	250
510066456	0	110.8	35.72	108.01	135.0	1.3565410610128692	0.0406999999999999	9.902950286865234	100.0	40.59090909090909	8.009765625	3.215110085227273	250
398501727	0	104.64	39.21	109.94	130.0	1.3084409678006186	0.0399583333333333	9.90573501586914	100.0	39.68181818181818	8.009765625	3.1964666193181817	250
174982440	0	111.16	37.45	110.73	134.0	1.3420933802944102	0.0412805555555555	9.910789489746094	100.0	30.43478260869565	8.009765625	3.0760869565217392	250
571632794	0	109.19	45.91	107.85	143.0	1.4381084840055631	0.0430833333333333	9.895225524902344	100.0	36.27272727272727	7.970703125	3.1899857954545454	250
598317472	1	109.63	35.08	106.69	135.0	1.356359546349236	0.0401972222222222	9.911216735839844	100.0	31.681818181818183	8.009765625	3.068270596590909	250
569302725	2	147.87	64.07	175.15	121.0	1.2100485298315728	0.0588722222222222	9.89846420288086	100.0	77.36111111111111	20.650390625	12.616048177083334	250
843952890	1	110.03	34.98	109.51	132.0	1.3241713085562965	0.0402805555555555	9.904075622558594	100.0	36.27272727272727	8.009765625	3.0703125	250
518242117	0	107.52	33.29	103.83	135.0	1.3561591062313398	0.0391138888888888	9.879776000976562	100.0	33.142857142857146	8.009765625	2.976469494047619	250
577075359	0	110.44	34.08	107.84	134.0	1.3401335311572695	0.0401444444444444	9.892932891845703	100.0	35.95454545454545	7.951171875	3.0081676136363638	250
881549524	0	108.32	33.25	107.08	132.0	1.3220956294359356	0.039325	9.896953582763672	100.0	31.681818181818183	7.990234375	3.0593927556818183	250
797715128	2	136.63	60.81	159.61	123.0	1.2370152246099868	0.0548444444444444	9.905464172363281	100.0	87.5	18.404296875	12.88507080078125	250
138991691	2	139.05	61.54	165.45	121.0	1.212390450287096	0.0557194444444444	9.879318237304688	100.0	90.1470588235294	18.3046875	13.122357536764707	250
143493819	2	130.55	49.44	142.25	126.0	1.2653075571177506	0.0499972222222222	9.893455505371094	100.0	76.58620689655173	20.572265625	11.751077586206897	250
314033317	2	134.22	63.45	160.9	122.0	1.2285270354257305	0.0549083333333333	9.883197784423828	100.0	84.42424242424242	18.384765625	12.580551609848484	250
520477284	1	109.52	35.06	109.79	131.0	1.3168776755624374	0.0401611111111111	9.906902313232422	100.0	31.545454545454547	8.009765625	2.973366477272727	250
359856494	1	107.56	34.0	107.24	132.0	1.3200298396120849	0.0393222222222222	9.912982940673828	100.0	36.18181818181818	8.009765625	3.0611683238636362	250
581966102	1	107.99	32.81	106.01	132.0	1.328176587114423	0.0391111111111111	9.901309967041016	100.0	31.681818181818183	7.990234375	3.0593927556818183	250
729924895	2	122.89	51.64	139.48	125.0	1.251290507599656	0.0484805555555555	9.895885467529297	100.0	80.92857142857143	18.404296875	11.59521484375	250
753442690	1	108.35	42.13	108.59	138.0	1.3857629615986735	0.0418	9.901901245117188	100.0	36.09090909090909	7.990234375	3.0595703125	250
92261022	1	111.33	33.41	106.01	136.0	1.3653428921799833	0.0402055555555555	9.904899597167969	100.0	33.77272727272727	8.009765625	3.308682528409091	250
426046672	2	137.82	62.85	164.52	121.0	1.2197301239970824	0.0557416666666666	9.893714904785156	100.0	82.21212121212122	18.306640625	13.047585227272727	250
711143523	0	107.62	33.12	103.53	135.0	1.3594127306094852	0.0390944444444444	9.904613494873047	100.0	33.42857142857143	8.009765625	3.2488839285714284	250
54996710	1	109.57	33.98	107.56	133.0	1.3346039419858682	0.0398749999999999	9.908817291259766	100.0	36.04545454545455	8.009765625	3.0611683238636362	250
996276687	0	110.08	34.51	108.71	133.0	1.3300524330788337	0.0401638888888888	9.911903381347656	100.0	34.54545454545455	8.009765625	3.205965909090909	250
35462012	0	101.59	38.13	107.73	129.0	1.2969460688758936	0.0388111111111111	9.89999771118164	100.0	39.81818181818182	7.990234375	3.2195490056818183	250
882249430	2	137.64	57.7	156.6	124.0	1.2473818646232435	0.0542611111111111	9.910640716552734	100.0	80.65625	18.384765625	12.05010986328125	250
500592846	1	105.9	35.61	107.71	131.0	1.3138055890817937	0.0393083333333333	9.903701782226562	100.0	31.818181818181817	7.970703125	3.298916903409091	250
753339391	2	140.98	67.87	169.87	122.0	1.2294695943957143	0.0580138888888888	9.903820037841797	100.0	77.79411764705883	18.365234375	12.155905330882353	250
